Outlet_ID,Brand,Outlet_Name,City,State,PIN_Code,Outlet_Format,Primary_Category,Opening_Date,Monthly_Orders,Monthly_Sales_INR,Avg_Order_Value_INR,Customer_Rating,Staff_Count,Delivery_Partners,Monthly_Rent_INR,Preferred_Payment,Service_Mode,Outlet_Status,Ownership_Type
OUT10001,Burger King,Burger King - Ahmedabad 15,Ahmedabad,Gujarat,380001.0,Drive-Thru,Tacos,2025-10-26,128.0,8553.45,66.82,4.2,21.0,28.0,89536.78,Wallet,Drive-thru,Open,Franchise
OUT10002,Mcdonald'S,McDonald's - Noida 7,Noida,Uttar Pradesh,201301.0,Standalone,Burger,2023-08-15,222.0,21236.15,95.66,3.5,30.0,18.0,34134.45,Cash,Dine-in,Closed,Company Owned
OUT10003,Burger King,Burger King - Nashik 5,Nashik,Maharashtra,400601.0,Food Court,Burger,2025-02-09,180.0,16618.02,92.32,4.0,21.0,20.0,68697.92,Cash,Drive-thru,Open,Company Owned
OUT10004,Burger King,Burger King - Vijayawada 28,Vijayawada,Andhra Pradesh,248001.0,Mall,Sandwich,2025-01-14,50.0,25811.81,516.24,4.3,22.0,33.0,97765.75,UPI,Drive-thru,Renovation,Company Owned
OUT10005,Starbucks,Starbucks - Shillong 37,Shillong,Meghalaya,737101.0,Standalone,Unknown,2024-06-13,183.0,9656.45,52.77,5.0,20.0,3.0,78847.29,Card,Dine-in,Open,Franchise
OUT10006,Dunkin',Dunkin' - Jammu 10,Jammu,Jammu And Kashmir,799001.0,Standalone,Fried Chicken,2025-05-29,167.0,24596.28,147.28,2.5,7.0,31.0,148638.26,Wallet,Takeaway,Renovation,Company Owned
OUT10007,Subway,Subway - Kolkata 26,Kolkata,West Bengal,700091.0,Standalone,Fried Chicken,2025-10-24,152.0,6255.66,41.16,3.8,13.0,19.0,185541.25,UPI,Delivery,Open,Company Owned
OUT10008,Starbucks,Starbucks - Kavaratti 13,Kavaratti,Lakshadweep,797001.0,Food Court,Coffee & Snacks,2025-09-29,138.0,8320.31,60.29,3.9,19.0,31.0,103488.03,Wallet,Drive-thru,Renovation,Franchise
OUT10009,Burger King,Burger King - Indore 29,Indore,Madhya Pradesh,403001.0,Drive-Thru,Pizza,2025-07-26,118.0,14478.01,122.7,4.6,18.0,13.0,119179.61,Wallet,Drive-thru,Open,Company Owned
OUT10010,Burger King,Burger King - Jaipur 27,Jaipur,Rajasthan,302001.0,High Street,Sandwich,2023-07-17,149.0,18482.17,124.04,4.1,4.0,7.0,74831.51,UPI,Drive-thru,Renovation,Franchise
OUT10011,Pizza Hut,Pizza Hut - Noida 40,Noida,Uttar Pradesh,226001.0,Mall,Donuts,2024-05-22,149.0,20023.87,134.39,4.8,21.0,19.0,49173.19,Cash,Dine-in,Open,Company Owned
OUT10012,Dunkin',Dunkin' - Kolkata 35,Kolkata,West Bengal,700001.0,High Street,Sandwich,2025-10-04,197.0,31545.94,160.13,3.5,22.0,10.0,96509.51,Cash,Delivery,Closed,Franchise
OUT10013,Dunkin',Dunkin' - Surat 25,Surat,Gujarat,395001.0,High Street,Tacos,2024-09-18,162.0,17783.47,109.77,3.7,29.0,14.0,55009.4,Wallet,Delivery,Open,Company Owned
OUT10014,Kfc,KFC - Patna 2,Patna,Bihar,797001.0,Mall,Tacos,2024-12-11,750.0,250000.0,597.59,2.2,19.0,22.0,107839.97,Cash,Drive-thru,Open,Franchise
OUT10015,Wendy'S,Wendy's - Jaipur 38,Jaipur,Rajasthan,302001.0,Drive-Thru,Fried Chicken,2023-12-16,195.0,11252.99,57.71,4.3,17.0,23.0,115027.37,Wallet,Dine-in,Open,Company Owned
OUT10016,Pizza Hut,Pizza Hut - Itanagar 35,Itanagar,Arunachal Pradesh,800001.0,Mall,Sandwich,2023-12-22,185.0,15666.15,84.68,4.2,28.0,14.0,97087.04,Wallet,Delivery,Open,Franchise
OUT10017,Starbucks,Starbucks - Daman 12,Daman,Dadra And Nagar Haveli And Daman And Diu,560001.0,Standalone,Pizza,2023-10-10,109.0,15050.82,138.08,4.4,17.0,28.0,71092.73,UPI,Drive-thru,Open,Franchise
OUT10018,Domino'S,Domino's - Nashik 32,Nashik,Maharashtra,422001.0,Standalone,Pizza,2024-06-23,172.0,19710.35,114.6,3.9,18.0,13.0,94010.8,Cash,Drive-thru,Closed,Franchise
OUT10019,Starbucks,Starbucks - Gangtok 14,Gangtok,Sikkim,403001.0,High Street,Burger,2024-07-14,167.0,19542.68,117.02,4.1,6.0,31.0,114226.45,Cash,Drive-thru,Renovation,Franchise
OUT10020,Burger King,Burger King - Vijayawada 36,Vijayawada,Andhra Pradesh,797001.0,Drive-Thru,Donuts,2023-11-18,141.0,20614.52,146.2,3.9,21.0,15.0,104548.39,UPI,Takeaway,Renovation,Franchise
OUT10021,Subway,Subway - Hyderabad 7,Hyderabad,Telangana,500001.0,Food Court,Burger,2024-07-03,144.0,24420.87,169.59,4.6,17.0,12.0,41480.4,UPI,Delivery,Open,Franchise
OUT10022,Mcdonald'S,McDonald's - Dehradun 18,Dehradun,Uttarakhand,796001.0,Drive-Thru,Donuts,2025-11-03,220.0,27945.57,127.03,3.6,6.0,20.0,174119.54,Cash,Dine-in,Open,Company Owned
OUT10023,Kfc,KFC - Patna 27,Patna,Bihar,795001.0,Mall,Burger,2025-04-23,162.0,22985.58,141.89,4.9,7.0,17.0,68217.46,UPI,Takeaway,Open,Franchise
OUT10024,Starbucks,Starbucks - New Delhi 30,New Delhi,Delhi,110017.0,Drive-Thru,Coffee & Snacks,2024-12-18,94.0,16583.63,176.42,4.1,24.0,4.0,103948.42,Wallet,Takeaway,Renovation,Franchise
OUT10025,Wendy'S,Wendy's - Lucknow 8,Lucknow,Uttar Pradesh,221001.0,Food Court,Donuts,2025-05-22,185.0,31782.01,171.79,3.6,20.0,18.0,47687.15,Wallet,Takeaway,Open,Franchise
OUT10026,Taco Bell,Taco Bell - Puducherry 22,Puducherry,Puducherry,793001.0,Food Court,Coffee & Snacks,2023-02-18,166.0,18833.83,113.46,4.0,28.0,9.0,42316.44,Cash,Drive-thru,Open,Franchise
OUT10027,Burger King,Burger King - Chennai 8,Chennai,Tamil Nadu,600001.0,High Street,Tacos,2024-02-09,183.0,23930.55,130.77,3.8,7.0,9.0,185191.49,UPI,Dine-in,Renovation,Company Owned
OUT10028,Subway,Subway - Lucknow 38,Lucknow,Uttar Pradesh,201301.0,High Street,Pizza,2023-02-28,90.0,26678.18,296.42,3.7,17.0,26.0,60096.72,Wallet,Dine-in,Closed,Franchise
OUT10029,Domino'S,Domino's - Port Blair 2,Port Blair,Andaman And Nicobar Islands,396210.0,Drive-Thru,Coffee & Snacks,2024-01-11,91.0,26751.99,293.98,3.7,21.0,27.0,73112.95,Cash,Dine-in,Open,Franchise
OUT10030,Subway,Subway - Vijayawada 17,Vijayawada,Andhra Pradesh,737101.0,Food Court,Fried Chicken,2025-09-07,129.0,22229.95,172.33,4.6,24.0,7.0,102572.29,Card,Delivery,Renovation,Company Owned
OUT10031,Starbucks,Starbucks - Nagpur 1,Nagpur,Maharashtra,400001.0,High Street,Sandwich,2024-10-12,214.0,29431.89,137.53,3.8,5.0,16.0,103100.44,Card,Drive-thru,Open,Franchise
OUT10032,Subway,Subway - Coimbatore 24,Coimbatore,Tamil Nadu,600001.0,Food Court,Sandwich,2024-12-04,197.0,25027.04,127.04,4.1,24.0,31.0,147413.01,Wallet,Takeaway,Open,Franchise
OUT10033,Taco Bell,Taco Bell - Varanasi 1,Varanasi,Uttar Pradesh,201301.0,Food Court,Donuts,2023-11-11,142.0,17983.9,126.65,4.2,30.0,35.0,87261.94,Wallet,Delivery,Open,Franchise
OUT10034,Burger King,Burger King - Mumbai 7,Mumbai,Maharashtra,411001.0,Mall,Tacos,2024-06-26,104.0,27865.69,267.94,4.1,10.0,21.0,127554.77,UPI,Drive-thru,Closed,Franchise
OUT10035,Mcdonald'S,McDonald's - Udaipur 25,Udaipur,Rajasthan,302001.0,Food Court,Tacos,2023-06-25,214.0,10744.51,50.21,4.4,12.0,21.0,77396.47,UPI,Dine-in,Open,Company Owned
OUT10036,Starbucks,Starbucks - Indore 9,Indore,Madhya Pradesh,797001.0,Standalone,Fried Chicken,2024-08-07,169.0,24614.7,145.65,3.7,27.0,2.0,60544.22,Wallet,Drive-thru,Open,Franchise
OUT10037,Starbucks,Starbucks - Leh 21,Leh,Ladakh,834001.0,Drive-Thru,Fried Chicken,2023-03-02,156.0,17648.72,113.13,3.8,9.0,3.0,106171.39,UPI,Delivery,Open,Franchise
OUT10038,Subway,Subway - Thane 10,Thane,Maharashtra,400601.0,Drive-Thru,Tacos,2024-03-18,148.0,23577.72,159.31,4.4,11.0,10.0,90498.25,UPI,Takeaway,Closed,Franchise
OUT10039,Mcdonald'S,McDonald's - Leh 40,Leh,Ladakh,795001.0,Food Court,Coffee & Snacks,2025-02-19,130.0,22240.15,171.08,4.2,7.0,24.0,100221.47,Wallet,Drive-thru,Open,Franchise
OUT10040,Wendy'S,Wendy's - Nashik 5,Nashik,Maharashtra,400001.0,Mall,Donuts,2024-12-07,228.0,31207.4,136.87,3.2,19.0,21.0,95729.67,Cash,Dine-in,Open,Company Owned
OUT10041,Starbucks,Starbucks - Kohima 32,Kohima,Nagaland,796001.0,Standalone,Pizza,2024-11-10,144.0,12565.61,87.26,3.2,9.0,14.0,17211.01,Wallet,Dine-in,Open,Company Owned
OUT10042,Dunkin',Dunkin' - Aizawl 10,Aizawl,Mizoram,682001.0,Standalone,Coffee & Snacks,2025-02-20,140.0,16198.97,115.71,4.2,22.0,10.0,82104.83,Wallet,Takeaway,Open,Franchise
OUT10043,Subway,Subway - Pune 10,Pune,Maharashtra,440001.0,Drive-Thru,Coffee & Snacks,2025-06-29,190.0,27767.13,146.14,3.6,12.0,16.0,72564.91,Cash,Dine-in,Renovation,Franchise
OUT10044,Subway,Subway - Bhopal 26,Bhopal,Madhya Pradesh,751001.0,Mall,Unknown,2025-07-27,217.0,12986.27,59.84,5.0,26.0,23.0,163096.44,Wallet,Takeaway,Open,Company Owned
OUT10045,Starbucks,Starbucks - New Delhi 28,New Delhi,Delhi,110001.0,Food Court,Coffee & Snacks,2025-11-24,135.0,20121.0,149.04,4.0,14.0,5.0,48198.21,Wallet,Dine-in,Open,Company Owned
OUT10046,Subway,Subway - Coimbatore 38,Coimbatore,Tamil Nadu,641001.0,Drive-Thru,Sandwich,2023-09-25,254.0,3445.02,13.56,4.0,30.0,32.0,78859.8,Wallet,Takeaway,Open,Franchise
OUT10047,Pizza Hut,Pizza Hut - Chandigarh 21,Chandigarh,Chandigarh,795001.0,Mall,Donuts,2023-09-05,251.0,19936.14,79.43,3.2,10.0,31.0,109640.1,Cash,Takeaway,Open,Franchise
OUT10048,Kfc,KFC - Chennai 22,Chennai,Tamil Nadu,600001.0,High Street,Sandwich,2023-07-15,167.0,28935.5,173.27,4.0,10.0,12.0,125738.45,Cash,Delivery,Renovation,Company Owned
OUT10049,Starbucks,Starbucks - Jammu 2,Jammu,Jammu And Kashmir,403001.0,Food Court,Sandwich,2023-09-30,205.0,14319.28,69.85,3.5,5.0,13.0,68265.88,Card,Drive-thru,Open,Company Owned
OUT10050,Burger King,Burger King - Nashik 32,Nashik,Maharashtra,440001.0,Food Court,Donuts,2025-09-09,204.0,25241.89,123.73,3.7,12.0,4.0,121646.52,Wallet,Dine-in,Open,Company Owned
OUT10051,Burger King,Burger King - Kavaratti 13,Kavaratti,Lakshadweep,248001.0,Food Court,Pizza,2024-06-03,215.0,16836.99,78.31,4.7,20.0,27.0,76389.63,Cash,Dine-in,Renovation,Franchise
OUT10052,Mcdonald'S,McDonald's - Aizawl 20,Aizawl,Mizoram,396210.0,Standalone,Tacos,2025-11-08,132.0,18092.36,137.06,4.2,6.0,34.0,18187.73,Cash,Drive-thru,Open,Company Owned
OUT10053,Domino'S,Domino's - Thane 12,Thane,Maharashtra,400601.0,Food Court,Donuts,2023-06-09,97.0,1458.19,15.03,4.4,20.0,35.0,134310.98,Wallet,Delivery,Renovation,Franchise
OUT10054,Wendy'S,Wendy's - Vijayawada 28,Vijayawada,Andhra Pradesh,682001.0,Drive-Thru,Donuts,2024-05-08,222.0,4284.38,19.3,4.0,20.0,10.0,48546.28,Card,Takeaway,Closed,Franchise
OUT10055,Burger King,Burger King - Coimbatore 35,Coimbatore,Tamil Nadu,641001.0,Drive-Thru,Coffee & Snacks,2025-01-14,82.0,14697.83,179.24,3.3,21.0,14.0,161571.87,Card,Dine-in,Open,Franchise
OUT10056,Dunkin',Dunkin' - Kavaratti 18,Kavaratti,Lakshadweep,800001.0,Food Court,Donuts,2023-05-06,75.0,11535.33,153.8,3.9,9.0,10.0,91593.63,Cash,Takeaway,Open,Company Owned
OUT10057,Domino'S,Domino's - Faridabad 10,Faridabad,Haryana,834001.0,Standalone,Coffee & Snacks,2023-04-20,150.0,9989.76,66.6,4.1,23.0,33.0,99191.4,UPI,Takeaway,Open,Company Owned
OUT10058,Mcdonald'S,McDonald's - Chennai 10,Chennai,Tamil Nadu,641001.0,Food Court,Fried Chicken,2025-08-11,184.0,17585.83,95.58,4.5,26.0,34.0,39293.29,UPI,Drive-thru,Open,Franchise
OUT10059,Burger King,Burger King - Panaji 2,Panaji,Goa,796001.0,High Street,Tacos,2024-06-10,214.0,25312.27,118.28,4.2,10.0,7.0,105965.4,Wallet,Drive-thru,Open,Franchise
OUT10060,Pizza Hut,Pizza Hut - Kochi 24,Kochi,Kerala,682001.0,High Street,Tacos,2025-10-09,198.0,25316.11,127.86,3.4,17.0,29.0,128504.05,Wallet,Takeaway,Open,Company Owned
OUT10061,Wendy'S,Wendy's - Varanasi 14,Varanasi,Uttar Pradesh,226001.0,High Street,Burger,2025-09-13,160.0,27676.02,172.98,4.2,28.0,7.0,55322.67,Cash,Dine-in,Open,Franchise
OUT10062,Taco Bell,Taco Bell - Bengaluru 2,Bengaluru,Karnataka,570001.0,Drive-Thru,Fried Chicken,2024-01-23,95.0,22179.43,233.47,4.6,24.0,19.0,37611.45,Cash,Takeaway,Closed,Franchise
OUT10063,Starbucks,Starbucks - Ludhiana 23,Ludhiana,Punjab,141001.0,Standalone,Fried Chicken,2025-07-31,132.0,26891.04,203.72,3.8,7.0,11.0,152247.02,Card,Takeaway,Closed,Company Owned
OUT10064,Dunkin',Dunkin' - Lucknow 36,Lucknow,Uttar Pradesh,221001.0,Food Court,Donuts,2023-04-09,183.0,28100.84,153.56,3.6,12.0,7.0,153804.61,Wallet,Drive-thru,Open,Franchise
OUT10065,Subway,Subway - Bhopal 38,Bhopal,Madhya Pradesh,492001.0,Mall,Burger,2023-03-18,188.0,21979.19,116.91,4.4,20.0,30.0,101225.03,UPI,Drive-thru,Renovation,Company Owned
OUT10066,Wendy'S,Wendy's - Noida 21,Noida,Uttar Pradesh,226001.0,High Street,Burger,2023-02-14,220.0,18626.94,84.67,3.9,7.0,27.0,85487.69,UPI,Dine-in,Renovation,Company Owned
OUT10067,Kfc,KFC - Vijayawada 8,Vijayawada,Andhra Pradesh,560001.0,Food Court,Coffee & Snacks,2023-05-26,164.0,19954.49,121.67,3.0,8.0,21.0,130613.82,Wallet,Dine-in,Open,Company Owned
OUT10068,Pizza Hut,Pizza Hut - Srinagar 33,Srinagar,Jammu And Kashmir,462001.0,Food Court,Sandwich,2025-03-30,105.0,15745.52,149.96,3.8,5.0,33.0,118674.08,Card,Dine-in,Closed,Franchise
OUT10069,Mcdonald'S,McDonald's - Port Blair 25,Port Blair,Andaman And Nicobar Islands,682553.0,Standalone,Tacos,2025-09-02,46.0,8895.69,193.38,5.0,4.0,33.0,137843.58,Card,Drive-thru,Open,Company Owned
OUT10070,Domino'S,Domino's - Daman 34,Daman,Dadra And Nagar Haveli And Daman And Diu,462001.0,Food Court,Pizza,2024-08-26,238.0,17298.2,72.68,4.7,28.0,29.0,84179.0,UPI,Takeaway,Renovation,Franchise
OUT10071,Mcdonald'S,McDonald's - Gangtok 38,Gangtok,Sikkim,682001.0,Mall,Tacos,2025-01-24,129.0,5620.53,43.57,4.0,9.0,31.0,81821.39,Wallet,Delivery,Open,Company Owned
OUT10072,Kfc,KFC - Shillong 4,Shillong,Meghalaya,682001.0,Food Court,Donuts,2024-05-15,40.0,12032.53,300.81,3.9,29.0,12.0,50777.95,Cash,Takeaway,Open,Company Owned
OUT10073,Kfc,KFC - Faridabad 8,Faridabad,Haryana,396210.0,Standalone,Tacos,2024-03-23,189.0,16801.78,88.9,4.2,25.0,4.0,132716.75,Cash,Drive-thru,Renovation,Franchise
OUT10074,Wendy'S,Wendy's - Ranchi 6,Ranchi,Jharkhand,793001.0,High Street,Coffee & Snacks,2023-04-07,170.0,8969.06,52.76,4.4,6.0,19.0,70796.24,Card,Delivery,Open,Franchise
OUT10075,Subway,Subway - Ludhiana 36,Ludhiana,Punjab,143001.0,Drive-Thru,Tacos,2023-05-27,68.0,17655.9,259.65,4.3,21.0,17.0,105259.13,Wallet,Delivery,Renovation,Company Owned
OUT10076,Starbucks,Starbucks - Mysuru 6,Mysuru,Karnataka,570001.0,High Street,Burger,2025-03-15,70.0,19399.97,277.14,4.6,4.0,28.0,67596.88,Wallet,Delivery,Closed,Franchise
OUT10077,Pizza Hut,Pizza Hut - Faridabad 13,Faridabad,Haryana,396210.0,Drive-Thru,Donuts,2023-12-04,152.0,19786.75,130.18,4.1,14.0,27.0,130594.59,Cash,Dine-in,Closed,Franchise
OUT10078,Burger King,Burger King - Vijayawada 37,Vijayawada,Andhra Pradesh,171001.0,Drive-Thru,Donuts,2023-06-02,158.0,9583.74,60.66,3.4,11.0,32.0,99534.79,Card,Takeaway,Open,Company Owned
OUT10079,Mcdonald'S,McDonald's - Coimbatore 25,Coimbatore,Tamil Nadu,600001.0,Mall,Coffee & Snacks,2023-10-12,51.0,19308.23,378.59,4.1,19.0,28.0,108791.24,Cash,Takeaway,Open,Franchise
OUT10080,Subway,Subway - Dehradun 25,Dehradun,Uttarakhand,403001.0,High Street,Pizza,2024-05-02,131.0,19826.48,151.35,3.6,23.0,13.0,63752.63,Cash,Delivery,Open,Company Owned
OUT10081,Domino'S,Domino's - Puducherry 7,Puducherry,Puducherry,682553.0,High Street,Coffee & Snacks,2025-07-27,199.0,14964.56,75.2,4.2,19.0,12.0,130757.97,Wallet,Delivery,Open,Franchise
OUT10082,Dunkin',Dunkin' - Visakhapatnam 10,Visakhapatnam,Andhra Pradesh,793001.0,Standalone,Pizza,2025-12-16,234.0,30260.2,129.32,3.7,4.0,30.0,37570.35,Cash,Dine-in,Closed,Franchise
OUT10083,Dunkin',Dunkin' - Bhubaneswar 15,Bhubaneswar,Odisha,403001.0,Food Court,Sandwich,2023-09-06,136.0,15671.24,115.23,4.0,29.0,6.0,81581.65,Wallet,Takeaway,Closed,Company Owned
OUT10084,Subway,Subway - Leh 40,Leh,Ladakh,248001.0,Standalone,Sandwich,2024-05-28,144.0,5322.81,36.96,4.2,13.0,22.0,157376.52,Card,Delivery,Renovation,Franchise
OUT10085,Pizza Hut,Pizza Hut - Bengaluru 15,Bengaluru,Karnataka,570001.0,Food Court,Fried Chicken,2024-08-26,241.0,23774.9,98.65,4.4,29.0,8.0,63627.77,Card,Drive-thru,Open,Company Owned
OUT10086,Starbucks,Starbucks - Dehradun 40,Dehradun,Uttarakhand,682001.0,Drive-Thru,Pizza,2025-03-19,128.0,36089.24,281.95,4.2,21.0,26.0,136762.89,Cash,Takeaway,Closed,Franchise
OUT10087,Starbucks,Starbucks - Shimla 40,Shimla,Himachal Pradesh,800001.0,High Street,Pizza,2024-09-10,156.0,23584.32,151.18,4.5,9.0,29.0,114650.33,Card,Drive-thru,Closed,Company Owned
OUT10088,Kfc,KFC - New Delhi 3,New Delhi,Delhi,110025.0,Drive-Thru,Tacos,2024-09-20,98.0,17496.44,178.54,5.0,14.0,21.0,90498.25,Wallet,Dine-in,Renovation,Company Owned
OUT10089,Dunkin',Dunkin' - Kavaratti 23,Kavaratti,Lakshadweep,797001.0,Standalone,Tacos,2025-11-02,1500.0,250000.0,86.39,3.3,11.0,2.0,62199.33,Wallet,Drive-thru,Closed,Company Owned
OUT10090,Pizza Hut,Pizza Hut - Kavaratti 2,Kavaratti,Lakshadweep,797001.0,Mall,Fried Chicken,2025-02-12,75.0,5376.31,71.68,3.8,10.0,13.0,64450.94,Wallet,Drive-thru,Closed,Franchise
OUT10091,Starbucks,Starbucks - Kohima 2,Kohima,Nagaland,797001.0,Drive-Thru,Burger,2024-01-24,80.0,13148.08,164.35,3.7,7.0,9.0,108169.53,Card,Drive-thru,Open,Company Owned
OUT10092,Burger King,Burger King - Lucknow 7,Lucknow,Uttar Pradesh,221001.0,Standalone,Fried Chicken,2025-11-22,177.0,20094.62,113.53,4.6,14.0,21.0,93072.07,UPI,Delivery,Open,Company Owned
OUT10093,Domino'S,Domino's - Kolkata 7,Kolkata,West Bengal,700091.0,Mall,Donuts,2025-08-01,163.0,11506.83,70.59,3.6,30.0,14.0,88203.52,Wallet,Takeaway,Renovation,Franchise
OUT10094,Mcdonald'S,McDonald's - Ahmedabad 10,Ahmedabad,Gujarat,380001.0,Standalone,Sandwich,2024-12-10,130.0,32480.79,249.85,4.3,7.0,29.0,114726.44,Card,Delivery,Open,Company Owned
OUT10095,Mcdonald'S,McDonald's - Kohima 4,Kohima,Nagaland,799001.0,Standalone,Sandwich,2025-06-23,143.0,22135.1,154.79,4.9,15.0,8.0,66895.7,UPI,Drive-thru,Open,Company Owned
OUT10096,Mcdonald'S,McDonald's - Varanasi 35,Varanasi,Uttar Pradesh,221001.0,Drive-Thru,Fried Chicken,2024-06-07,213.0,8013.76,37.62,4.3,17.0,8.0,126337.9,Cash,Dine-in,Open,Franchise
OUT10097,Dunkin',Dunkin' - Lucknow 28,Lucknow,Uttar Pradesh,201301.0,Mall,Coffee & Snacks,2024-09-21,201.0,26275.8,130.73,3.2,11.0,25.0,78819.38,UPI,Drive-thru,Open,Company Owned
OUT10098,Taco Bell,Taco Bell - Pune 39,Pune,Maharashtra,411001.0,Drive-Thru,Fried Chicken,2024-09-28,232.0,27197.89,117.23,3.7,20.0,28.0,65035.03,Cash,Delivery,Renovation,Company Owned
OUT10099,Wendy'S,Wendy's - Gangtok 17,Gangtok,Sikkim,737101.0,High Street,Coffee & Snacks,2024-08-17,174.0,18309.96,105.23,3.9,28.0,30.0,65295.41,Card,Takeaway,Renovation,Company Owned
OUT10100,Subway,Subway - Thiruvananthapuram 1,Thiruvananthapuram,Kerala,462001.0,High Street,Tacos,2023-08-14,165.0,25464.33,154.33,4.0,23.0,23.0,115452.91,Cash,Delivery,Open,Company Owned
OUT10101,Taco Bell,Taco Bell - Dehradun 7,Dehradun,Uttarakhand,751001.0,Food Court,Donuts,2025-08-03,151.0,39243.67,259.89,4.4,30.0,29.0,139473.42,Wallet,Takeaway,Renovation,Company Owned
OUT10102,Kfc,KFC - Nashik 23,Nashik,Maharashtra,422001.0,Food Court,Donuts,2024-12-30,68.0,14256.41,209.65,3.9,19.0,2.0,61962.04,Cash,Drive-thru,Closed,Franchise
OUT10103,Kfc,KFC - Lucknow 35,Lucknow,Uttar Pradesh,221001.0,Mall,Burger,2024-08-25,43.0,16382.69,380.99,4.9,28.0,23.0,106312.61,Wallet,Takeaway,Closed,Company Owned
OUT10104,Subway,Subway - Jammu 14,Jammu,Jammu And Kashmir,682001.0,Mall,Burger,2023-01-05,177.0,26723.68,150.98,3.9,11.0,13.0,131155.26,UPI,Takeaway,Renovation,Company Owned
OUT10105,Dunkin',Dunkin' - Panaji 19,Panaji,Goa,800001.0,High Street,Burger,2025-11-23,155.0,24220.1,156.26,3.5,17.0,16.0,92885.44,UPI,Delivery,Open,Franchise
OUT10106,Taco Bell,Taco Bell - Agartala 29,Agartala,Tripura,171001.0,Drive-Thru,Coffee & Snacks,2023-03-17,170.0,13557.24,79.75,3.4,4.0,20.0,33741.8,Wallet,Takeaway,Renovation,Company Owned
OUT10107,Kfc,KFC - Ranchi 10,Ranchi,Jharkhand,793001.0,Food Court,Coffee & Snacks,2025-04-29,171.0,20791.55,121.59,4.5,21.0,12.0,110126.82,Wallet,Delivery,Open,Company Owned
OUT10108,Taco Bell,Taco Bell - Hyderabad 10,Hyderabad,Telangana,500032.0,Mall,Pizza,2025-09-05,248.0,21454.36,86.51,4.5,28.0,8.0,102904.21,Card,Drive-thru,Open,Company Owned
OUT10109,Wendy'S,Wendy's - Puducherry 14,Puducherry,Puducherry,171001.0,Food Court,Fried Chicken,2025-12-08,157.0,15646.37,99.66,4.4,28.0,20.0,92953.42,UPI,Delivery,Open,Company Owned
OUT10110,Mcdonald'S,McDonald's - Imphal 5,Imphal,Manipur,751001.0,Mall,Pizza,2025-01-06,99.0,20372.42,205.78,3.4,22.0,7.0,97070.05,Cash,Dine-in,Open,Company Owned
OUT10111,Mcdonald'S,McDonald's - Thiruvananthapuram 36,Thiruvananthapuram,Kerala,396210.0,Mall,Donuts,2024-09-13,205.0,24515.39,119.59,3.3,21.0,6.0,38775.83,Card,Drive-thru,Renovation,Company Owned
OUT10112,Domino'S,Domino's - Daman 13,Daman,Dadra And Nagar Haveli And Daman And Diu,171001.0,Drive-Thru,Pizza,2023-12-16,29.0,16289.91,561.72,4.0,25.0,9.0,25878.28,Wallet,Takeaway,Renovation,Company Owned
OUT10113,Pizza Hut,Pizza Hut - Thane 24,Thane,Maharashtra,411001.0,Standalone,Burger,2024-01-20,117.0,5708.14,48.79,3.6,24.0,10.0,130343.31,Cash,Delivery,Renovation,Company Owned
OUT10114,Subway,Subway - Mysuru 20,Mysuru,Karnataka,560001.0,High Street,Pizza,2025-08-28,156.0,31010.73,198.79,4.4,18.0,27.0,73940.0,UPI,Dine-in,Open,Franchise
OUT10115,Taco Bell,Taco Bell - Thiruvananthapuram 21,Thiruvananthapuram,Kerala,799001.0,Food Court,Pizza,2023-05-28,228.0,25627.79,112.4,3.0,8.0,5.0,77644.23,UPI,Takeaway,Closed,Franchise
OUT10116,Pizza Hut,Pizza Hut - Ranchi 21,Ranchi,Jharkhand,781001.0,High Street,Burger,2023-01-24,112.0,17345.54,154.87,4.2,24.0,22.0,129323.11,UPI,Takeaway,Closed,Company Owned
OUT10117,Burger King,Burger King - New Delhi 23,New Delhi,Delhi,110001.0,Drive-Thru,Coffee & Snacks,2024-03-24,163.0,16787.38,102.99,4.5,19.0,33.0,79730.87,Wallet,Delivery,Open,Company Owned
OUT10118,Starbucks,Starbucks - Ranchi 34,Ranchi,Jharkhand,396210.0,Food Court,Donuts,2024-06-04,181.0,17448.42,96.4,4.7,16.0,7.0,92993.9,UPI,Drive-thru,Closed,Franchise
OUT10119,Dunkin',Dunkin' - Dehradun 10,Dehradun,Uttarakhand,799001.0,Standalone,Sandwich,2023-03-22,122.0,9525.81,78.08,4.1,7.0,24.0,72795.59,UPI,Takeaway,Open,Franchise
OUT10120,Pizza Hut,Pizza Hut - Kohima 14,Kohima,Nagaland,795001.0,Standalone,Coffee & Snacks,2024-03-01,217.0,23732.45,109.37,4.1,4.0,9.0,79130.36,UPI,Drive-thru,Open,Franchise
OUT10121,Domino'S,Domino's - Shillong 12,Shillong,Meghalaya,793001.0,Food Court,Donuts,2024-02-12,180.0,11651.01,64.73,2.9,17.0,20.0,46066.23,Wallet,Drive-thru,Renovation,Company Owned
OUT10122,Mcdonald'S,McDonald's - Ranchi 24,Ranchi,Jharkhand,751001.0,High Street,Tacos,2025-03-23,154.0,34918.58,226.74,4.6,21.0,33.0,95460.84,Cash,Takeaway,Open,Company Owned
OUT10123,Mcdonald'S,McDonald's - Coimbatore 12,Coimbatore,Tamil Nadu,641001.0,Mall,Sandwich,2024-02-03,135.0,16853.46,124.84,4.0,9.0,16.0,82809.3,Card,Takeaway,Renovation,Company Owned
OUT10124,Wendy'S,Wendy's - Amritsar 19,Amritsar,Punjab,141001.0,Mall,Coffee & Snacks,2023-03-29,219.0,6501.11,29.69,4.6,5.0,19.0,76145.25,Wallet,Takeaway,Open,Company Owned
OUT10125,Starbucks,Starbucks - Gangtok 27,Gangtok,Sikkim,796001.0,Mall,Burger,2025-06-02,89.0,14233.81,159.93,3.9,26.0,19.0,136729.82,UPI,Delivery,Renovation,Franchise
OUT10126,Burger King,Burger King - Kochi 17,Kochi,Kerala,462001.0,Drive-Thru,Coffee & Snacks,2024-10-12,114.0,30261.44,265.45,3.7,12.0,2.0,140554.02,Cash,Dine-in,Renovation,Company Owned
OUT10127,Wendy'S,Wendy's - Port Blair 34,Port Blair,Andaman And Nicobar Islands,248001.0,Mall,Donuts,2024-07-24,135.0,36122.4,267.57,4.5,21.0,10.0,81599.97,Cash,Takeaway,Closed,Franchise
OUT10128,Taco Bell,Taco Bell - Shimla 26,Shimla,Himachal Pradesh,797001.0,Drive-Thru,Coffee & Snacks,2023-07-10,237.0,20274.53,85.55,3.4,4.0,2.0,79606.88,UPI,Delivery,Open,Franchise
OUT10129,Burger King,Burger King - Varanasi 2,Varanasi,Uttar Pradesh,226001.0,Standalone,Burger,2023-09-26,81.0,9660.7,119.27,4.5,28.0,3.0,99028.27,UPI,Drive-thru,Open,Franchise
OUT10130,Dunkin',Dunkin' - Chandigarh 13,Chandigarh,Chandigarh,799001.0,High Street,Burger,2023-11-16,110.0,22634.01,205.76,3.6,15.0,30.0,99737.46,Unknown,Dine-in,Open,Company Owned
OUT10131,Starbucks,Starbucks - Gangtok 34,Gangtok,Sikkim,248001.0,Mall,Sandwich,2025-09-04,163.0,25907.49,158.94,2.6,26.0,27.0,107390.53,UPI,Delivery,Open,Company Owned
OUT10132,Burger King,Burger King - Kochi 1,Kochi,Kerala,492001.0,High Street,Burger,2023-06-21,221.0,29177.44,132.02,4.5,11.0,34.0,90611.98,Card,Delivery,Open,Company Owned
OUT10133,Pizza Hut,Pizza Hut - Visakhapatnam 20,Visakhapatnam,Andhra Pradesh,781001.0,High Street,Sandwich,2023-01-08,145.0,4205.98,29.01,3.6,10.0,30.0,78226.0,UPI,Drive-thru,Closed,Franchise
OUT10134,Burger King,Burger King - Nagpur 16,Nagpur,Maharashtra,400601.0,Mall,Burger,2024-01-01,78.0,5498.12,70.49,3.6,8.0,28.0,32899.98,Wallet,Delivery,Renovation,Franchise
OUT10135,Domino'S,Domino's - Daman 2,Daman,Dadra And Nagar Haveli And Daman And Diu,799001.0,Food Court,Donuts,2025-07-09,142.0,6969.13,49.08,4.1,19.0,13.0,65038.26,Card,Dine-in,Renovation,Franchise
OUT10136,Pizza Hut,Pizza Hut - Puducherry 4,Puducherry,Puducherry,799001.0,High Street,Sandwich,2024-02-07,104.0,16995.18,163.42,4.0,25.0,8.0,97044.48,Wallet,Delivery,Open,Franchise
OUT10137,Dunkin',Dunkin' - Surat 32,Surat,Gujarat,395001.0,Mall,Coffee & Snacks,2023-08-06,138.0,17530.92,127.04,3.7,16.0,32.0,63230.45,Cash,Takeaway,Open,Company Owned
OUT10138,Taco Bell,Taco Bell - Guwahati 22,Guwahati,Assam,462001.0,Mall,Sandwich,2025-03-20,166.0,15638.21,94.21,2.7,19.0,28.0,78988.93,Card,Takeaway,Renovation,Company Owned
OUT10139,Subway,Subway - Ranchi 18,Ranchi,Jharkhand,171001.0,Mall,Sandwich,2023-07-06,131.0,25247.02,192.73,4.8,25.0,12.0,177005.09,Wallet,Takeaway,Open,Company Owned
OUT10140,Domino'S,Domino's - Shillong 37,Shillong,Meghalaya,834001.0,Mall,Coffee & Snacks,2025-11-24,120.0,24669.79,205.58,4.4,23.0,13.0,26505.0,UPI,Dine-in,Open,Franchise
OUT10141,Domino'S,Domino's - Varanasi 19,Varanasi,Uttar Pradesh,221001.0,High Street,Sandwich,2023-02-25,49.0,3247.22,66.27,4.0,9.0,35.0,66259.33,Card,Drive-thru,Open,Company Owned
OUT10142,Taco Bell,Taco Bell - Itanagar 35,Itanagar,Arunachal Pradesh,403001.0,Drive-Thru,Tacos,2023-05-04,214.0,15819.95,73.92,4.8,25.0,30.0,111781.13,UPI,Takeaway,Open,Company Owned
OUT10143,Wendy'S,Wendy's - Ahmedabad 15,Ahmedabad,Gujarat,380001.0,High Street,Coffee & Snacks,2023-04-22,257.0,1745.44,6.79,4.5,24.0,11.0,76561.8,Cash,Dine-in,Closed,Company Owned
OUT10144,Taco Bell,Taco Bell - Puducherry 34,Puducherry,Puducherry,799001.0,High Street,Sandwich,2024-02-03,167.0,23591.67,141.27,4.0,16.0,4.0,52612.64,Card,Delivery,Renovation,Company Owned
OUT10145,Mcdonald'S,McDonald's - Varanasi 13,Varanasi,Uttar Pradesh,226001.0,Drive-Thru,Pizza,2023-12-25,225.0,22570.29,100.31,4.6,16.0,5.0,142005.07,Wallet,Delivery,Open,Franchise
OUT10146,Pizza Hut,Pizza Hut - Surat 39,Surat,Gujarat,395001.0,Food Court,Fried Chicken,2025-04-08,286.0,21842.18,76.37,3.6,12.0,16.0,99021.85,Card,Drive-thru,Open,Company Owned
OUT10147,Burger King,Burger King - Pune 13,Pune,Maharashtra,400001.0,Food Court,Burger,2023-03-11,210.0,15652.92,74.54,3.6,5.0,5.0,18963.01,Wallet,Dine-in,Closed,Franchise
OUT10148,Wendy'S,Wendy's - Leh 11,Leh,Ladakh,403001.0,Food Court,Fried Chicken,2023-05-29,161.0,18532.98,115.11,3.8,11.0,25.0,90498.25,UPI,Drive-thru,Open,Company Owned
OUT10149,Dunkin',Dunkin' - Itanagar 2,Itanagar,Arunachal Pradesh,396210.0,Mall,Pizza,2025-04-12,154.0,23321.61,151.44,5.0,12.0,15.0,131456.14,UPI,Drive-thru,Open,Franchise
OUT10150,Kfc,KFC - Ranchi 23,Ranchi,Jharkhand,834001.0,Mall,Fried Chicken,2023-10-24,159.0,19876.02,125.01,3.8,7.0,24.0,96171.73,Card,Delivery,Open,Franchise
OUT10151,Subway,Subway - Raipur 39,Raipur,Chhattisgarh,171001.0,Food Court,Donuts,2025-12-25,102.0,19783.79,193.96,3.0,7.0,34.0,127436.31,Card,Takeaway,Open,Franchise
OUT10152,Domino'S,Domino's - Gangtok 26,Gangtok,Sikkim,744101.0,Mall,Donuts,2024-03-14,242.0,14266.68,58.95,3.4,11.0,25.0,50723.42,Card,Delivery,Open,Franchise
OUT10153,Pizza Hut,Pizza Hut - Shimla 14,Shimla,Himachal Pradesh,751001.0,Standalone,Donuts,2025-12-05,179.0,23690.2,132.35,4.5,29.0,31.0,16268.75,Wallet,Drive-thru,Open,Company Owned
OUT10154,Kfc,KFC - Jammu 11,Jammu,Jammu And Kashmir,793001.0,Food Court,Donuts,2025-01-06,221.0,17365.21,78.58,4.6,16.0,35.0,157629.29,Cash,Takeaway,Open,Company Owned
OUT10155,Wendy'S,Wendy's - Surat 5,Surat,Gujarat,395001.0,High Street,Tacos,2025-05-31,131.0,23107.29,176.39,3.8,29.0,33.0,80097.09,Cash,Takeaway,Closed,Company Owned
OUT10156,Kfc,KFC - Shillong 6,Shillong,Meghalaya,248001.0,High Street,Tacos,2024-07-19,229.0,17331.84,75.68,4.5,11.0,27.0,114202.46,UPI,Takeaway,Open,Franchise
OUT10157,Dunkin',Dunkin' - Indore 30,Indore,Madhya Pradesh,797001.0,Mall,Tacos,2025-03-18,220.0,34843.76,158.38,4.4,17.0,5.0,127244.83,Cash,Drive-thru,Open,Franchise
OUT10158,Pizza Hut,Pizza Hut - Mysuru 39,Mysuru,Karnataka,570001.0,High Street,Sandwich,2025-11-08,239.0,23446.85,98.1,3.4,21.0,32.0,147395.22,Wallet,Delivery,Open,Company Owned
OUT10159,Subway,Subway - Indore 39,Indore,Madhya Pradesh,751001.0,Food Court,Donuts,2024-08-09,163.0,31408.25,192.69,4.0,30.0,4.0,145342.2,Card,Drive-thru,Open,Franchise
OUT10160,Taco Bell,Taco Bell - Pune 27,Pune,Maharashtra,411001.0,Standalone,Coffee & Snacks,2024-05-15,184.0,19598.37,106.51,4.6,4.0,32.0,134396.39,Cash,Drive-thru,Renovation,Company Owned
OUT10161,Mcdonald'S,McDonald's - Nashik 35,Nashik,Maharashtra,440001.0,Mall,Sandwich,2025-04-17,194.0,25942.97,133.73,3.5,21.0,35.0,49491.79,Card,Delivery,Open,Company Owned
OUT10162,Domino'S,Domino's - Faridabad 35,Faridabad,Haryana,682553.0,Standalone,Sandwich,2023-03-11,65.0,29423.74,452.67,3.8,22.0,23.0,73235.52,Card,Drive-thru,Open,Franchise
OUT10163,Kfc,KFC - Visakhapatnam 27,Visakhapatnam,Andhra Pradesh,799001.0,Mall,Burger,2025-11-26,154.0,25158.6,163.37,3.4,9.0,34.0,92860.07,Unknown,Dine-in,Open,Company Owned
OUT10164,Mcdonald'S,McDonald's - Vijayawada 40,Vijayawada,Andhra Pradesh,171001.0,Drive-Thru,Pizza,2025-05-19,226.0,14470.15,64.03,5.0,13.0,13.0,123838.2,Wallet,Dine-in,Open,Company Owned
OUT10165,Domino'S,Domino's - Leh 14,Leh,Ladakh,795001.0,Mall,Donuts,2024-07-20,130.0,23572.43,181.33,4.0,18.0,30.0,94279.37,Cash,Drive-thru,Closed,Company Owned
OUT10166,Domino'S,Domino's - Bengaluru 28,Bengaluru,Karnataka,560001.0,Standalone,Sandwich,2024-03-01,137.0,18454.29,134.7,4.1,18.0,12.0,66537.85,UPI,Takeaway,Open,Company Owned
OUT10167,Subway,Subway - Bengaluru 39,Bengaluru,Karnataka,570001.0,Standalone,Sandwich,2024-09-05,132.0,27658.55,209.53,3.9,8.0,24.0,168392.59,Card,Delivery,Renovation,Franchise
OUT10168,Pizza Hut,Pizza Hut - Kavaratti 5,Kavaratti,Lakshadweep,834001.0,High Street,Coffee & Snacks,2024-03-19,190.0,16714.46,87.97,3.9,17.0,27.0,68246.95,Wallet,Dine-in,Open,Company Owned
OUT10169,Pizza Hut,Pizza Hut - Raipur 8,Raipur,Chhattisgarh,682001.0,High Street,Tacos,2025-12-13,172.0,18808.26,109.35,4.0,12.0,33.0,124185.73,UPI,Takeaway,Open,Franchise
OUT10170,Dunkin',Dunkin' - Varanasi 40,Varanasi,Uttar Pradesh,226001.0,High Street,Burger,2025-02-04,121.0,16842.04,139.19,3.6,19.0,20.0,87933.43,Card,Takeaway,Closed,Company Owned
OUT10171,Dunkin',Dunkin' - Jaipur 31,Jaipur,Rajasthan,302001.0,Mall,Sandwich,2025-10-22,145.0,19382.12,133.67,4.5,26.0,27.0,130737.98,Card,Takeaway,Open,Franchise
OUT10172,Kfc,KFC - Kohima 21,Kohima,Nagaland,795001.0,Mall,Donuts,2025-05-24,211.0,10646.51,50.46,4.3,6.0,6.0,89063.84,Unknown,Takeaway,Renovation,Company Owned
OUT10173,Kfc,KFC - Aizawl 35,Aizawl,Mizoram,797001.0,Food Court,Pizza,2025-05-30,149.0,9688.8,65.03,5.0,27.0,4.0,44378.5,UPI,Drive-thru,Open,Company Owned
OUT10174,Subway,Subway - Ahmedabad 8,Ahmedabad,Gujarat,380001.0,High Street,Donuts,2023-08-28,135.0,22660.93,167.86,4.0,11.0,6.0,64857.32,Cash,Drive-thru,Open,Company Owned
OUT10175,Kfc,KFC - Chandigarh 33,Chandigarh,Chandigarh,248001.0,Mall,Tacos,2024-02-10,192.0,31008.08,161.5,3.8,14.0,28.0,96453.23,UPI,Delivery,Open,Franchise
OUT10176,Dunkin',Dunkin' - Ahmedabad 17,Ahmedabad,Gujarat,395001.0,Food Court,Sandwich,2024-11-21,65.0,17981.32,276.64,4.3,6.0,25.0,94432.62,UPI,Takeaway,Closed,Company Owned
OUT10177,Pizza Hut,Pizza Hut - Puducherry 4,Puducherry,Puducherry,492001.0,High Street,Pizza,2023-10-02,90.0,12414.02,137.93,4.0,13.0,4.0,84700.78,Card,Delivery,Renovation,Franchise
OUT10178,Dunkin',Dunkin' - Indore 5,Indore,Madhya Pradesh,462001.0,Food Court,Fried Chicken,2024-11-09,166.0,21681.04,130.61,3.9,11.0,33.0,53660.76,Card,Dine-in,Closed,Company Owned
OUT10179,Burger King,Burger King - Hyderabad 34,Hyderabad,Telangana,500032.0,Food Court,Pizza,2023-07-16,194.0,25584.39,131.88,4.1,8.0,19.0,104565.94,Wallet,Takeaway,Open,Franchise
OUT10180,Dunkin',Dunkin' - Nagpur 33,Nagpur,Maharashtra,400601.0,Mall,Coffee & Snacks,2024-06-30,179.0,40165.5,224.39,4.5,16.0,25.0,91113.0,Cash,Takeaway,Closed,Franchise
OUT10181,Burger King,Burger King - Chandigarh 18,Chandigarh,Chandigarh,396210.0,Food Court,Donuts,2024-01-07,85.0,12786.31,150.43,3.9,17.0,6.0,79682.38,Wallet,Dine-in,Open,Franchise
OUT10182,Burger King,Burger King - Dehradun 14,Dehradun,Uttarakhand,492001.0,Food Court,Sandwich,2025-03-28,135.0,20868.44,154.58,3.8,29.0,25.0,124061.57,UPI,Drive-thru,Renovation,Company Owned
OUT10183,Taco Bell,Taco Bell - Faridabad 8,Faridabad,Haryana,396210.0,Food Court,Coffee & Snacks,2025-03-01,116.0,32420.78,279.49,5.0,10.0,17.0,73491.77,UPI,Drive-thru,Renovation,Franchise
OUT10184,Pizza Hut,Pizza Hut - Bhopal 18,Bhopal,Madhya Pradesh,799001.0,Standalone,Sandwich,2023-02-27,118.0,25604.77,216.99,4.5,18.0,26.0,109352.41,Card,Drive-thru,Renovation,Franchise
OUT10185,Kfc,KFC - Chennai 5,Chennai,Tamil Nadu,641001.0,Drive-Thru,Sandwich,2024-09-23,194.0,9660.76,49.8,3.6,30.0,6.0,110194.92,Card,Takeaway,Open,Company Owned
OUT10186,Burger King,Burger King - Noida 7,Noida,Uttar Pradesh,226001.0,Food Court,Fried Chicken,2025-05-16,165.0,21439.79,129.94,3.9,30.0,25.0,39448.28,Cash,Drive-thru,Open,Franchise
OUT10187,Wendy'S,Wendy's - Leh 29,Leh,Ladakh,751001.0,Drive-Thru,Burger,2024-12-17,135.0,30303.3,224.47,3.7,19.0,11.0,124873.48,Cash,Drive-thru,Closed,Company Owned
OUT10188,Domino'S,Domino's - Patna 12,Patna,Bihar,781001.0,Drive-Thru,Donuts,2023-10-28,128.0,26292.17,205.41,4.9,12.0,23.0,61630.65,Card,Takeaway,Renovation,Franchise
OUT10189,Domino'S,Domino's - Kavaratti 40,Kavaratti,Lakshadweep,248001.0,Standalone,Tacos,2025-01-22,181.0,4904.53,27.1,3.4,6.0,33.0,88893.91,Wallet,Drive-thru,Renovation,Company Owned
OUT10190,Dunkin',Dunkin' - Hyderabad 32,Hyderabad,Telangana,500001.0,Drive-Thru,Sandwich,2025-04-04,181.0,19213.22,106.15,4.1,21.0,24.0,111353.7,Cash,Drive-thru,Open,Company Owned
OUT10191,Kfc,KFC - Kohima 19,Kohima,Nagaland,797001.0,Drive-Thru,Fried Chicken,2025-02-01,155.0,23707.12,152.95,4.6,27.0,28.0,81497.31,Wallet,Delivery,Renovation,Company Owned
OUT10192,Burger King,Burger King - Udaipur 26,Udaipur,Rajasthan,302001.0,High Street,Pizza,2024-01-20,86.0,10573.81,122.95,3.7,28.0,21.0,22893.15,Wallet,Delivery,Closed,Company Owned
OUT10193,Starbucks,Starbucks - Thiruvananthapuram 18,Thiruvananthapuram,Kerala,737101.0,Mall,Donuts,2024-02-13,182.0,29401.25,161.55,3.7,10.0,10.0,50249.84,UPI,Delivery,Renovation,Franchise
OUT10194,Domino'S,Domino's - Bhubaneswar 14,Bhubaneswar,Odisha,800001.0,Food Court,Sandwich,2023-10-10,238.0,18446.07,77.5,4.1,14.0,4.0,116917.37,Cash,Delivery,Closed,Company Owned
OUT10195,Starbucks,Starbucks - Amritsar 23,Amritsar,Punjab,141001.0,Standalone,Tacos,2024-11-22,153.0,18862.78,123.29,4.3,6.0,3.0,84942.06,UPI,Drive-thru,Renovation,Franchise
OUT10196,Pizza Hut,Pizza Hut - Noida 9,Noida,Uttar Pradesh,226001.0,Standalone,Burger,2025-12-23,129.0,10491.0,81.33,4.1,19.0,19.0,54092.71,Cash,Delivery,Open,Franchise
OUT10197,Mcdonald'S,McDonald's - Pune 37,Pune,Maharashtra,440001.0,High Street,Sandwich,2023-08-31,124.0,33881.98,273.24,3.7,24.0,34.0,164761.06,Wallet,Dine-in,Closed,Company Owned
OUT10198,Subway,Subway - Ludhiana 20,Ludhiana,Punjab,143001.0,Standalone,Fried Chicken,2025-09-16,187.0,29079.93,155.51,4.3,8.0,16.0,31510.42,UPI,Dine-in,Open,Company Owned
OUT10199,Starbucks,Starbucks - Surat 8,Surat,Gujarat,395001.0,High Street,Fried Chicken,2025-09-26,144.0,8902.62,61.82,3.7,27.0,30.0,145224.09,Cash,Takeaway,Open,Company Owned
OUT10200,Kfc,KFC - Mysuru 12,Mysuru,Karnataka,570001.0,Drive-Thru,Fried Chicken,2025-05-01,145.0,11921.45,82.22,4.0,13.0,15.0,90397.55,UPI,Takeaway,Open,Franchise
OUT10201,Dunkin',Dunkin' - Nagpur 14,Nagpur,Maharashtra,400601.0,Drive-Thru,Burger,2023-07-10,183.0,28039.54,153.22,3.4,24.0,20.0,60535.64,Cash,Drive-thru,Open,Company Owned
OUT10202,Burger King,Burger King - Patna 11,Patna,Bihar,751001.0,Standalone,Burger,2025-02-21,73.0,29360.47,402.2,5.0,8.0,25.0,76915.01,Card,Delivery,Open,Franchise
OUT10203,Burger King,Burger King - Shillong 25,Shillong,Meghalaya,492001.0,High Street,Sandwich,2023-05-23,141.0,16967.16,120.33,3.9,30.0,23.0,78027.66,Card,Takeaway,Renovation,Franchise
OUT10204,Wendy'S,Wendy's - Shimla 24,Shimla,Himachal Pradesh,800001.0,High Street,Tacos,2023-06-02,162.0,23094.67,142.56,4.5,30.0,27.0,80570.41,Cash,Takeaway,Closed,Franchise
OUT10205,Burger King,Burger King - Pune 15,Pune,Maharashtra,400601.0,Mall,Burger,2023-07-11,181.0,11095.97,61.3,3.7,24.0,4.0,134463.83,Wallet,Delivery,Open,Company Owned
OUT10206,Burger King,Burger King - Pune 12,Pune,Maharashtra,422001.0,High Street,Fried Chicken,2024-11-03,89.0,8749.59,98.31,3.5,12.0,35.0,80332.26,Card,Delivery,Open,Franchise
OUT10207,Burger King,Burger King - Shillong 34,Shillong,Meghalaya,800001.0,Drive-Thru,Tacos,2024-06-08,186.0,18516.04,99.55,4.8,9.0,16.0,120973.93,Card,Takeaway,Open,Franchise
OUT10208,Burger King,Burger King - Daman 8,Daman,Dadra And Nagar Haveli And Daman And Diu,737101.0,Drive-Thru,Fried Chicken,2023-01-07,163.0,29913.43,183.52,3.8,8.0,30.0,12000.0,Cash,Takeaway,Open,Company Owned
OUT10209,Starbucks,Starbucks - Mumbai 19,Mumbai,Maharashtra,440001.0,Standalone,Pizza,2024-05-03,179.0,18854.38,105.33,5.0,13.0,24.0,140946.49,UPI,Takeaway,Open,Franchise
OUT10210,Dunkin',Dunkin' - Puducherry 6,Puducherry,Puducherry,396210.0,Standalone,Burger,2023-12-06,162.0,13964.53,86.2,5.0,28.0,14.0,99693.63,Wallet,Delivery,Open,Company Owned
OUT10211,Kfc,KFC - Bengaluru 24,Bengaluru,Karnataka,570001.0,High Street,Donuts,2024-05-19,259.0,17390.59,67.15,3.6,17.0,34.0,130150.71,UPI,Takeaway,Closed,Company Owned
OUT10212,Burger King,Burger King - Guwahati 14,Guwahati,Assam,396210.0,Standalone,Sandwich,2023-08-21,144.0,19394.99,134.69,5.0,7.0,11.0,90916.91,Cash,Dine-in,Renovation,Franchise
OUT10213,Burger King,Burger King - Kavaratti 16,Kavaratti,Lakshadweep,796001.0,Standalone,Burger,2025-08-26,143.0,19475.39,136.19,3.7,27.0,32.0,82512.73,Card,Delivery,Renovation,Franchise
OUT10214,Kfc,KFC - Hyderabad 29,Hyderabad,Telangana,500001.0,Standalone,Fried Chicken,2025-02-25,157.0,20873.37,132.95,3.9,8.0,28.0,12811.26,Cash,Takeaway,Open,Franchise
OUT10215,Subway,Subway - Jaipur 36,Jaipur,Rajasthan,313001.0,Mall,Pizza,2024-04-08,158.0,46074.95,291.61,4.0,10.0,9.0,92902.72,UPI,Takeaway,Open,Company Owned
OUT10216,Taco Bell,Taco Bell - Faridabad 9,Faridabad,Haryana,795001.0,High Street,Pizza,2023-07-02,161.0,26822.26,166.6,4.9,7.0,22.0,88226.94,Card,Delivery,Closed,Company Owned
OUT10217,Taco Bell,Taco Bell - Ludhiana 10,Ludhiana,Punjab,141001.0,Standalone,Burger,2025-07-04,203.0,17646.82,86.93,3.6,15.0,7.0,127883.24,Cash,Dine-in,Renovation,Franchise
OUT10218,Dunkin',Dunkin' - Faridabad 31,Faridabad,Haryana,248001.0,Mall,Tacos,2023-03-01,152.0,21838.81,143.68,5.0,7.0,16.0,105289.38,UPI,Drive-thru,Open,Company Owned
OUT10219,Taco Bell,Taco Bell - Vijayawada 26,Vijayawada,Andhra Pradesh,403001.0,Drive-Thru,Sandwich,2023-04-07,68.0,27281.96,401.21,3.3,19.0,26.0,64545.01,Cash,Takeaway,Closed,Company Owned
OUT10220,Pizza Hut,Pizza Hut - Udaipur 33,Udaipur,Rajasthan,313001.0,Drive-Thru,Coffee & Snacks,2025-10-19,201.0,14516.92,72.22,4.1,28.0,9.0,74661.18,Unknown,Drive-thru,Closed,Franchise
OUT10221,Subway,Subway - Ranchi 25,Ranchi,Jharkhand,682001.0,Food Court,Coffee & Snacks,2023-09-14,226.0,16749.33,74.11,4.4,22.0,28.0,55593.6,Wallet,Delivery,Open,Company Owned
OUT10222,Starbucks,Starbucks - New Delhi 22,New Delhi,Delhi,110017.0,Food Court,Coffee & Snacks,2024-05-21,222.0,26289.06,118.42,4.4,18.0,19.0,90705.34,UPI,Takeaway,Open,Company Owned
OUT10223,Pizza Hut,Pizza Hut - Ludhiana 30,Ludhiana,Punjab,143001.0,Food Court,Donuts,2024-03-22,159.0,29679.0,186.66,4.1,25.0,16.0,54022.71,Wallet,Drive-thru,Open,Franchise
OUT10224,Subway,Subway - Daman 7,Daman,Dadra And Nagar Haveli And Daman And Diu,751001.0,Drive-Thru,Burger,2024-06-10,154.0,12088.59,78.5,4.2,7.0,34.0,37443.92,Card,Dine-in,Open,Company Owned
OUT10225,Domino'S,Domino's - Chennai 20,Chennai,Tamil Nadu,641001.0,Mall,Coffee & Snacks,2023-04-18,166.0,25686.58,154.74,4.6,27.0,21.0,118301.65,UPI,Takeaway,Open,Franchise
OUT10226,Taco Bell,Taco Bell - Panaji 2,Panaji,Goa,799001.0,Standalone,Tacos,2025-10-29,156.0,26794.06,171.76,4.3,26.0,20.0,122228.85,Cash,Dine-in,Open,Company Owned
OUT10227,Taco Bell,Taco Bell - Mysuru 6,Mysuru,Karnataka,570001.0,High Street,Donuts,2025-09-10,107.0,14593.64,136.39,3.2,19.0,12.0,109898.09,Cash,Takeaway,Open,Company Owned
OUT10228,Mcdonald'S,McDonald's - Pune 32,Pune,Maharashtra,440001.0,High Street,Coffee & Snacks,2025-06-19,203.0,30896.96,152.2,3.3,17.0,4.0,156385.68,UPI,Delivery,Open,Franchise
OUT10229,Domino'S,Domino's - Kolkata 12,Kolkata,West Bengal,700091.0,Standalone,Tacos,2025-03-07,115.0,6461.64,56.19,4.5,18.0,15.0,98694.52,Wallet,Drive-thru,Closed,Company Owned
OUT10230,Dunkin',Dunkin' - Kohima 25,Kohima,Nagaland,492001.0,Drive-Thru,Coffee & Snacks,2025-09-12,63.0,7722.71,122.58,3.6,19.0,14.0,35925.71,UPI,Drive-thru,Open,Franchise
OUT10231,Starbucks,Starbucks - Hyderabad 40,Hyderabad,Telangana,500001.0,Drive-Thru,Fried Chicken,2024-07-25,145.0,36937.75,254.74,5.0,29.0,32.0,41459.66,Wallet,Takeaway,Renovation,Company Owned
OUT10232,Domino'S,Domino's - Faridabad 40,Faridabad,Haryana,797001.0,Mall,Burger,2024-09-14,163.0,18402.12,112.9,3.0,12.0,30.0,43533.48,UPI,Takeaway,Renovation,Franchise
OUT10233,Starbucks,Starbucks - Jaipur 39,Jaipur,Rajasthan,313001.0,Food Court,Pizza,2023-11-25,101.0,8670.96,85.85,4.5,5.0,21.0,45845.39,Card,Drive-thru,Open,Company Owned
OUT10234,Domino'S,Domino's - Visakhapatnam 7,Visakhapatnam,Andhra Pradesh,834001.0,Drive-Thru,Sandwich,2024-12-17,121.0,28988.91,239.58,3.7,5.0,32.0,92973.48,Wallet,Dine-in,Renovation,Company Owned
OUT10235,Pizza Hut,Pizza Hut - Pune 39,Pune,Maharashtra,400001.0,Mall,Pizza,2024-12-14,149.0,18375.83,123.33,4.2,19.0,5.0,50246.0,Wallet,Drive-thru,Open,Franchise
OUT10236,Burger King,Burger King - Ludhiana 39,Ludhiana,Punjab,141001.0,Drive-Thru,Sandwich,2023-04-01,244.0,7252.73,29.72,4.2,26.0,8.0,74559.29,Wallet,Dine-in,Open,Company Owned
OUT10237,Domino'S,Domino's - Srinagar 12,Srinagar,Jammu And Kashmir,682553.0,Mall,Coffee & Snacks,2024-08-11,182.0,22684.55,124.64,3.7,18.0,3.0,37444.31,Wallet,Drive-thru,Open,Company Owned
OUT10238,Subway,Subway - Puducherry 17,Puducherry,Puducherry,396210.0,Food Court,Fried Chicken,2023-09-27,200.0,11901.33,59.51,3.1,8.0,12.0,55917.35,Cash,Delivery,Open,Franchise
OUT10239,Burger King,Burger King - Chandigarh 29,Chandigarh,Chandigarh,682553.0,Standalone,Donuts,2023-06-22,168.0,12587.8,74.93,4.9,5.0,19.0,88897.57,Card,Takeaway,Open,Franchise
OUT10240,Wendy'S,Wendy's - Kavaratti 26,Kavaratti,Lakshadweep,492001.0,Drive-Thru,Fried Chicken,2023-11-16,115.0,21223.58,184.55,4.1,23.0,23.0,102108.87,Wallet,Delivery,Closed,Franchise
OUT10241,Kfc,KFC - Patna 8,Patna,Bihar,744101.0,Mall,Fried Chicken,2024-06-19,236.0,13860.92,58.73,4.0,14.0,13.0,90294.95,Cash,Drive-thru,Renovation,Company Owned
OUT10242,Pizza Hut,Pizza Hut - Thane 23,Thane,Maharashtra,400001.0,Mall,Fried Chicken,2023-03-18,182.0,11533.92,63.37,3.3,26.0,33.0,12000.0,Wallet,Takeaway,Closed,Company Owned
OUT10243,Starbucks,Starbucks - Udaipur 3,Udaipur,Rajasthan,302001.0,Mall,Burger,2025-09-18,211.0,4214.08,19.97,4.2,20.0,8.0,102195.95,UPI,Dine-in,Open,Franchise
OUT10244,Dunkin',Dunkin' - Itanagar 28,Itanagar,Arunachal Pradesh,800001.0,Food Court,Donuts,2024-02-25,153.0,13943.36,91.13,5.0,12.0,33.0,83267.7,Wallet,Delivery,Open,Franchise
OUT10245,Taco Bell,Taco Bell - Jaipur 12,Jaipur,Rajasthan,313001.0,Mall,Coffee & Snacks,2023-11-24,56.0,18863.56,336.85,4.3,12.0,24.0,76291.88,Card,Dine-in,Open,Company Owned
OUT10246,Starbucks,Starbucks - Ahmedabad 20,Ahmedabad,Gujarat,395001.0,High Street,Fried Chicken,2023-07-15,210.0,25003.25,119.06,4.2,18.0,27.0,31567.94,UPI,Delivery,Open,Franchise
OUT10247,Domino'S,Domino's - Raipur 25,Raipur,Chhattisgarh,751001.0,Standalone,Burger,2023-04-13,217.0,25299.58,116.59,4.7,8.0,2.0,104514.86,Cash,Takeaway,Renovation,Franchise
OUT10248,Domino'S,Domino's - Jammu 2,Jammu,Jammu And Kashmir,796001.0,Standalone,Coffee & Snacks,2023-09-27,141.0,24893.48,176.55,4.5,27.0,5.0,99411.35,UPI,Takeaway,Closed,Company Owned
OUT10249,Taco Bell,Taco Bell - Bhubaneswar 28,Bhubaneswar,Odisha,171001.0,Food Court,Coffee & Snacks,2023-05-12,154.0,11952.12,77.61,3.3,8.0,18.0,121757.15,UPI,Dine-in,Renovation,Franchise
OUT10250,Subway,Subway - Ahmedabad 3,Ahmedabad,Gujarat,380001.0,High Street,Fried Chicken,2025-02-23,176.0,13572.5,77.12,3.8,29.0,23.0,35359.47,Card,Dine-in,Closed,Franchise
OUT10251,Pizza Hut,Pizza Hut - Imphal 9,Imphal,Manipur,682553.0,Drive-Thru,Pizza,2024-02-22,144.0,13454.7,93.44,4.7,7.0,4.0,141724.56,UPI,Dine-in,Renovation,Company Owned
OUT10252,Dunkin',Dunkin' - Puducherry 20,Puducherry,Puducherry,793001.0,High Street,Burger,2024-01-15,140.0,28381.09,202.72,2.4,12.0,17.0,46309.66,UPI,Dine-in,Open,Company Owned
OUT10253,Wendy'S,Wendy's - Leh 1,Leh,Ladakh,403001.0,Drive-Thru,Donuts,2023-11-10,130.0,17449.67,134.23,4.9,11.0,23.0,68282.51,Wallet,Drive-thru,Open,Company Owned
OUT10254,Kfc,KFC - Ranchi 10,Ranchi,Jharkhand,797001.0,Mall,Coffee & Snacks,2024-11-26,156.0,24408.17,156.46,3.8,7.0,7.0,12000.0,UPI,Drive-thru,Renovation,Company Owned
OUT10255,Domino'S,Domino's - Srinagar 3,Srinagar,Jammu And Kashmir,795001.0,Mall,Coffee & Snacks,2024-10-31,174.0,611.38,3.51,3.7,14.0,28.0,176187.5,Wallet,Dine-in,Open,Company Owned
OUT10256,Mcdonald'S,McDonald's - Ahmedabad 8,Ahmedabad,Gujarat,380001.0,Standalone,Tacos,2024-01-14,106.0,23919.25,225.65,3.6,12.0,20.0,60741.61,Cash,Takeaway,Renovation,Company Owned
OUT10257,Mcdonald'S,McDonald's - Varanasi 4,Varanasi,Uttar Pradesh,201301.0,Drive-Thru,Donuts,2024-11-07,171.0,28491.49,166.62,3.9,10.0,19.0,87169.81,UPI,Dine-in,Renovation,Company Owned
OUT10258,Dunkin',Dunkin' - Mysuru 7,Mysuru,Karnataka,560001.0,Drive-Thru,Burger,2024-09-23,10.0,16768.46,1676.85,3.1,19.0,3.0,115059.17,UPI,Takeaway,Closed,Company Owned
OUT10259,Dunkin',Dunkin' - Agartala 19,Agartala,Tripura,560001.0,Mall,Donuts,2023-09-19,141.0,29721.19,210.79,2.8,13.0,6.0,70440.55,UPI,Takeaway,Open,Company Owned
OUT10260,Kfc,KFC - Puducherry 7,Puducherry,Puducherry,682553.0,Drive-Thru,Donuts,2023-05-13,265.0,22118.75,83.47,3.5,16.0,22.0,57342.07,Card,Delivery,Open,Franchise
OUT10261,Subway,Subway - Dehradun 18,Dehradun,Uttarakhand,744101.0,High Street,Burger,2025-03-29,166.0,32669.38,196.8,3.6,10.0,21.0,113787.05,UPI,Drive-thru,Closed,Company Owned
OUT10262,Burger King,Burger King - Panaji 38,Panaji,Goa,793001.0,Standalone,Donuts,2023-09-17,174.0,18619.36,107.01,4.5,18.0,3.0,33448.59,Cash,Dine-in,Open,Company Owned
OUT10263,Taco Bell,Taco Bell - Nagpur 4,Nagpur,Maharashtra,400001.0,Mall,Burger,2023-10-26,145.0,11211.96,77.32,4.7,4.0,30.0,209552.21,Cash,Dine-in,Open,Company Owned
OUT10264,Kfc,KFC - Visakhapatnam 14,Visakhapatnam,Andhra Pradesh,797001.0,Standalone,Tacos,2023-08-21,101.0,25780.92,255.26,3.8,7.0,2.0,42386.27,UPI,Drive-thru,Open,Company Owned
OUT10265,Wendy'S,Wendy's - Ahmedabad 20,Ahmedabad,Gujarat,380001.0,Food Court,Donuts,2023-12-12,158.0,24444.06,154.71,3.8,22.0,20.0,111332.16,UPI,Takeaway,Open,Franchise
OUT10266,Pizza Hut,Pizza Hut - Hyderabad 6,Hyderabad,Telangana,500001.0,High Street,Tacos,2023-06-30,144.0,23290.35,161.74,4.0,4.0,2.0,95306.17,Card,Drive-thru,Open,Company Owned
OUT10267,Starbucks,Starbucks - Itanagar 28,Itanagar,Arunachal Pradesh,744101.0,Drive-Thru,Pizza,2023-08-26,150.0,25174.24,167.83,5.0,24.0,15.0,121643.84,Wallet,Delivery,Closed,Company Owned
OUT10268,Mcdonald'S,McDonald's - Port Blair 18,Port Blair,Andaman And Nicobar Islands,834001.0,Drive-Thru,Coffee & Snacks,2024-03-13,181.0,12681.95,70.07,2.4,29.0,26.0,32378.99,Cash,Drive-thru,Closed,Company Owned
OUT10269,Mcdonald'S,McDonald's - Varanasi 18,Varanasi,Uttar Pradesh,221001.0,Standalone,Pizza,2025-07-29,185.0,15753.9,85.16,4.0,11.0,10.0,81670.74,UPI,Delivery,Closed,Company Owned
OUT10270,Burger King,Burger King - Surat 24,Surat,Gujarat,395001.0,Mall,Tacos,2025-09-19,124.0,14524.06,117.13,3.8,5.0,4.0,71139.02,Card,Delivery,Open,Company Owned
OUT10271,Subway,Subway - Thane 10,Thane,Maharashtra,560001.0,Drive-Thru,Sandwich,2024-03-24,62.0,12344.3,199.1,3.8,14.0,4.0,70146.36,Wallet,Drive-thru,Closed,Franchise
OUT10272,Subway,Subway - Agartala 24,Agartala,Tripura,781001.0,Mall,Pizza,2024-07-17,315.0,16148.91,51.27,3.8,27.0,15.0,130056.98,UPI,Takeaway,Renovation,Company Owned
OUT10273,Mcdonald'S,McDonald's - Bhopal 18,Bhopal,Madhya Pradesh,682001.0,Mall,Sandwich,2023-03-14,81.0,15313.16,189.05,4.7,14.0,8.0,141077.51,Card,Dine-in,Renovation,Franchise
OUT10274,Burger King,Burger King - Gangtok 16,Gangtok,Sikkim,800001.0,Standalone,Donuts,2025-06-02,144.0,26441.71,183.62,3.3,11.0,20.0,96688.46,Cash,Takeaway,Closed,Franchise
OUT10275,Taco Bell,Taco Bell - Kolkata 30,Kolkata,West Bengal,700091.0,High Street,Burger,2025-10-23,152.0,17127.87,112.68,3.8,10.0,5.0,135302.05,Cash,Delivery,Closed,Franchise
OUT10276,Wendy'S,Wendy's - Aizawl 1,Aizawl,Mizoram,796001.0,Food Court,Coffee & Snacks,2025-02-13,159.0,32519.92,204.53,3.7,8.0,28.0,59571.78,Cash,Delivery,Closed,Franchise
OUT10277,Pizza Hut,Pizza Hut - Mysuru 23,Mysuru,Karnataka,570001.0,High Street,Tacos,2025-05-23,120.0,21671.01,180.59,4.1,16.0,21.0,178540.31,Card,Dine-in,Closed,Company Owned
OUT10278,Burger King,Burger King - Gangtok 9,Gangtok,Sikkim,793001.0,Standalone,Pizza,2024-03-16,145.0,17428.93,120.2,3.6,29.0,25.0,95567.65,Wallet,Delivery,Open,Company Owned
OUT10279,Taco Bell,Taco Bell - Agartala 14,Agartala,Tripura,834001.0,Standalone,Fried Chicken,2023-03-17,194.0,24778.02,127.72,2.5,27.0,26.0,120909.92,UPI,Dine-in,Open,Company Owned
OUT10280,Burger King,Burger King - Chennai 3,Chennai,Tamil Nadu,600001.0,Food Court,Fried Chicken,2025-09-22,206.0,16525.44,80.22,3.7,12.0,9.0,30755.25,Cash,Drive-thru,Renovation,Company Owned
OUT10281,Domino'S,Domino's - Nagpur 22,Nagpur,Maharashtra,400601.0,High Street,Tacos,2023-10-08,89.0,19192.44,215.65,3.6,14.0,34.0,66563.82,Card,Dine-in,Open,Company Owned
OUT10282,Pizza Hut,Pizza Hut - Noida 40,Noida,Uttar Pradesh,226001.0,Food Court,Burger,2023-08-01,84.0,18803.88,223.86,4.0,25.0,6.0,70305.71,Wallet,Delivery,Open,Company Owned
OUT10283,Burger King,Burger King - Jaipur 27,Jaipur,Rajasthan,302001.0,High Street,Burger,2023-10-17,188.0,23160.43,123.19,4.1,12.0,18.0,31703.96,Wallet,Delivery,Open,Company Owned
OUT10284,Dunkin',Dunkin' - Bengaluru 22,Bengaluru,Karnataka,570001.0,Food Court,Donuts,2024-10-12,148.0,15807.56,106.81,4.0,24.0,28.0,82350.01,Card,Delivery,Open,Company Owned
OUT10285,Starbucks,Starbucks - Bhopal 27,Bhopal,Madhya Pradesh,744101.0,Food Court,Coffee & Snacks,2024-10-24,154.0,24770.51,160.85,3.7,8.0,10.0,98151.03,Card,Drive-thru,Open,Company Owned
OUT10286,Domino'S,Domino's - New Delhi 37,New Delhi,Delhi,110025.0,Standalone,Coffee & Snacks,2024-11-09,162.0,20151.76,124.39,3.4,16.0,21.0,68968.59,Cash,Delivery,Closed,Franchise
OUT10287,Burger King,Burger King - Bengaluru 37,Bengaluru,Karnataka,570001.0,High Street,Sandwich,2024-05-08,193.0,27678.95,143.41,5.0,29.0,27.0,142591.58,Card,Drive-thru,Closed,Franchise
OUT10288,Taco Bell,Taco Bell - Guwahati 30,Guwahati,Assam,403001.0,High Street,Coffee & Snacks,2024-09-28,175.0,18724.61,107.0,4.2,15.0,29.0,127059.59,Cash,Takeaway,Open,Company Owned
OUT10289,Starbucks,Starbucks - Jammu 36,Jammu,Jammu And Kashmir,744101.0,Mall,Fried Chicken,2023-09-07,116.0,16635.75,143.41,3.7,4.0,29.0,117687.91,Cash,Delivery,Renovation,Company Owned
OUT10290,Mcdonald'S,McDonald's - Raipur 21,Raipur,Chhattisgarh,781001.0,High Street,Donuts,2023-02-22,153.0,21489.1,140.45,2.9,12.0,3.0,79724.9,UPI,Drive-thru,Open,Franchise
OUT10291,Domino'S,Domino's - Thiruvananthapuram 37,Thiruvananthapuram,Kerala,560001.0,High Street,Pizza,2024-05-13,219.0,10518.89,48.03,3.8,6.0,2.0,106509.11,UPI,Takeaway,Open,Company Owned
OUT10292,Subway,Subway - Jaipur 34,Jaipur,Rajasthan,313001.0,Standalone,Burger,2024-08-27,200.0,24720.28,123.6,3.6,19.0,7.0,12000.0,Wallet,Takeaway,Closed,Company Owned
OUT10293,Starbucks,Starbucks - Port Blair 34,Port Blair,Andaman And Nicobar Islands,403001.0,Food Court,Pizza,2024-04-08,43.0,16504.46,383.82,3.5,11.0,8.0,110364.18,Unknown,Takeaway,Open,Franchise
OUT10294,Burger King,Burger King - Gurugram 6,Gurugram,Haryana,793001.0,High Street,Burger,2024-09-13,205.0,28191.46,137.52,4.2,29.0,8.0,59238.64,Wallet,Takeaway,Open,Company Owned
OUT10295,Subway,Subway - Pune 38,Pune,Maharashtra,400601.0,High Street,Donuts,2024-11-18,149.0,23722.19,159.21,3.9,4.0,20.0,126939.56,Card,Delivery,Open,Company Owned
OUT10296,Wendy'S,Wendy's - Chennai 8,Chennai,Tamil Nadu,600001.0,High Street,Pizza,2023-01-30,157.0,26426.76,168.32,3.8,7.0,23.0,90498.25,Wallet,Drive-thru,Renovation,Company Owned
OUT10297,Taco Bell,Taco Bell - Udaipur 12,Udaipur,Rajasthan,302001.0,Standalone,Sandwich,2024-06-15,156.0,14171.86,90.85,3.6,7.0,28.0,100174.01,Cash,Delivery,Closed,Company Owned
OUT10298,Taco Bell,Taco Bell - Lucknow 3,Lucknow,Uttar Pradesh,226001.0,Standalone,Pizza,2023-02-24,119.0,18368.7,154.36,2.9,20.0,7.0,152720.0,Wallet,Takeaway,Open,Franchise
OUT10299,Burger King,Burger King - Vijayawada 21,Vijayawada,Andhra Pradesh,737101.0,Drive-Thru,Tacos,2024-07-28,174.0,18175.56,104.46,4.0,29.0,27.0,110952.75,Cash,Takeaway,Closed,Franchise
OUT10300,Burger King,Burger King - Hyderabad 17,Hyderabad,Telangana,500001.0,Drive-Thru,Burger,2025-10-20,267.0,17761.16,66.52,4.8,10.0,11.0,116345.31,Wallet,Takeaway,Open,Franchise
OUT10301,Dunkin',Dunkin' - Faridabad 18,Faridabad,Haryana,462001.0,Standalone,Sandwich,2025-04-10,84.0,20892.83,248.72,4.1,24.0,26.0,117951.93,UPI,Takeaway,Open,Franchise
OUT10302,Subway,Subway - Kavaratti 6,Kavaratti,Lakshadweep,737101.0,High Street,Pizza,2025-11-14,145.0,18723.57,129.13,4.6,28.0,6.0,48315.9,Cash,Drive-thru,Open,Franchise
OUT10303,Starbucks,Starbucks - Kavaratti 12,Kavaratti,Lakshadweep,682001.0,Standalone,Burger,2023-03-06,160.0,24262.28,151.64,4.1,17.0,34.0,115264.75,Card,Takeaway,Open,Franchise
OUT10304,Domino'S,Domino's - Kochi 38,Kochi,Kerala,492001.0,High Street,Sandwich,2025-10-18,149.0,22072.0,148.13,3.6,9.0,18.0,61830.95,Card,Dine-in,Renovation,Company Owned
OUT10305,Starbucks,Starbucks - Varanasi 3,Varanasi,Uttar Pradesh,201301.0,High Street,Coffee & Snacks,2025-05-08,91.0,15500.91,170.34,4.6,29.0,26.0,81929.23,Cash,Dine-in,Closed,Franchise
OUT10306,Wendy'S,Wendy's - Thane 18,Thane,Maharashtra,440001.0,Mall,Tacos,2024-10-07,146.0,6892.1,47.21,4.6,6.0,23.0,50965.35,UPI,Drive-thru,Open,Franchise
OUT10307,Domino'S,Domino's - Hyderabad 8,Hyderabad,Telangana,500001.0,High Street,Burger,2024-04-17,134.0,17491.18,130.53,3.9,19.0,4.0,92546.93,UPI,Takeaway,Closed,Company Owned
OUT10308,Wendy'S,Wendy's - Dehradun 27,Dehradun,Uttarakhand,682553.0,Standalone,Tacos,2023-08-01,308.0,25599.57,83.12,4.3,10.0,9.0,12000.0,Cash,Takeaway,Open,Franchise
OUT10309,Domino'S,Domino's - Thiruvananthapuram 19,Thiruvananthapuram,Kerala,781001.0,Mall,Pizza,2024-03-17,120.0,29258.63,243.82,3.9,13.0,6.0,57082.0,Wallet,Dine-in,Open,Franchise
OUT10310,Subway,Subway - Chennai 6,Chennai,Tamil Nadu,600001.0,High Street,Burger,2025-05-13,182.0,14696.88,80.75,4.7,29.0,11.0,93688.92,Wallet,Drive-thru,Renovation,Franchise
OUT10311,Domino'S,Domino's - Kohima 6,Kohima,Nagaland,800001.0,Mall,Sandwich,2025-09-15,112.0,37229.45,332.41,4.2,19.0,19.0,77818.21,Cash,Drive-thru,Open,Franchise
OUT10312,Domino'S,Domino's - Faridabad 32,Faridabad,Haryana,797001.0,Drive-Thru,Burger,2023-11-20,79.0,19153.38,242.45,4.0,20.0,7.0,63356.55,Wallet,Dine-in,Closed,Franchise
OUT10313,Starbucks,Starbucks - Raipur 22,Raipur,Chhattisgarh,403001.0,Food Court,Pizza,2024-06-12,71.0,15373.69,216.53,4.1,20.0,29.0,144064.48,UPI,Delivery,Open,Franchise
OUT10314,Domino'S,Domino's - Daman 18,Daman,Dadra And Nagar Haveli And Daman And Diu,834001.0,Food Court,Sandwich,2024-02-07,144.0,23279.48,161.66,4.8,14.0,2.0,12000.0,Cash,Takeaway,Open,Company Owned
OUT10315,Domino'S,Domino's - Mumbai 7,Mumbai,Maharashtra,411001.0,High Street,Burger,2024-10-25,88.0,11175.32,126.99,4.7,7.0,21.0,44250.6,UPI,Dine-in,Renovation,Company Owned
OUT10316,Domino'S,Domino's - Bengaluru 18,Bengaluru,Karnataka,570001.0,Food Court,Donuts,2023-07-08,49.0,26092.3,532.5,3.7,16.0,23.0,73522.09,Card,Dine-in,Renovation,Franchise
OUT10317,Domino'S,Domino's - Bengaluru 32,Bengaluru,Karnataka,560001.0,Standalone,Pizza,2025-11-21,106.0,10540.47,99.44,4.2,29.0,34.0,123392.6,Cash,Delivery,Open,Franchise
OUT10318,Starbucks,Starbucks - Shimla 11,Shimla,Himachal Pradesh,171001.0,Drive-Thru,Pizza,2023-10-27,203.0,5156.86,25.4,4.2,22.0,5.0,132540.75,Wallet,Dine-in,Open,Company Owned
OUT10319,Burger King,Burger King - Kohima 38,Kohima,Nagaland,462001.0,Mall,Donuts,2023-11-26,125.0,20715.26,165.72,3.7,10.0,23.0,67807.63,UPI,Takeaway,Open,Company Owned
OUT10320,Dunkin',Dunkin' - Bhubaneswar 20,Bhubaneswar,Odisha,396210.0,Food Court,Pizza,2023-04-02,54.0,33304.8,616.76,3.7,11.0,15.0,129023.66,Card,Delivery,Renovation,Company Owned
OUT10321,Taco Bell,Taco Bell - Panaji 5,Panaji,Goa,793001.0,High Street,Fried Chicken,2024-10-01,53.0,22134.97,417.64,3.8,4.0,30.0,35542.8,Wallet,Takeaway,Open,Company Owned
OUT10322,Taco Bell,Taco Bell - Thiruvananthapuram 34,Thiruvananthapuram,Kerala,793001.0,Drive-Thru,Tacos,2023-04-11,187.0,13491.84,72.15,3.5,26.0,28.0,79150.08,UPI,Drive-thru,Renovation,Company Owned
OUT10323,Subway,Subway - Itanagar 25,Itanagar,Arunachal Pradesh,793001.0,Mall,Sandwich,2023-06-11,123.0,16614.77,135.08,4.3,15.0,19.0,83257.58,Card,Drive-thru,Renovation,Franchise
OUT10324,Wendy'S,Wendy's - Jammu 16,Jammu,Jammu And Kashmir,797001.0,Mall,Donuts,2024-02-01,88.0,30158.21,342.71,4.9,16.0,8.0,58649.07,Wallet,Takeaway,Renovation,Franchise
OUT10325,Burger King,Burger King - Ahmedabad 2,Ahmedabad,Gujarat,395001.0,High Street,Burger,2023-04-18,21.0,21853.66,1040.65,3.7,11.0,15.0,92479.15,UPI,Delivery,Open,Company Owned
OUT10326,Subway,Subway - Nashik 37,Nashik,Maharashtra,440001.0,Drive-Thru,Coffee & Snacks,2024-09-15,116.0,29525.13,254.53,3.6,19.0,8.0,109469.1,UPI,Drive-thru,Open,Company Owned
OUT10327,Pizza Hut,Pizza Hut - Bengaluru 40,Bengaluru,Karnataka,570001.0,Food Court,Fried Chicken,2023-01-22,180.0,30193.41,167.74,3.9,9.0,34.0,67455.64,Cash,Takeaway,Open,Company Owned
OUT10328,Pizza Hut,Pizza Hut - Nagpur 22,Nagpur,Maharashtra,400001.0,Mall,Burger,2025-09-20,127.0,27785.18,218.78,4.8,30.0,26.0,153773.77,Card,Delivery,Open,Franchise
OUT10329,Mcdonald'S,McDonald's - Hyderabad 9,Hyderabad,Telangana,500001.0,High Street,Fried Chicken,2024-09-27,129.0,19080.15,147.91,4.2,24.0,24.0,93830.22,UPI,Delivery,Closed,Franchise
OUT10330,Domino'S,Domino's - Dehradun 13,Dehradun,Uttarakhand,462001.0,Standalone,Tacos,2025-02-25,224.0,29149.12,130.13,4.5,30.0,31.0,84323.82,Wallet,Takeaway,Renovation,Franchise
OUT10331,Taco Bell,Taco Bell - Ludhiana 20,Ludhiana,Punjab,143001.0,High Street,Burger,2023-06-04,136.0,18038.91,132.64,4.2,19.0,30.0,152517.68,Cash,Delivery,Closed,Company Owned
OUT10332,Wendy'S,Wendy's - Pune 23,Pune,Maharashtra,400601.0,Food Court,Sandwich,2023-09-23,191.0,11617.0,60.82,3.6,16.0,29.0,79389.8,Wallet,Drive-thru,Closed,Franchise
OUT10333,Subway,Subway - Bhopal 8,Bhopal,Madhya Pradesh,396210.0,Mall,Fried Chicken,2025-11-02,218.0,24877.88,114.12,4.6,27.0,15.0,74328.24,Card,Takeaway,Open,Company Owned
OUT10334,Burger King,Burger King - Mysuru 28,Mysuru,Karnataka,570001.0,Food Court,Pizza,2024-09-13,81.0,17225.84,212.66,4.3,10.0,14.0,135558.27,Card,Takeaway,Open,Franchise
OUT10335,Kfc,KFC - Kochi 20,Kochi,Kerala,682553.0,Mall,Donuts,2024-06-19,177.0,25567.59,144.45,3.8,28.0,33.0,79022.58,Card,Takeaway,Closed,Franchise
OUT10336,Wendy'S,Wendy's - Visakhapatnam 5,Visakhapatnam,Andhra Pradesh,781001.0,High Street,Sandwich,2023-09-10,155.0,15866.64,102.37,4.2,9.0,33.0,101155.15,UPI,Dine-in,Open,Company Owned
OUT10337,Mcdonald'S,McDonald's - Imphal 27,Imphal,Manipur,737101.0,Drive-Thru,Pizza,2025-12-16,93.0,30437.34,327.28,3.5,6.0,22.0,125440.62,Cash,Dine-in,Closed,Franchise
OUT10338,Subway,Subway - Nagpur 20,Nagpur,Maharashtra,422001.0,Mall,Tacos,2024-01-13,118.0,19913.18,168.76,3.9,21.0,27.0,22749.72,Card,Delivery,Open,Company Owned
OUT10339,Wendy'S,Wendy's - Ludhiana 32,Ludhiana,Punjab,143001.0,Food Court,Sandwich,2023-07-21,166.0,9985.15,60.15,2.5,29.0,11.0,133951.67,Card,Delivery,Open,Franchise
OUT10340,Dunkin',Dunkin' - Surat 35,Surat,Gujarat,395001.0,Drive-Thru,Tacos,2025-11-15,113.0,4350.77,38.5,5.0,22.0,24.0,125460.7,UPI,Delivery,Renovation,Franchise
OUT10341,Pizza Hut,Pizza Hut - Coimbatore 37,Coimbatore,Tamil Nadu,641001.0,Food Court,Donuts,2023-11-03,131.0,12920.03,98.63,4.3,25.0,17.0,12000.0,Cash,Takeaway,Renovation,Franchise
OUT10342,Taco Bell,Taco Bell - Mumbai 22,Mumbai,Maharashtra,411001.0,Drive-Thru,Fried Chicken,2025-02-03,95.0,14758.27,155.35,4.1,9.0,18.0,131648.11,Card,Drive-thru,Open,Franchise
OUT10343,Subway,Subway - Coimbatore 35,Coimbatore,Tamil Nadu,641001.0,Food Court,Fried Chicken,2025-08-26,166.0,21615.93,130.22,3.5,12.0,6.0,75633.25,Cash,Delivery,Renovation,Franchise
OUT10344,Kfc,KFC - Noida 32,Noida,Uttar Pradesh,226001.0,Standalone,Burger,2025-03-24,226.0,21917.24,96.98,3.8,6.0,31.0,105853.33,Card,Takeaway,Open,Company Owned
OUT10345,Subway,Subway - Imphal 24,Imphal,Manipur,682001.0,Food Court,Pizza,2024-04-05,120.0,20702.23,172.52,3.6,15.0,28.0,161281.28,Card,Delivery,Closed,Franchise
OUT10346,Wendy'S,Wendy's - Ranchi 40,Ranchi,Jharkhand,796001.0,High Street,Sandwich,2024-06-07,86.0,18327.29,213.11,4.1,5.0,10.0,141497.47,Card,Dine-in,Open,Franchise
OUT10347,Burger King,Burger King - Chennai 14,Chennai,Tamil Nadu,641001.0,Food Court,Tacos,2023-08-25,84.0,14592.97,173.73,4.0,24.0,10.0,128265.23,Wallet,Takeaway,Closed,Company Owned
OUT10348,Domino'S,Domino's - Daman 38,Daman,Dadra And Nagar Haveli And Daman And Diu,834001.0,Drive-Thru,Donuts,2024-09-27,286.0,14259.19,49.86,3.9,25.0,32.0,170089.54,Card,Dine-in,Renovation,Franchise
OUT10349,Taco Bell,Taco Bell - Kohima 11,Kohima,Nagaland,781001.0,High Street,Tacos,2023-12-16,156.0,11226.66,71.97,4.3,9.0,4.0,94490.04,UPI,Dine-in,Renovation,Company Owned
OUT10350,Mcdonald'S,McDonald's - Coimbatore 31,Coimbatore,Tamil Nadu,641001.0,Drive-Thru,Pizza,2024-10-18,106.0,24970.9,235.57,4.4,5.0,20.0,74621.84,Card,Delivery,Open,Franchise
OUT10351,Wendy'S,Wendy's - Amritsar 38,Amritsar,Punjab,141001.0,Standalone,Fried Chicken,2025-10-21,214.0,7477.23,34.94,3.9,22.0,11.0,92541.69,Wallet,Delivery,Open,Franchise
OUT10352,Mcdonald'S,McDonald's - Kolkata 22,Kolkata,West Bengal,700001.0,Drive-Thru,Pizza,2025-07-12,228.0,13254.23,58.13,4.3,25.0,28.0,112039.38,Card,Takeaway,Open,Company Owned
OUT10353,Taco Bell,Taco Bell - Visakhapatnam 30,Visakhapatnam,Andhra Pradesh,744101.0,High Street,Pizza,2023-05-20,197.0,24378.47,123.75,4.3,8.0,18.0,76570.6,UPI,Drive-thru,Renovation,Company Owned
OUT10354,Kfc,KFC - Kochi 19,Kochi,Kerala,799001.0,Drive-Thru,Pizza,2024-04-18,186.0,25471.51,136.94,4.8,14.0,15.0,50923.47,UPI,Delivery,Open,Franchise
OUT10355,Subway,Subway - Ranchi 3,Ranchi,Jharkhand,799001.0,High Street,Donuts,2023-06-08,116.0,21506.88,185.4,4.2,6.0,15.0,107658.65,Wallet,Dine-in,Open,Franchise
OUT10356,Wendy'S,Wendy's - Surat 13,Surat,Gujarat,560001.0,Mall,Tacos,2025-03-05,107.0,12547.58,117.27,4.0,25.0,24.0,160250.42,Wallet,Drive-thru,Open,Franchise
OUT10357,Burger King,Burger King - Amritsar 35,Amritsar,Punjab,141001.0,Drive-Thru,Sandwich,2025-01-06,114.0,7140.64,62.64,4.0,4.0,11.0,95900.31,Cash,Dine-in,Open,Franchise
OUT10358,Domino'S,Domino's - Bengaluru 20,Bengaluru,Karnataka,560001.0,Mall,Coffee & Snacks,2024-07-07,182.0,500.0,2.75,2.7,18.0,35.0,90498.25,Card,Takeaway,Open,Company Owned
OUT10359,Burger King,Burger King - Panaji 33,Panaji,Goa,737101.0,High Street,Sandwich,2024-07-13,91.0,27342.27,300.46,3.9,20.0,13.0,91836.6,Cash,Takeaway,Open,Franchise
OUT10360,Pizza Hut,Pizza Hut - Thane 31,Thane,Maharashtra,411001.0,Food Court,Burger,2025-06-25,100.0,19418.11,194.18,2.8,25.0,2.0,79231.7,Card,Takeaway,Open,Company Owned
OUT10361,Subway,Subway - Varanasi 32,Varanasi,Uttar Pradesh,221001.0,Food Court,Burger,2023-04-25,161.0,22785.86,141.53,3.7,6.0,14.0,113519.86,Wallet,Takeaway,Open,Company Owned
OUT10362,Kfc,KFC - Port Blair 8,Port Blair,Andaman And Nicobar Islands,781001.0,Standalone,Coffee & Snacks,2024-10-08,243.0,21696.36,89.29,3.6,6.0,21.0,95112.63,UPI,Drive-thru,Closed,Company Owned
OUT10363,Dunkin',Dunkin' - Jammu 17,Jammu,Jammu And Kashmir,492001.0,Food Court,Tacos,2023-03-17,114.0,31384.03,275.3,4.0,13.0,12.0,68157.59,Cash,Takeaway,Open,Company Owned
OUT10364,Subway,Subway - Noida 35,Noida,Uttar Pradesh,201301.0,High Street,Coffee & Snacks,2023-08-31,103.0,6007.42,58.32,4.3,18.0,5.0,42585.89,Card,Drive-thru,Open,Franchise
OUT10365,Burger King,Burger King - Chennai 40,Chennai,Tamil Nadu,600001.0,Drive-Thru,Pizza,2025-06-19,172.0,26939.33,156.62,4.1,20.0,20.0,74642.81,Wallet,Delivery,Open,Company Owned
OUT10366,Subway,Subway - Nagpur 17,Nagpur,Maharashtra,411001.0,Food Court,Coffee & Snacks,2024-05-19,225.0,19484.15,86.6,4.3,7.0,25.0,81953.23,Cash,Drive-thru,Closed,Franchise
OUT10367,Dunkin',Dunkin' - Bhopal 12,Bhopal,Madhya Pradesh,795001.0,Standalone,Sandwich,2025-02-15,246.0,19457.25,79.09,4.3,26.0,24.0,127571.16,UPI,Takeaway,Open,Company Owned
OUT10368,Subway,Subway - Srinagar 31,Srinagar,Jammu And Kashmir,834001.0,Standalone,Tacos,2025-08-23,84.0,19196.78,228.53,5.0,15.0,16.0,24037.87,Card,Dine-in,Closed,Company Owned
OUT10369,Starbucks,Starbucks - Ahmedabad 2,Ahmedabad,Gujarat,395001.0,Drive-Thru,Pizza,2024-04-17,127.0,25632.49,201.83,4.2,19.0,12.0,117540.08,Card,Drive-thru,Open,Franchise
OUT10370,Burger King,Burger King - Jammu 20,Jammu,Jammu And Kashmir,462001.0,High Street,Burger,2024-12-17,120.0,19356.22,161.3,4.1,8.0,24.0,107780.18,Cash,Delivery,Open,Franchise
OUT10371,Dunkin',Dunkin' - Surat 29,Surat,Gujarat,395001.0,Drive-Thru,Sandwich,2025-10-14,84.0,16436.66,195.67,4.0,16.0,23.0,29202.48,Wallet,Takeaway,Open,Company Owned
OUT10372,Domino'S,Domino's - Amritsar 28,Amritsar,Punjab,141001.0,Standalone,Fried Chicken,2023-11-30,197.0,5358.19,27.2,4.1,6.0,35.0,137631.82,Wallet,Drive-thru,Open,Franchise
OUT10373,Burger King,Burger King - Surat 38,Surat,Gujarat,380001.0,Drive-Thru,Fried Chicken,2023-05-02,198.0,18768.04,94.79,3.5,29.0,14.0,102689.55,Cash,Delivery,Closed,Company Owned
OUT10374,Starbucks,Starbucks - Imphal 24,Imphal,Manipur,793001.0,Standalone,Pizza,2025-07-02,127.0,14606.58,115.01,3.8,30.0,3.0,77530.35,UPI,Delivery,Renovation,Company Owned
OUT10375,Dunkin',Dunkin' - Ranchi 39,Ranchi,Jharkhand,751001.0,Drive-Thru,Tacos,2025-09-09,123.0,10824.29,88.0,4.1,6.0,9.0,87438.89,UPI,Delivery,Open,Company Owned
OUT10376,Dunkin',Dunkin' - Lucknow 22,Lucknow,Uttar Pradesh,226001.0,High Street,Unknown,2024-02-24,193.0,31426.89,162.83,4.7,28.0,9.0,136097.89,Card,Delivery,Open,Company Owned
OUT10377,Wendy'S,Wendy's - Panaji 24,Panaji,Goa,737101.0,Standalone,Burger,2025-12-29,185.0,21898.2,118.37,3.8,5.0,5.0,89625.94,Wallet,Drive-thru,Open,Franchise
OUT10378,Subway,Subway - Kochi 6,Kochi,Kerala,796001.0,High Street,Coffee & Snacks,2024-10-05,83.0,14077.11,169.6,4.9,18.0,12.0,119675.31,UPI,Dine-in,Open,Franchise
OUT10379,Domino'S,Domino's - Kochi 4,Kochi,Kerala,799001.0,Drive-Thru,Donuts,2024-11-09,162.0,21027.96,129.8,3.6,18.0,20.0,122838.48,UPI,Drive-thru,Open,Franchise
OUT10380,Starbucks,Starbucks - Bhubaneswar 33,Bhubaneswar,Odisha,834001.0,High Street,Donuts,2025-08-30,183.0,19764.97,108.01,3.4,21.0,22.0,88543.09,Wallet,Dine-in,Open,Company Owned
OUT10381,Pizza Hut,Pizza Hut - Bengaluru 5,Bengaluru,Karnataka,560001.0,Drive-Thru,Sandwich,2023-06-19,229.0,22777.69,99.47,4.3,4.0,6.0,107042.27,Card,Takeaway,Open,Company Owned
OUT10382,Wendy'S,Wendy's - Nashik 28,Nashik,Maharashtra,440001.0,Drive-Thru,Tacos,2025-04-11,79.0,13746.69,174.01,4.1,15.0,19.0,114019.26,Wallet,Delivery,Closed,Company Owned
OUT10383,Starbucks,Starbucks - Bhubaneswar 30,Bhubaneswar,Odisha,797001.0,Standalone,Coffee & Snacks,2023-02-28,142.0,25661.74,180.72,4.6,29.0,18.0,71506.67,UPI,Delivery,Open,Franchise
OUT10384,Dunkin',Dunkin' - Mumbai 9,Mumbai,Maharashtra,422001.0,Food Court,Sandwich,2025-07-26,171.0,3636.68,21.27,4.2,24.0,9.0,88809.81,Cash,Delivery,Closed,Company Owned
OUT10385,Wendy'S,Wendy's - Vijayawada 12,Vijayawada,Andhra Pradesh,248001.0,Mall,Sandwich,2024-10-27,129.0,14159.58,109.76,4.1,29.0,11.0,70806.36,Cash,Dine-in,Closed,Company Owned
OUT10386,Subway,Subway - Amritsar 31,Amritsar,Punjab,143001.0,Mall,Coffee & Snacks,2024-11-06,135.0,10185.9,75.45,4.3,21.0,29.0,39158.75,Wallet,Dine-in,Renovation,Franchise
OUT10387,Subway,Subway - Itanagar 34,Itanagar,Arunachal Pradesh,834001.0,Mall,Sandwich,2025-09-20,83.0,32661.13,393.51,4.3,19.0,28.0,140319.47,UPI,Dine-in,Renovation,Company Owned
OUT10388,Subway,Subway - Gurugram 30,Gurugram,Haryana,682001.0,Standalone,Sandwich,2025-02-19,129.0,12270.72,95.12,4.3,11.0,30.0,161626.17,Cash,Dine-in,Open,Company Owned
OUT10389,Wendy'S,Wendy's - Faridabad 3,Faridabad,Haryana,171001.0,Drive-Thru,Coffee & Snacks,2025-08-31,49.0,9481.75,193.51,2.9,9.0,10.0,45669.96,Wallet,Takeaway,Open,Franchise
OUT10390,Burger King,Burger King - Ranchi 4,Ranchi,Jharkhand,799001.0,Food Court,Fried Chicken,2023-07-05,142.0,26562.22,187.06,4.4,15.0,24.0,87481.63,Wallet,Dine-in,Renovation,Franchise
OUT10391,Starbucks,Starbucks - Vijayawada 6,Vijayawada,Andhra Pradesh,492001.0,High Street,Pizza,2023-01-27,130.0,19489.88,149.92,2.8,5.0,2.0,93839.39,Wallet,Takeaway,Open,Franchise
OUT10392,Domino'S,Domino's - Coimbatore 33,Coimbatore,Tamil Nadu,600001.0,Drive-Thru,Sandwich,2025-12-30,100.0,13337.45,133.37,4.3,13.0,10.0,117584.05,UPI,Delivery,Open,Franchise
OUT10393,Pizza Hut,Pizza Hut - Shillong 16,Shillong,Meghalaya,834001.0,Mall,Donuts,2024-10-03,178.0,16608.46,93.31,3.8,21.0,5.0,105354.11,Wallet,Takeaway,Open,Company Owned
OUT10394,Wendy'S,Wendy's - Mysuru 3,Mysuru,Karnataka,560001.0,Standalone,Burger,2024-07-15,138.0,9621.87,69.72,4.6,18.0,28.0,73666.92,Wallet,Drive-thru,Open,Franchise
OUT10395,Burger King,Burger King - Daman 7,Daman,Dadra And Nagar Haveli And Daman And Diu,737101.0,Standalone,Coffee & Snacks,2023-03-16,69.0,6912.46,100.18,3.9,16.0,19.0,131190.11,UPI,Delivery,Open,Company Owned
OUT10396,Taco Bell,Taco Bell - Jaipur 8,Jaipur,Rajasthan,302001.0,Food Court,Pizza,2024-04-14,214.0,23628.63,110.41,3.3,25.0,8.0,93642.07,Card,Drive-thru,Open,Company Owned
OUT10397,Burger King,Burger King - Aizawl 35,Aizawl,Mizoram,462001.0,Standalone,Tacos,2024-04-23,214.0,10227.52,47.79,3.8,15.0,10.0,71879.07,Card,Delivery,Closed,Company Owned
OUT10398,Wendy'S,Wendy's - Ludhiana 10,Ludhiana,Punjab,141001.0,Mall,Sandwich,2023-09-19,260.0,28295.1,108.83,4.4,9.0,4.0,157461.52,Cash,Dine-in,Open,Company Owned
OUT10399,Wendy'S,Wendy's - Bhopal 8,Bhopal,Madhya Pradesh,492001.0,Mall,Fried Chicken,2023-08-08,167.0,20808.57,124.6,5.0,15.0,30.0,86251.85,Card,Drive-thru,Open,Company Owned
OUT10400,Pizza Hut,Pizza Hut - Srinagar 12,Srinagar,Jammu And Kashmir,793001.0,Mall,Fried Chicken,2024-12-15,81.0,28162.18,347.68,3.8,4.0,35.0,144420.0,UPI,Dine-in,Open,Franchise
OUT10401,Pizza Hut,Pizza Hut - Surat 31,Surat,Gujarat,395001.0,Mall,Sandwich,2023-05-09,37.0,27888.87,753.75,4.2,24.0,19.0,74768.75,Cash,Delivery,Open,Company Owned
OUT10402,Burger King,Burger King - Chennai 11,Chennai,Tamil Nadu,600001.0,Drive-Thru,Coffee & Snacks,2025-10-12,136.0,23623.35,173.7,4.0,29.0,19.0,101373.14,UPI,Delivery,Renovation,Company Owned
OUT10403,Dunkin',Dunkin' - Chandigarh 36,Chandigarh,Chandigarh,462001.0,Drive-Thru,Tacos,2024-01-03,146.0,20204.21,138.38,4.4,20.0,31.0,32830.9,Wallet,Drive-thru,Closed,Franchise
OUT10404,Kfc,KFC - Indore 5,Indore,Madhya Pradesh,781001.0,Standalone,Pizza,2025-06-04,140.0,21568.54,154.06,3.7,21.0,31.0,153286.58,Card,Drive-thru,Renovation,Franchise
OUT10405,Burger King,Burger King - Guwahati 28,Guwahati,Assam,796001.0,Food Court,Sandwich,2023-10-20,108.0,16654.31,154.21,3.6,4.0,34.0,119862.56,Cash,Dine-in,Renovation,Company Owned
OUT10406,Subway,Subway - Puducherry 14,Puducherry,Puducherry,796001.0,Standalone,Pizza,2023-09-04,167.0,33539.12,200.83,3.6,6.0,17.0,53502.99,Wallet,Delivery,Open,Franchise
OUT10407,Dunkin',Dunkin' - Kochi 2,Kochi,Kerala,834001.0,Standalone,Burger,2024-04-27,147.0,20920.24,142.31,4.6,30.0,8.0,117509.39,Wallet,Drive-thru,Open,Company Owned
OUT10408,Domino'S,Domino's - Amritsar 2,Amritsar,Punjab,141001.0,High Street,Tacos,2025-05-28,121.0,17664.67,145.99,3.7,13.0,3.0,143167.42,Wallet,Delivery,Renovation,Franchise
OUT10409,Mcdonald'S,McDonald's - Thiruvananthapuram 21,Thiruvananthapuram,Kerala,171001.0,Drive-Thru,Fried Chicken,2024-04-11,88.0,28985.15,329.38,3.7,19.0,22.0,105742.02,UPI,Takeaway,Closed,Franchise
OUT10410,Dunkin',Dunkin' - Leh 23,Leh,Ladakh,171001.0,Standalone,Sandwich,2024-08-27,152.0,18548.86,122.03,2.8,18.0,26.0,56670.5,Cash,Dine-in,Open,Franchise
OUT10411,Pizza Hut,Pizza Hut - Leh 26,Leh,Ladakh,492001.0,Mall,Coffee & Snacks,2024-12-06,186.0,3532.82,18.99,4.9,4.0,34.0,127163.68,Cash,Drive-thru,Renovation,Franchise
OUT10412,Burger King,Burger King - Panaji 27,Panaji,Goa,797001.0,Mall,Pizza,2025-12-18,113.0,28670.04,253.72,3.9,9.0,11.0,67510.68,Cash,Dine-in,Closed,Franchise
OUT10413,Kfc,KFC - Thiruvananthapuram 17,Thiruvananthapuram,Kerala,737101.0,Food Court,Tacos,2023-11-10,242.0,28629.49,118.3,3.6,14.0,21.0,89898.98,UPI,Takeaway,Renovation,Company Owned
OUT10414,Burger King,Burger King - Visakhapatnam 14,Visakhapatnam,Andhra Pradesh,682553.0,Mall,Fried Chicken,2024-06-06,203.0,19619.89,96.65,4.0,10.0,3.0,54668.65,Card,Dine-in,Renovation,Franchise
OUT10415,Taco Bell,Taco Bell - Shimla 24,Shimla,Himachal Pradesh,248001.0,Standalone,Tacos,2025-03-24,152.0,30083.72,197.92,4.0,19.0,17.0,91520.23,Wallet,Delivery,Open,Franchise
OUT10416,Burger King,Burger King - Bengaluru 32,Bengaluru,Karnataka,560001.0,Mall,Donuts,2023-11-13,162.0,18918.67,116.78,4.4,30.0,29.0,102295.5,Unknown,Drive-thru,Open,Company Owned
OUT10417,Dunkin',Dunkin' - Varanasi 7,Varanasi,Uttar Pradesh,221001.0,Food Court,Coffee & Snacks,2024-05-30,138.0,6488.31,47.02,5.0,20.0,27.0,75254.0,UPI,Takeaway,Renovation,Franchise
OUT10418,Burger King,Burger King - Jaipur 36,Jaipur,Rajasthan,313001.0,High Street,Coffee & Snacks,2025-06-14,164.0,19836.24,120.95,4.0,29.0,10.0,143262.2,Cash,Drive-thru,Open,Franchise
OUT10419,Mcdonald'S,McDonald's - Ludhiana 6,Ludhiana,Punjab,143001.0,Mall,Fried Chicken,2025-11-06,61.0,21574.25,353.68,3.8,5.0,17.0,80661.13,UPI,Delivery,Open,Franchise
OUT10420,Domino'S,Domino's - Mumbai 8,Mumbai,Maharashtra,422001.0,Standalone,Coffee & Snacks,2024-05-17,91.0,21018.17,230.97,4.3,13.0,21.0,55298.47,Wallet,Delivery,Open,Franchise
OUT10421,Pizza Hut,Pizza Hut - Shimla 37,Shimla,Himachal Pradesh,248001.0,Food Court,Sandwich,2023-11-09,190.0,19251.55,101.32,4.0,12.0,21.0,78024.99,Cash,Drive-thru,Renovation,Company Owned
OUT10422,Kfc,KFC - Srinagar 11,Srinagar,Jammu And Kashmir,751001.0,Drive-Thru,Coffee & Snacks,2024-06-05,91.0,42008.63,461.63,5.0,18.0,12.0,64991.5,UPI,Takeaway,Open,Company Owned
OUT10423,Burger King,Burger King - Patna 27,Patna,Bihar,744101.0,Mall,Sandwich,2023-04-03,38.0,30473.6,801.94,4.3,8.0,9.0,52685.73,Cash,Drive-thru,Open,Company Owned
OUT10424,Wendy'S,Wendy's - Guwahati 8,Guwahati,Assam,403001.0,High Street,Coffee & Snacks,2024-01-18,137.0,15852.62,115.71,4.3,15.0,6.0,98016.15,Card,Delivery,Open,Franchise
OUT10425,Burger King,Burger King - Faridabad 36,Faridabad,Haryana,793001.0,Drive-Thru,Pizza,2024-05-17,77.0,19085.67,247.87,3.3,6.0,2.0,102936.75,Cash,Drive-thru,Open,Company Owned
OUT10426,Wendy'S,Wendy's - Kolkata 8,Kolkata,West Bengal,700001.0,Mall,Tacos,2023-03-05,146.0,15237.66,104.37,4.0,19.0,19.0,77881.6,Wallet,Dine-in,Open,Company Owned
OUT10427,Taco Bell,Taco Bell - Thane 19,Thane,Maharashtra,400601.0,Standalone,Pizza,2024-11-26,131.0,22735.29,173.55,4.1,24.0,5.0,114625.72,Card,Takeaway,Open,Company Owned
OUT10428,Starbucks,Starbucks - Kavaratti 9,Kavaratti,Lakshadweep,682553.0,Food Court,Fried Chicken,2025-04-30,225.0,20374.83,90.55,3.4,13.0,24.0,112400.11,Wallet,Dine-in,Open,Franchise
OUT10429,Wendy'S,Wendy's - Thiruvananthapuram 16,Thiruvananthapuram,Kerala,797001.0,Mall,Fried Chicken,2024-11-29,227.0,22539.84,99.29,3.3,5.0,34.0,94530.97,Wallet,Delivery,Open,Franchise
OUT10430,Pizza Hut,Pizza Hut - Raipur 8,Raipur,Chhattisgarh,737101.0,Food Court,Tacos,2023-08-20,131.0,16983.42,129.64,4.1,17.0,35.0,84958.48,UPI,Dine-in,Renovation,Company Owned
OUT10431,Subway,Subway - Hyderabad 19,Hyderabad,Telangana,500001.0,Mall,Donuts,2023-09-03,144.0,10430.15,72.43,4.6,6.0,28.0,63042.68,Cash,Delivery,Open,Franchise
OUT10432,Mcdonald'S,McDonald's - Raipur 37,Raipur,Chhattisgarh,797001.0,Drive-Thru,Fried Chicken,2025-05-13,198.0,20092.91,101.48,4.5,14.0,19.0,49801.23,UPI,Takeaway,Open,Franchise
OUT10433,Dunkin',Dunkin' - Pune 26,Pune,Maharashtra,440001.0,Food Court,Pizza,2023-09-29,118.0,18146.76,153.79,3.7,5.0,22.0,81819.45,Cash,Takeaway,Closed,Company Owned
OUT10434,Pizza Hut,Pizza Hut - Port Blair 23,Port Blair,Andaman And Nicobar Islands,797001.0,Drive-Thru,Tacos,2024-05-04,100.0,18713.89,187.14,3.9,29.0,15.0,82935.36,Cash,Delivery,Open,Company Owned
OUT10435,Burger King,Burger King - Pune 11,Pune,Maharashtra,440001.0,High Street,Coffee & Snacks,2025-08-23,121.0,21731.85,179.6,4.3,10.0,10.0,58905.28,Cash,Drive-thru,Closed,Franchise
OUT10436,Subway,Subway - Guwahati 39,Guwahati,Assam,492001.0,Mall,Pizza,2023-11-04,196.0,13844.47,70.64,3.5,30.0,13.0,89152.89,Wallet,Delivery,Closed,Company Owned
OUT10437,Starbucks,Starbucks - Bengaluru 7,Bengaluru,Karnataka,570001.0,Food Court,Pizza,2024-06-18,136.0,29578.98,217.49,3.3,19.0,32.0,53828.7,Wallet,Delivery,Renovation,Company Owned
OUT10438,Kfc,KFC - Mysuru 28,Mysuru,Karnataka,560001.0,Food Court,Fried Chicken,2023-09-16,133.0,17273.37,129.87,3.7,17.0,35.0,126058.52,Wallet,Delivery,Open,Franchise
OUT10439,Kfc,KFC - Coimbatore 19,Coimbatore,Tamil Nadu,600001.0,High Street,Sandwich,2023-05-03,111.0,13845.9,124.74,3.3,7.0,21.0,142152.65,Cash,Delivery,Open,Company Owned
OUT10440,Burger King,Burger King - Leh 30,Leh,Ladakh,800001.0,Food Court,Fried Chicken,2024-07-14,160.0,10482.77,65.52,4.6,29.0,11.0,133485.51,Card,Takeaway,Renovation,Franchise
OUT10441,Starbucks,Starbucks - Jaipur 11,Jaipur,Rajasthan,302001.0,High Street,Fried Chicken,2024-10-13,158.0,15333.8,97.05,3.3,25.0,8.0,57399.5,UPI,Takeaway,Renovation,Company Owned
OUT10442,Dunkin',Dunkin' - Srinagar 23,Srinagar,Jammu And Kashmir,781001.0,Standalone,Fried Chicken,2025-12-13,96.0,17363.49,180.87,3.9,16.0,24.0,77270.86,Wallet,Delivery,Open,Franchise
OUT10443,Subway,Subway - Daman 3,Daman,Dadra And Nagar Haveli And Daman And Diu,403001.0,Standalone,Fried Chicken,2025-09-14,152.0,28125.68,185.04,4.3,15.0,2.0,12000.0,UPI,Delivery,Open,Franchise
OUT10444,Taco Bell,Taco Bell - Puducherry 40,Puducherry,Puducherry,492001.0,Standalone,Fried Chicken,2024-04-30,114.0,28682.6,251.6,3.6,9.0,8.0,126995.46,Card,Takeaway,Open,Franchise
OUT10445,Pizza Hut,Pizza Hut - Varanasi 18,Varanasi,Uttar Pradesh,201301.0,Mall,Sandwich,2025-08-22,164.0,24176.93,147.42,3.6,30.0,9.0,69778.47,Wallet,Delivery,Renovation,Company Owned
OUT10446,Mcdonald'S,McDonald's - Dehradun 4,Dehradun,Uttarakhand,781001.0,Food Court,Tacos,2025-06-16,18.0,27046.12,1502.56,4.6,24.0,30.0,52944.44,Cash,Takeaway,Renovation,Company Owned
OUT10447,Taco Bell,Taco Bell - Guwahati 35,Guwahati,Assam,800001.0,Mall,Tacos,2023-05-13,103.0,24511.69,237.98,5.0,29.0,7.0,179723.31,Wallet,Dine-in,Open,Franchise
OUT10448,Burger King,Burger King - Shillong 17,Shillong,Meghalaya,682001.0,Mall,Coffee & Snacks,2024-09-17,76.0,31781.31,418.18,3.8,11.0,15.0,106964.4,Wallet,Takeaway,Open,Company Owned
OUT10449,Subway,Subway - Noida 24,Noida,Uttar Pradesh,201301.0,Drive-Thru,Tacos,2024-01-27,138.0,8371.4,60.66,3.5,23.0,9.0,148086.57,Cash,Dine-in,Open,Company Owned
OUT10450,Pizza Hut,Pizza Hut - Panaji 13,Panaji,Goa,751001.0,Standalone,Fried Chicken,2023-01-05,171.0,5026.7,29.4,4.3,19.0,32.0,142396.3,UPI,Delivery,Renovation,Franchise
OUT10451,Domino'S,Domino's - Bhubaneswar 32,Bhubaneswar,Odisha,492001.0,Drive-Thru,Burger,2025-03-16,140.0,31595.76,225.68,4.1,18.0,25.0,68482.57,Cash,Drive-thru,Open,Company Owned
OUT10452,Subway,Subway - Visakhapatnam 7,Visakhapatnam,Andhra Pradesh,396210.0,Food Court,Tacos,2024-08-26,172.0,17191.88,99.95,3.6,25.0,2.0,95917.67,Card,Takeaway,Open,Franchise
OUT10453,Burger King,Burger King - Port Blair 24,Port Blair,Andaman And Nicobar Islands,751001.0,High Street,Sandwich,2024-01-05,149.0,28694.06,192.58,3.2,23.0,24.0,34563.62,Cash,Delivery,Open,Company Owned
OUT10454,Kfc,KFC - Patna 38,Patna,Bihar,834001.0,Food Court,Tacos,2024-12-24,126.0,14879.49,118.09,4.0,7.0,18.0,86998.23,Card,Takeaway,Open,Franchise
OUT10455,Dunkin',Dunkin' - Nashik 35,Nashik,Maharashtra,400601.0,Mall,Donuts,2025-07-18,129.0,10422.99,80.8,4.5,30.0,19.0,90058.46,Card,Dine-in,Renovation,Company Owned
OUT10456,Subway,Subway - Bhubaneswar 40,Bhubaneswar,Odisha,834001.0,Drive-Thru,Donuts,2024-04-29,70.0,23991.29,342.73,4.5,21.0,17.0,91514.83,Cash,Drive-thru,Open,Franchise
OUT10457,Pizza Hut,Pizza Hut - Visakhapatnam 32,Visakhapatnam,Andhra Pradesh,171001.0,Food Court,Coffee & Snacks,2025-03-30,170.0,24345.26,143.21,3.5,28.0,5.0,76120.11,Wallet,Dine-in,Renovation,Company Owned
OUT10458,Taco Bell,Taco Bell - New Delhi 28,New Delhi,Delhi,110017.0,High Street,Pizza,2024-04-30,251.0,9097.12,36.24,4.1,4.0,8.0,37421.78,Wallet,Drive-thru,Open,Franchise
OUT10459,Mcdonald'S,McDonald's - Vijayawada 10,Vijayawada,Andhra Pradesh,248001.0,Mall,Tacos,2025-04-19,190.0,27075.25,142.5,4.7,28.0,25.0,89250.2,Card,Dine-in,Open,Franchise
OUT10460,Wendy'S,Wendy's - Imphal 8,Imphal,Manipur,797001.0,Mall,Tacos,2025-04-30,156.0,15415.51,98.82,4.1,14.0,34.0,120406.95,UPI,Takeaway,Open,Franchise
OUT10461,Starbucks,Starbucks - Thiruvananthapuram 40,Thiruvananthapuram,Kerala,781001.0,Mall,Pizza,2025-01-18,72.0,28246.78,392.32,3.9,12.0,20.0,66368.47,Cash,Delivery,Open,Franchise
OUT10462,Kfc,KFC - Srinagar 10,Srinagar,Jammu And Kashmir,737101.0,Mall,Fried Chicken,2025-12-12,189.0,19808.91,104.81,4.2,11.0,20.0,134740.17,Card,Takeaway,Open,Company Owned
OUT10463,Pizza Hut,Pizza Hut - Hyderabad 2,Hyderabad,Telangana,500001.0,High Street,Pizza,2023-04-09,70.0,10289.42,146.99,3.3,18.0,23.0,116026.17,Cash,Dine-in,Renovation,Company Owned
OUT10464,Mcdonald'S,McDonald's - Ludhiana 9,Ludhiana,Punjab,141001.0,Mall,Burger,2025-10-13,140.0,22788.2,162.77,4.0,4.0,24.0,128028.14,Card,Delivery,Renovation,Franchise
OUT10465,Mcdonald'S,McDonald's - Vijayawada 20,Vijayawada,Andhra Pradesh,800001.0,Mall,Sandwich,2024-04-01,169.0,9861.59,58.35,3.3,24.0,18.0,127323.37,Card,Drive-thru,Open,Franchise
OUT10466,Pizza Hut,Pizza Hut - Jammu 15,Jammu,Jammu And Kashmir,797001.0,Drive-Thru,Pizza,2023-10-04,116.0,23981.1,206.73,3.8,23.0,32.0,63723.79,Wallet,Dine-in,Open,Company Owned
OUT10467,Mcdonald'S,McDonald's - Imphal 30,Imphal,Manipur,744101.0,Standalone,Sandwich,2025-08-24,166.0,24433.84,147.19,4.3,27.0,25.0,96198.8,UPI,Takeaway,Renovation,Company Owned
OUT10468,Domino'S,Domino's - Pune 25,Pune,Maharashtra,411001.0,Food Court,Burger,2023-07-03,189.0,19701.92,104.24,4.4,26.0,2.0,99628.99,Wallet,Dine-in,Renovation,Company Owned
OUT10469,Pizza Hut,Pizza Hut - Mumbai 5,Mumbai,Maharashtra,440001.0,Food Court,Tacos,2025-10-05,166.0,29310.78,176.57,4.0,30.0,24.0,57488.45,Card,Delivery,Open,Company Owned
OUT10470,Domino'S,Domino's - Noida 13,Noida,Uttar Pradesh,201301.0,Food Court,Burger,2025-11-14,153.0,4705.46,30.75,4.9,21.0,27.0,115420.32,UPI,Dine-in,Open,Franchise
OUT10471,Domino'S,Domino's - Mysuru 4,Mysuru,Karnataka,570001.0,High Street,Donuts,2023-10-13,121.0,29519.89,243.97,5.0,8.0,33.0,66537.88,UPI,Drive-thru,Open,Company Owned
OUT10472,Pizza Hut,Pizza Hut - Raipur 11,Raipur,Chhattisgarh,682553.0,Drive-Thru,Coffee & Snacks,2024-11-14,124.0,24158.71,194.83,2.9,22.0,8.0,157122.18,Wallet,Dine-in,Open,Company Owned
OUT10473,Burger King,Burger King - Faridabad 4,Faridabad,Haryana,800001.0,High Street,Sandwich,2023-12-23,127.0,17597.05,138.56,4.1,5.0,6.0,79462.14,Cash,Delivery,Open,Franchise
OUT10474,Starbucks,Starbucks - Vijayawada 19,Vijayawada,Andhra Pradesh,171001.0,Drive-Thru,Pizza,2024-04-15,108.0,18699.82,173.15,4.5,18.0,22.0,68229.73,Cash,Drive-thru,Closed,Company Owned
OUT10475,Starbucks,Starbucks - Noida 1,Noida,Uttar Pradesh,201301.0,Standalone,Sandwich,2025-07-06,150.0,11873.42,79.16,4.0,5.0,21.0,84036.86,UPI,Delivery,Renovation,Company Owned
OUT10476,Pizza Hut,Pizza Hut - Lucknow 29,Lucknow,Uttar Pradesh,201301.0,High Street,Burger,2024-03-29,145.0,18285.78,126.11,3.9,5.0,27.0,61939.25,Cash,Drive-thru,Open,Franchise
OUT10477,Kfc,KFC - Faridabad 16,Faridabad,Haryana,793001.0,Drive-Thru,Pizza,2025-12-07,64.0,21457.74,335.28,3.6,8.0,11.0,82219.64,Cash,Delivery,Renovation,Franchise
OUT10478,Starbucks,Starbucks - Puducherry 8,Puducherry,Puducherry,737101.0,Mall,Fried Chicken,2023-10-20,39.0,19792.31,507.5,3.5,13.0,32.0,137659.02,UPI,Dine-in,Open,Franchise
OUT10479,Kfc,KFC - Amritsar 25,Amritsar,Punjab,141001.0,High Street,Burger,2025-06-23,174.0,31717.79,182.29,3.3,22.0,28.0,67759.84,Card,Drive-thru,Open,Franchise
OUT10480,Taco Bell,Taco Bell - Thiruvananthapuram 13,Thiruvananthapuram,Kerala,796001.0,Standalone,Donuts,2024-05-04,165.0,27214.39,164.94,3.8,29.0,2.0,100828.48,Card,Delivery,Closed,Company Owned
OUT10481,Kfc,KFC - Kochi 34,Kochi,Kerala,682553.0,Food Court,Sandwich,2024-06-19,117.0,13320.87,113.85,3.3,15.0,30.0,147233.47,Cash,Delivery,Closed,Franchise
OUT10482,Dunkin',Dunkin' - Jaipur 16,Jaipur,Rajasthan,313001.0,High Street,Burger,2024-10-27,106.0,12238.46,115.46,3.6,14.0,16.0,65553.04,UPI,Delivery,Open,Company Owned
OUT10483,Wendy'S,Wendy's - Pune 26,Pune,Maharashtra,440001.0,Mall,Sandwich,2024-10-08,167.0,8174.91,48.95,3.4,23.0,24.0,33490.92,Cash,Delivery,Renovation,Franchise
OUT10484,Mcdonald'S,McDonald's - Guwahati 19,Guwahati,Assam,248001.0,High Street,Pizza,2023-10-25,144.0,14923.91,103.64,3.0,30.0,20.0,43792.21,Cash,Delivery,Closed,Company Owned
OUT10485,Starbucks,Starbucks - Kochi 12,Kochi,Kerala,492001.0,Food Court,Burger,2023-02-15,141.0,24502.24,173.77,4.3,6.0,32.0,111118.74,Card,Dine-in,Open,Franchise
OUT10486,Wendy'S,Wendy's - Imphal 39,Imphal,Manipur,682553.0,Standalone,Coffee & Snacks,2025-09-05,167.0,13458.4,80.59,3.8,22.0,16.0,102383.11,Card,Drive-thru,Open,Franchise
OUT10487,Taco Bell,Taco Bell - Kavaratti 12,Kavaratti,Lakshadweep,462001.0,Mall,Sandwich,2023-09-04,107.0,20310.76,189.82,5.0,17.0,20.0,63320.24,UPI,Drive-thru,Open,Franchise
OUT10488,Mcdonald'S,McDonald's - Chandigarh 27,Chandigarh,Chandigarh,795001.0,High Street,Coffee & Snacks,2024-11-08,208.0,10799.71,51.92,4.3,10.0,31.0,32242.38,Cash,Drive-thru,Closed,Company Owned
OUT10489,Mcdonald'S,McDonald's - Thane 14,Thane,Maharashtra,411001.0,Standalone,Fried Chicken,2024-09-21,77.0,24103.79,313.04,4.9,26.0,4.0,111475.79,Cash,Dine-in,Renovation,Company Owned
OUT10490,Dunkin',Dunkin' - Kavaratti 26,Kavaratti,Lakshadweep,737101.0,High Street,Donuts,2025-03-05,176.0,27897.39,158.51,4.5,17.0,19.0,92937.48,Wallet,Delivery,Closed,Franchise
OUT10491,Starbucks,Starbucks - Mumbai 8,Mumbai,Maharashtra,440001.0,Drive-Thru,Fried Chicken,2025-08-23,170.0,20834.2,122.55,4.3,15.0,3.0,107664.78,UPI,Drive-thru,Open,Franchise
OUT10492,Domino'S,Domino's - Aizawl 29,Aizawl,Mizoram,834001.0,Food Court,Coffee & Snacks,2025-08-08,105.0,19604.18,186.71,3.6,15.0,4.0,46461.95,Cash,Takeaway,Open,Company Owned
OUT10493,Dunkin',Dunkin' - Guwahati 23,Guwahati,Assam,795001.0,Drive-Thru,Tacos,2025-04-28,220.0,13782.81,62.65,4.7,4.0,14.0,112041.07,Cash,Dine-in,Open,Company Owned
OUT10494,Dunkin',Dunkin' - Daman 11,Daman,Dadra And Nagar Haveli And Daman And Diu,793001.0,High Street,Burger,2024-11-07,180.0,23859.42,132.55,3.4,28.0,23.0,159186.0,Card,Dine-in,Closed,Franchise
OUT10495,Domino'S,Domino's - New Delhi 8,New Delhi,Delhi,110017.0,Drive-Thru,Sandwich,2023-03-01,196.0,23813.88,121.5,3.8,15.0,25.0,123695.86,Card,Dine-in,Open,Franchise
OUT10496,Burger King,Burger King - Indore 9,Indore,Madhya Pradesh,751001.0,Mall,Tacos,2024-03-10,114.0,25408.7,222.88,4.1,10.0,3.0,46814.91,Cash,Delivery,Open,Company Owned
OUT10497,Pizza Hut,Pizza Hut - Bhubaneswar 13,Bhubaneswar,Odisha,248001.0,Food Court,Sandwich,2023-02-01,207.0,15061.75,72.76,3.9,19.0,9.0,61713.24,Cash,Drive-thru,Closed,Franchise
OUT10498,Starbucks,Starbucks - Thiruvananthapuram 15,Thiruvananthapuram,Kerala,682001.0,Mall,Fried Chicken,2025-02-11,65.0,15078.3,231.97,3.5,8.0,2.0,57236.53,Wallet,Takeaway,Closed,Franchise
OUT10499,Dunkin',Dunkin' - Raipur 13,Raipur,Chhattisgarh,682553.0,Mall,Donuts,2025-07-25,10.0,22964.18,2296.42,4.1,22.0,26.0,76558.72,UPI,Drive-thru,Renovation,Company Owned
OUT10500,Wendy'S,Wendy's - Ahmedabad 10,Ahmedabad,Gujarat,395001.0,Food Court,Burger,2024-10-14,106.0,24500.1,231.13,3.5,16.0,24.0,54419.17,UPI,Delivery,Open,Company Owned
OUT10501,Domino'S,Domino's - Daman 25,Daman,Dadra And Nagar Haveli And Daman And Diu,834001.0,Mall,Donuts,2025-12-18,61.0,29574.4,484.83,3.7,27.0,2.0,118456.27,Wallet,Takeaway,Open,Company Owned
OUT10502,Burger King,Burger King - Bengaluru 35,Bengaluru,Karnataka,560001.0,High Street,Pizza,2025-05-13,167.0,8635.59,51.71,4.1,28.0,15.0,96191.82,Card,Takeaway,Open,Franchise
OUT10503,Taco Bell,Taco Bell - Jaipur 10,Jaipur,Rajasthan,313001.0,High Street,Burger,2025-01-23,201.0,17788.34,88.5,4.1,15.0,30.0,74620.87,Card,Takeaway,Open,Franchise
OUT10504,Mcdonald'S,McDonald's - Thiruvananthapuram 22,Thiruvananthapuram,Kerala,682553.0,Food Court,Tacos,2024-12-23,155.0,19514.3,125.9,3.8,18.0,20.0,128553.53,Card,Dine-in,Open,Franchise
OUT10505,Wendy'S,Wendy's - Agartala 18,Agartala,Tripura,834001.0,High Street,Pizza,2024-07-01,116.0,38324.69,330.39,4.1,15.0,24.0,36804.16,Card,Drive-thru,Renovation,Company Owned
OUT10506,Kfc,KFC - Kavaratti 34,Kavaratti,Lakshadweep,492001.0,Mall,Coffee & Snacks,2025-07-03,106.0,22728.43,214.42,4.1,5.0,29.0,85451.29,Card,Delivery,Open,Company Owned
OUT10507,Subway,Subway - Kochi 36,Kochi,Kerala,462001.0,Food Court,Coffee & Snacks,2024-12-24,130.0,26758.41,205.83,3.8,17.0,15.0,69168.15,Cash,Dine-in,Renovation,Company Owned
OUT10508,Taco Bell,Taco Bell - Faridabad 15,Faridabad,Haryana,781001.0,Food Court,Donuts,2025-01-15,181.0,7984.45,44.11,3.7,27.0,8.0,88292.4,UPI,Drive-thru,Open,Company Owned
OUT10509,Pizza Hut,Pizza Hut - Shillong 28,Shillong,Meghalaya,744101.0,Food Court,Donuts,2024-03-26,105.0,34632.82,329.84,4.0,22.0,2.0,44596.69,UPI,Drive-thru,Open,Franchise
OUT10510,Burger King,Burger King - Pune 32,Pune,Maharashtra,400001.0,Food Court,Donuts,2023-08-27,140.0,16825.55,120.18,3.6,19.0,26.0,111790.79,Card,Drive-thru,Open,Company Owned
OUT10511,Burger King,Burger King - Nagpur 27,Nagpur,Maharashtra,400601.0,Food Court,Sandwich,2025-01-12,181.0,18660.37,103.1,4.3,5.0,23.0,167345.5,Card,Dine-in,Open,Company Owned
OUT10512,Mcdonald'S,McDonald's - Bhopal 8,Bhopal,Madhya Pradesh,396210.0,Mall,Fried Chicken,2023-05-16,160.0,17001.51,106.26,4.1,8.0,31.0,109512.25,Card,Takeaway,Renovation,Franchise
OUT10513,Mcdonald'S,McDonald's - Udaipur 7,Udaipur,Rajasthan,302001.0,Drive-Thru,Sandwich,2025-09-20,189.0,27597.02,146.02,4.3,7.0,19.0,137275.8,Card,Drive-thru,Renovation,Company Owned
OUT10514,Pizza Hut,Pizza Hut - Kohima 7,Kohima,Nagaland,796001.0,High Street,Donuts,2025-11-13,191.0,30822.71,161.38,2.9,10.0,25.0,72648.94,Cash,Dine-in,Closed,Company Owned
OUT10515,Subway,Subway - Bhubaneswar 34,Bhubaneswar,Odisha,799001.0,High Street,Fried Chicken,2023-02-13,158.0,12245.17,77.5,3.9,30.0,12.0,85521.26,UPI,Dine-in,Renovation,Franchise
OUT10516,Dunkin',Dunkin' - Mysuru 11,Mysuru,Karnataka,560001.0,Drive-Thru,Burger,2023-11-20,234.0,12447.05,53.19,3.7,8.0,3.0,96622.19,Wallet,Delivery,Closed,Franchise
OUT10517,Dunkin',Dunkin' - Leh 28,Leh,Ladakh,834001.0,High Street,Tacos,2023-11-16,93.0,25550.69,274.74,3.8,18.0,30.0,97784.22,Card,Dine-in,Open,Franchise
OUT10518,Pizza Hut,Pizza Hut - Lucknow 9,Lucknow,Uttar Pradesh,226001.0,Food Court,Fried Chicken,2024-04-03,59.0,17850.37,302.55,3.6,20.0,13.0,122842.77,Card,Delivery,Open,Franchise
OUT10519,Domino'S,Domino's - Ludhiana 20,Ludhiana,Punjab,143001.0,Drive-Thru,Fried Chicken,2024-09-28,84.0,21333.39,253.97,4.4,10.0,15.0,98589.8,Wallet,Delivery,Closed,Company Owned
OUT10520,Kfc,KFC - Aizawl 22,Aizawl,Mizoram,781001.0,Standalone,Tacos,2024-09-20,157.0,23006.15,146.54,4.1,17.0,33.0,82814.79,Cash,Dine-in,Open,Company Owned
OUT10521,Starbucks,Starbucks - Surat 39,Surat,Gujarat,380001.0,Drive-Thru,Sandwich,2023-06-08,117.0,12596.85,107.67,4.9,28.0,7.0,60762.13,Cash,Delivery,Open,Company Owned
OUT10522,Wendy'S,Wendy's - Indore 3,Indore,Madhya Pradesh,793001.0,Mall,Tacos,2025-12-07,245.0,20156.69,82.27,5.0,28.0,19.0,109652.19,UPI,Drive-thru,Open,Company Owned
OUT10523,Domino'S,Domino's - Daman 40,Daman,Dadra And Nagar Haveli And Daman And Diu,682553.0,Food Court,Pizza,2025-07-10,156.0,26039.74,166.92,4.8,25.0,5.0,148334.36,Wallet,Delivery,Open,Company Owned
OUT10524,Burger King,Burger King - Coimbatore 17,Coimbatore,Tamil Nadu,560001.0,High Street,Fried Chicken,2023-05-27,137.0,36002.37,262.79,3.5,17.0,25.0,152406.05,Cash,Takeaway,Renovation,Company Owned
OUT10525,Subway,Subway - Nashik 10,Nashik,Maharashtra,422001.0,Standalone,Coffee & Snacks,2024-10-10,176.0,19169.73,108.92,3.6,11.0,22.0,90498.25,Wallet,Dine-in,Open,Franchise
OUT10526,Subway,Subway - Ludhiana 6,Ludhiana,Punjab,143001.0,Drive-Thru,Sandwich,2024-10-21,235.0,24461.71,104.09,4.6,22.0,26.0,30772.07,UPI,Takeaway,Open,Franchise
OUT10527,Taco Bell,Taco Bell - Thiruvananthapuram 8,Thiruvananthapuram,Kerala,248001.0,High Street,Pizza,2023-10-02,211.0,18294.45,86.7,3.1,13.0,17.0,122218.18,Cash,Dine-in,Open,Franchise
OUT10528,Dunkin',Dunkin' - Amritsar 13,Amritsar,Punjab,143001.0,Standalone,Donuts,2024-12-28,220.0,18904.73,85.93,4.5,28.0,25.0,53236.44,UPI,Dine-in,Closed,Company Owned
OUT10529,Mcdonald'S,McDonald's - Lucknow 1,Lucknow,Uttar Pradesh,226001.0,Food Court,Donuts,2024-12-04,85.0,13866.04,163.13,3.3,12.0,29.0,148888.16,Wallet,Drive-thru,Closed,Company Owned
OUT10530,Kfc,KFC - Chandigarh 35,Chandigarh,Chandigarh,396210.0,Drive-Thru,Burger,2024-02-27,141.0,12254.12,86.91,3.3,15.0,21.0,80800.98,UPI,Delivery,Open,Franchise
OUT10531,Taco Bell,Taco Bell - Thane 11,Thane,Maharashtra,411001.0,Standalone,Sandwich,2024-06-16,119.0,4623.37,38.85,3.6,19.0,29.0,129681.42,Card,Delivery,Open,Franchise
OUT10532,Mcdonald'S,McDonald's - Ahmedabad 38,Ahmedabad,Gujarat,380001.0,Mall,Sandwich,2023-05-18,189.0,28934.4,153.09,4.6,28.0,3.0,101131.54,Wallet,Delivery,Open,Franchise
OUT10533,Subway,Subway - Nashik 35,Nashik,Maharashtra,400601.0,Mall,Fried Chicken,2025-06-14,94.0,23458.25,249.56,4.0,12.0,16.0,99665.97,Wallet,Dine-in,Renovation,Company Owned
OUT10534,Starbucks,Starbucks - New Delhi 11,New Delhi,Delhi,110025.0,Drive-Thru,Donuts,2024-08-04,260.0,25290.74,97.27,5.0,23.0,6.0,67539.15,Cash,Drive-thru,Closed,Franchise
OUT10535,Mcdonald'S,McDonald's - Surat 11,Surat,Gujarat,395001.0,High Street,Burger,2024-07-31,108.0,19966.72,184.88,4.4,7.0,20.0,99816.09,Card,Dine-in,Open,Company Owned
OUT10536,Domino'S,Domino's - Faridabad 24,Faridabad,Haryana,834001.0,Standalone,Fried Chicken,2024-12-10,172.0,33767.02,196.32,4.2,20.0,23.0,70651.02,Card,Drive-thru,Closed,Franchise
OUT10537,Wendy'S,Wendy's - Kavaratti 23,Kavaratti,Lakshadweep,737101.0,High Street,Pizza,2024-03-05,145.0,30284.9,208.86,4.1,12.0,28.0,91582.65,UPI,Delivery,Open,Company Owned
OUT10538,Mcdonald'S,McDonald's - Jammu 27,Jammu,Jammu And Kashmir,403001.0,Drive-Thru,Coffee & Snacks,2023-07-21,73.0,27877.43,381.88,4.1,27.0,15.0,90498.25,UPI,Dine-in,Closed,Franchise
OUT10539,Starbucks,Starbucks - Puducherry 5,Puducherry,Puducherry,799001.0,Food Court,Coffee & Snacks,2025-11-18,197.0,33543.74,170.27,3.5,7.0,23.0,82415.78,UPI,Delivery,Open,Company Owned
OUT10540,Pizza Hut,Pizza Hut - Shimla 38,Shimla,Himachal Pradesh,751001.0,Mall,Pizza,2024-11-18,126.0,31284.7,248.29,4.4,27.0,24.0,93059.39,UPI,Dine-in,Open,Franchise
OUT10541,Dunkin',Dunkin' - Bhubaneswar 7,Bhubaneswar,Odisha,737101.0,Standalone,Sandwich,2024-05-25,143.0,27333.23,191.14,3.5,6.0,5.0,53588.98,UPI,Dine-in,Renovation,Company Owned
OUT10542,Starbucks,Starbucks - Srinagar 15,Srinagar,Jammu And Kashmir,781001.0,Food Court,Pizza,2024-11-03,120.0,13120.87,109.34,4.0,24.0,8.0,35666.31,Card,Takeaway,Closed,Company Owned
OUT10543,Taco Bell,Taco Bell - Kochi 16,Kochi,Kerala,396210.0,Mall,Donuts,2025-03-01,123.0,27810.61,226.1,5.0,9.0,2.0,49113.02,Card,Delivery,Renovation,Company Owned
OUT10544,Subway,Subway - Varanasi 8,Varanasi,Uttar Pradesh,201301.0,Mall,Burger,2025-02-13,184.0,24762.17,134.58,3.5,27.0,19.0,86904.36,Cash,Dine-in,Open,Franchise
OUT10545,Dunkin',Dunkin' - Thane 31,Thane,Maharashtra,400601.0,Drive-Thru,Coffee & Snacks,2025-08-02,181.0,16834.45,93.01,4.0,16.0,9.0,118207.53,UPI,Delivery,Closed,Company Owned
OUT10546,Mcdonald'S,McDonald's - Visakhapatnam 26,Visakhapatnam,Andhra Pradesh,800001.0,Mall,Fried Chicken,2025-12-29,84.0,22223.94,264.57,3.5,23.0,13.0,144392.48,Wallet,Takeaway,Renovation,Company Owned
OUT10547,Kfc,KFC - Kohima 23,Kohima,Nagaland,800001.0,Mall,Burger,2025-03-02,192.0,26514.07,138.09,3.7,10.0,13.0,119008.81,Cash,Dine-in,Open,Company Owned
OUT10548,Subway,Subway - Port Blair 5,Port Blair,Andaman And Nicobar Islands,799001.0,Mall,Coffee & Snacks,2024-11-04,84.0,14480.48,172.39,3.8,6.0,22.0,97399.48,Wallet,Drive-thru,Open,Company Owned
OUT10549,Domino'S,Domino's - Mysuru 11,Mysuru,Karnataka,570001.0,High Street,Coffee & Snacks,2023-08-21,127.0,14570.78,114.73,4.9,15.0,4.0,123921.31,Wallet,Dine-in,Renovation,Company Owned
OUT10550,Domino'S,Domino's - Kochi 8,Kochi,Kerala,796001.0,Food Court,Burger,2025-06-27,219.0,34675.83,158.34,2.9,10.0,28.0,83104.38,UPI,Dine-in,Open,Franchise
OUT10551,Taco Bell,Taco Bell - Lucknow 13,Lucknow,Uttar Pradesh,226001.0,Drive-Thru,Tacos,2024-11-27,242.0,30039.21,124.13,4.5,30.0,20.0,57680.47,Cash,Takeaway,Open,Franchise
OUT10552,Burgerking,Burger King - Coimbatore 30,Coimbatore,Tamil Nadu,641001.0,High Street,Tacos,2024-03-15,132.0,18260.86,138.34,4.7,4.0,26.0,60627.25,Card,Delivery,Open,Franchise
OUT10553,Starbucks,Starbucks - Faridabad 35,Faridabad,Haryana,737101.0,Mall,Pizza,2025-12-16,161.0,6272.1,38.96,4.0,5.0,3.0,81187.81,Cash,Delivery,Renovation,Franchise
OUT10554,Burgerking,Burger King - Itanagar 31,Itanagar,Arunachal Pradesh,403001.0,Food Court,Donuts,2024-12-31,87.0,36979.94,425.06,4.0,30.0,33.0,192469.74,Wallet,Dine-in,Closed,Company Owned
OUT10555,Taco Bell,Taco Bell - Nashik 5,Nashik,Maharashtra,560001.0,Standalone,Burger,2024-09-06,218.0,16759.6,76.88,4.2,8.0,20.0,54659.28,UPI,Dine-in,Renovation,Company Owned
OUT10556,Domino'S,Domino's - Ranchi 14,Ranchi,Jharkhand,795001.0,Mall,Tacos,2024-07-22,140.0,23116.26,165.12,4.2,5.0,16.0,118446.75,Card,Drive-thru,Open,Franchise
OUT10557,Mcdonald'S,McDonald's - Raipur 36,Raipur,Chhattisgarh,797001.0,Drive-Thru,Sandwich,2024-09-02,182.0,31929.18,175.44,4.4,17.0,6.0,128816.58,UPI,Takeaway,Open,Company Owned
OUT10558,Kfc,KFC - Thane 25,Thane,Maharashtra,422001.0,Drive-Thru,Donuts,2025-10-10,108.0,11373.44,105.31,4.2,30.0,32.0,87007.37,Wallet,Delivery,Open,Company Owned
OUT10559,Subway,Subway - Pune 23,Pune,Maharashtra,400601.0,High Street,Sandwich,2024-11-17,135.0,26844.19,198.85,3.7,10.0,18.0,62435.14,Wallet,Drive-thru,Renovation,Franchise
OUT10560,Kfc,KFC - Varanasi 10,Varanasi,Uttar Pradesh,201301.0,Drive-Thru,Burger,2025-04-11,90.0,29645.49,329.39,3.8,11.0,8.0,58884.7,Cash,Delivery,Open,Company Owned
OUT10561,Mcdonald'S,McDonald's - Panaji 20,Panaji,Goa,171001.0,Mall,Pizza,2025-01-19,176.0,15681.82,89.1,4.5,17.0,34.0,107796.43,UPI,Takeaway,Open,Company Owned
OUT10562,Mcdonald'S,McDonald's - Gurugram 10,Gurugram,Haryana,751001.0,Mall,Coffee & Snacks,2025-01-06,147.0,16067.82,109.3,4.1,26.0,33.0,132602.65,Cash,Takeaway,Open,Company Owned
OUT10563,Starbucks,Starbucks - Hyderabad 27,Hyderabad,Telangana,500001.0,Food Court,Coffee & Snacks,2025-02-14,166.0,26140.2,157.47,4.8,15.0,10.0,65661.85,Cash,Delivery,Open,Franchise
OUT10564,Pizza Hut,Pizza Hut - New Delhi 8,New Delhi,Delhi,110017.0,Standalone,Coffee & Snacks,2023-03-27,193.0,8074.29,41.84,4.4,8.0,28.0,141247.28,Card,Delivery,Open,Company Owned
OUT10565,Burger King,Burger King - Kavaratti 39,Kavaratti,Lakshadweep,834001.0,Standalone,Donuts,2025-01-15,206.0,12877.82,62.51,4.3,27.0,25.0,97069.39,Cash,Drive-thru,Open,Franchise
OUT10566,Taco Bell,Taco Bell - Patna 17,Patna,Bihar,797001.0,Food Court,Fried Chicken,2024-03-08,189.0,23055.97,121.99,4.0,11.0,18.0,96002.09,UPI,Takeaway,Open,Franchise
OUT10567,Wendy'S,Wendy's - Chennai 27,Chennai,Tamil Nadu,641001.0,Mall,Fried Chicken,2023-10-12,198.0,29935.48,151.19,4.0,10.0,9.0,75850.58,Wallet,Dine-in,Open,Company Owned
OUT10568,Domino'S,Domino's - Leh 37,Leh,Ladakh,462001.0,High Street,Donuts,2024-09-11,122.0,19854.62,162.74,4.3,15.0,10.0,84993.15,Wallet,Dine-in,Open,Franchise
OUT10569,Taco Bell,Taco Bell - Visakhapatnam 36,Visakhapatnam,Andhra Pradesh,834001.0,Drive-Thru,Sandwich,2023-07-07,176.0,32036.59,182.03,4.2,23.0,33.0,100584.21,Wallet,Dine-in,Open,Company Owned
OUT10570,Taco Bell,Taco Bell - Chennai 24,Chennai,Tamil Nadu,600001.0,Drive-Thru,Sandwich,2023-08-03,229.0,19880.95,86.82,4.1,15.0,5.0,89814.56,UPI,Drive-thru,Open,Company Owned
OUT10571,Domino'S,Domino's - Amritsar 13,Amritsar,Punjab,143001.0,Drive-Thru,Fried Chicken,2023-01-01,172.0,15100.0,87.79,4.5,4.0,31.0,44400.58,UPI,Drive-thru,Open,Franchise
OUT10572,Kfc,KFC - Leh 4,Leh,Ladakh,800001.0,Standalone,Burger,2023-10-25,102.0,18478.77,181.16,5.0,9.0,27.0,96549.96,Cash,Dine-in,Renovation,Franchise
OUT10573,Pizza Hut,Pizza Hut - Jammu 26,Jammu,Jammu And Kashmir,737101.0,Drive-Thru,Pizza,2023-08-10,203.0,4397.25,21.66,4.2,20.0,16.0,94249.87,UPI,Dine-in,Open,Franchise
OUT10574,Dunkin',Dunkin' - Jammu 33,Jammu,Jammu And Kashmir,737101.0,Food Court,Burger,2024-08-27,150.0,15756.47,105.04,3.4,19.0,25.0,73402.59,Wallet,Takeaway,Open,Franchise
OUT10575,Taco Bell,Taco Bell - Nashik 8,Nashik,Maharashtra,411001.0,Mall,Sandwich,2025-11-23,33.0,13063.5,395.86,3.2,9.0,2.0,128482.12,Cash,Takeaway,Open,Company Owned
OUT10576,Pizza Hut,Pizza Hut - Nashik 5,Nashik,Maharashtra,422001.0,Food Court,Tacos,2023-10-31,90.0,22444.13,249.38,4.5,21.0,20.0,63829.94,UPI,Takeaway,Open,Company Owned
OUT10577,Mcdonald'S,McDonald's - Lucknow 26,Lucknow,Uttar Pradesh,226001.0,Food Court,Donuts,2024-11-29,94.0,18972.69,201.84,4.6,19.0,30.0,94955.62,Card,Dine-in,Open,Franchise
OUT10578,Dunkin',Dunkin' - Kohima 17,Kohima,Nagaland,834001.0,Drive-Thru,Tacos,2024-11-02,143.0,43113.59,301.49,4.1,16.0,33.0,86075.31,Wallet,Takeaway,Open,Franchise
OUT10579,Dunkin',Dunkin' - Indore 28,Indore,Madhya Pradesh,462001.0,Standalone,Fried Chicken,2025-07-19,192.0,22742.81,118.45,4.6,15.0,30.0,33337.91,Wallet,Dine-in,Renovation,Franchise
OUT10580,Burger King,Burger King - Daman 35,Daman,Dadra And Nagar Haveli And Daman And Diu,744101.0,Food Court,Burger,2025-09-07,146.0,24980.51,171.1,3.6,28.0,8.0,119475.77,Wallet,Delivery,Open,Company Owned
OUT10581,Domino'S,Domino's - Ludhiana 25,Ludhiana,Punjab,143001.0,High Street,Sandwich,2024-03-05,178.0,22950.64,128.94,3.4,30.0,34.0,44315.99,Cash,Takeaway,Renovation,Company Owned
OUT10582,Mcdonald'S,McDonald's - Nashik 9,Nashik,Maharashtra,400001.0,Mall,Pizza,2025-09-03,96.0,13265.08,138.18,4.3,24.0,29.0,74425.19,Card,Delivery,Closed,Company Owned
OUT10583,Subway,Subway - Varanasi 3,Varanasi,Uttar Pradesh,221001.0,High Street,Tacos,2024-11-29,120.0,1857.59,15.48,3.2,9.0,21.0,87053.99,Cash,Takeaway,Open,Company Owned
OUT10584,Wendy'S,Wendy's - Varanasi 12,Varanasi,Uttar Pradesh,221001.0,Mall,Fried Chicken,2025-06-24,51.0,17993.38,352.81,4.0,23.0,11.0,161214.77,Wallet,Dine-in,Open,Company Owned
OUT10585,Burger King,Burger King - Jaipur 13,Jaipur,Rajasthan,313001.0,Drive-Thru,Pizza,2023-06-05,118.0,31081.6,263.4,4.7,4.0,13.0,88583.31,Cash,Delivery,Open,Franchise
OUT10586,Dunkin',Dunkin' - Noida 25,Noida,Uttar Pradesh,221001.0,Food Court,Donuts,2024-03-13,122.0,14810.8,121.4,3.5,18.0,4.0,63229.72,Card,Dine-in,Open,Franchise
OUT10587,Pizza Hut,Pizza Hut - Gurugram 27,Gurugram,Haryana,737101.0,Drive-Thru,Coffee & Snacks,2025-04-09,151.0,28541.68,189.02,3.1,10.0,14.0,89268.72,Cash,Drive-thru,Open,Franchise
OUT10588,Dunkin',Dunkin' - Amritsar 37,Amritsar,Punjab,141001.0,Drive-Thru,Donuts,2025-01-07,183.0,13245.29,72.38,3.8,18.0,8.0,47195.52,Card,Takeaway,Renovation,Franchise
OUT10589,Wendy'S,Wendy's - Faridabad 4,Faridabad,Haryana,682553.0,Food Court,Fried Chicken,2024-01-01,138.0,10854.84,78.66,4.1,5.0,17.0,89319.35,Card,Dine-in,Open,Company Owned
OUT10590,Wendy'S,Wendy's - Patna 7,Patna,Bihar,781001.0,Food Court,Pizza,2024-03-22,135.0,11943.29,88.47,3.7,16.0,22.0,53438.88,UPI,Takeaway,Open,Company Owned
OUT10591,Kfc,KFC - Itanagar 37,Itanagar,Arunachal Pradesh,793001.0,Standalone,Donuts,2023-12-04,183.0,13210.09,72.19,4.5,20.0,11.0,115543.14,Wallet,Drive-thru,Open,Company Owned
OUT10592,Dunkin',Dunkin' - Imphal 29,Imphal,Manipur,171001.0,Drive-Thru,Tacos,2025-01-11,109.0,15085.0,138.39,3.7,4.0,17.0,122695.67,UPI,Delivery,Open,Franchise
OUT10593,Kfc,KFC - Thiruvananthapuram 20,Thiruvananthapuram,Kerala,403001.0,Food Court,Pizza,2024-12-01,201.0,1284.93,6.39,4.0,25.0,7.0,114065.25,UPI,Drive-thru,Renovation,Franchise
OUT10594,Dunkin',Dunkin' - Chandigarh 19,Chandigarh,Chandigarh,682553.0,Drive-Thru,Coffee & Snacks,2023-02-21,189.0,24774.01,131.08,5.0,17.0,5.0,118379.64,Cash,Delivery,Renovation,Franchise
OUT10595,Taco Bell,Taco Bell - Daman 8,Daman,Dadra And Nagar Haveli And Daman And Diu,492001.0,Mall,Sandwich,2024-05-31,38.0,13080.0,344.21,2.3,22.0,21.0,70217.31,Cash,Drive-thru,Closed,Company Owned
OUT10596,Kfc,KFC - Bengaluru 33,Bengaluru,Karnataka,570001.0,High Street,Burger,2024-10-13,243.0,12609.71,51.89,3.8,4.0,10.0,90694.52,Card,Delivery,Open,Franchise
OUT10597,Domino'S,Domino's - Ranchi 23,Ranchi,Jharkhand,796001.0,Standalone,Fried Chicken,2024-08-25,288.0,17038.76,59.16,4.4,5.0,18.0,105537.58,Wallet,Takeaway,Closed,Company Owned
OUT10598,Taco Bell,Taco Bell - Amritsar 20,Amritsar,Punjab,143001.0,Mall,Burger,2023-04-04,128.0,12647.76,98.81,3.7,10.0,17.0,79110.16,Card,Takeaway,Open,Franchise
OUT10599,Subway,Subway - Thiruvananthapuram 10,Thiruvananthapuram,Kerala,492001.0,Mall,Sandwich,2025-10-06,63.0,15269.69,242.38,3.3,25.0,30.0,71461.62,Card,Delivery,Closed,Franchise
OUT10600,Taco Bell,Taco Bell - Visakhapatnam 26,Visakhapatnam,Andhra Pradesh,834001.0,Food Court,Pizza,2023-02-10,85.0,19701.66,231.78,3.6,11.0,20.0,153696.02,UPI,Drive-thru,Closed,Franchise
OUT10601,Taco Bell,Taco Bell - Jaipur 7,Jaipur,Rajasthan,302001.0,High Street,Sandwich,2024-04-19,109.0,14168.2,129.98,4.3,27.0,19.0,151577.47,UPI,Drive-thru,Open,Franchise
OUT10602,Starbucks,Starbucks - Chennai 25,Chennai,Tamil Nadu,641001.0,Drive-Thru,Coffee & Snacks,2025-02-27,166.0,20543.84,123.76,4.3,21.0,21.0,92342.03,Cash,Drive-thru,Open,Franchise
OUT10603,Mcdonald'S,McDonald's - Vijayawada 39,Vijayawada,Andhra Pradesh,737101.0,Drive-Thru,Coffee & Snacks,2024-02-26,124.0,25468.3,205.39,4.0,24.0,2.0,78351.45,Wallet,Dine-in,Open,Company Owned
OUT10604,Wendy'S,Wendy's - Mumbai 11,Mumbai,Maharashtra,400001.0,Food Court,Fried Chicken,2023-03-01,86.0,3520.0,40.93,4.4,24.0,31.0,85074.09,UPI,Drive-thru,Open,Company Owned
OUT10605,Wendy'S,Wendy's - Leh 32,Leh,Ladakh,793001.0,Food Court,Coffee & Snacks,2025-11-03,137.0,23709.48,173.06,3.7,13.0,24.0,60885.01,Card,Takeaway,Open,Company Owned
OUT10606,Mcdonald'S,McDonald's - Bhubaneswar 13,Bhubaneswar,Odisha,800001.0,Food Court,Tacos,2025-11-19,164.0,18909.82,115.3,2.8,28.0,20.0,144500.03,Wallet,Dine-in,Open,Company Owned
OUT10607,Wendy'S,Wendy's - Bhopal 17,Bhopal,Madhya Pradesh,462001.0,Drive-Thru,Burger,2023-10-09,272.0,18154.32,66.74,3.7,26.0,8.0,69281.44,Wallet,Delivery,Open,Company Owned
OUT10608,Taco Bell,Taco Bell - Mumbai 37,Mumbai,Maharashtra,400001.0,Drive-Thru,Fried Chicken,2023-09-12,142.0,24346.97,171.46,4.3,9.0,12.0,51736.44,Wallet,Drive-thru,Closed,Franchise
OUT10609,Mcdonald'S,McDonald's - Udaipur 21,Udaipur,Rajasthan,313001.0,Drive-Thru,Burger,2025-01-06,93.0,40549.93,436.02,3.5,18.0,8.0,131713.64,Wallet,Dine-in,Renovation,Company Owned
OUT10610,Taco Bell,Taco Bell - Kochi 29,Kochi,Kerala,682001.0,Standalone,Tacos,2024-05-19,95.0,24151.45,254.23,4.8,28.0,35.0,121983.48,UPI,Delivery,Open,Company Owned
OUT10611,Starbucks,Starbucks - Mysuru 35,Mysuru,Karnataka,570001.0,Food Court,Fried Chicken,2025-05-01,256.0,16154.34,63.1,4.8,20.0,27.0,141185.06,Card,Drive-thru,Closed,Company Owned
OUT10612,Pizza Hut,Pizza Hut - Kolkata 6,Kolkata,West Bengal,700091.0,High Street,Tacos,2025-05-25,750.0,250000.0,335.09,4.0,11.0,19.0,72341.45,UPI,Delivery,Open,Company Owned
OUT10613,Wendy'S,Wendy's - Hyderabad 36,Hyderabad,Telangana,500001.0,Drive-Thru,Burger,2024-10-02,148.0,25399.13,171.62,4.4,6.0,33.0,130296.6,UPI,Dine-in,Renovation,Company Owned
OUT10614,Starbucks,Starbucks - Udaipur 17,Udaipur,Rajasthan,302001.0,Drive-Thru,Tacos,2024-01-09,94.0,7900.31,84.05,4.6,5.0,20.0,122984.31,UPI,Delivery,Closed,Company Owned
OUT10615,Kfc,KFC - Jammu 2,Jammu,Jammu And Kashmir,799001.0,Drive-Thru,Coffee & Snacks,2025-05-31,170.0,11021.71,64.83,5.0,16.0,3.0,77355.38,Cash,Takeaway,Renovation,Franchise
OUT10616,Kfc,KFC - Leh 11,Leh,Ladakh,396210.0,Mall,Fried Chicken,2023-08-19,102.0,22906.96,224.58,4.2,5.0,12.0,12000.0,UPI,Delivery,Closed,Franchise
OUT10617,Burger King,Burger King - Vijayawada 33,Vijayawada,Andhra Pradesh,799001.0,High Street,Coffee & Snacks,2025-02-11,184.0,15770.42,85.71,4.5,27.0,12.0,124049.31,Cash,Delivery,Open,Company Owned
OUT10618,Burger King,Burger King - Chandigarh 32,Chandigarh,Chandigarh,248001.0,Standalone,Burger,2023-10-30,169.0,26286.75,155.54,4.6,25.0,25.0,76980.54,Wallet,Drive-thru,Closed,Company Owned
OUT10619,Taco Bell,Taco Bell - Chandigarh 15,Chandigarh,Chandigarh,796001.0,High Street,Burger,2025-07-17,160.0,12103.22,75.65,3.8,14.0,32.0,67665.41,UPI,Dine-in,Open,Company Owned
OUT10620,Domino'S,Domino's - Agartala 3,Agartala,Tripura,799001.0,High Street,Tacos,2025-10-10,122.0,26520.29,217.38,4.9,26.0,9.0,56319.52,Cash,Delivery,Renovation,Company Owned
OUT10621,Kfc,KFC - Udaipur 12,Udaipur,Rajasthan,313001.0,Mall,Pizza,2024-02-04,151.0,17963.98,118.97,3.7,6.0,4.0,64045.42,UPI,Dine-in,Open,Company Owned
OUT10622,Burger King,Burger King - Thane 36,Thane,Maharashtra,400001.0,Food Court,Tacos,2024-03-23,183.0,25327.24,138.4,3.5,23.0,7.0,12000.0,Wallet,Takeaway,Renovation,Company Owned
OUT10623,Mcdonald'S,McDonald's - Ahmedabad 24,Ahmedabad,Gujarat,380001.0,Mall,Sandwich,2025-12-04,124.0,6963.02,56.15,4.4,30.0,4.0,124956.87,Cash,Drive-thru,Open,Company Owned
OUT10624,Domino'S,Domino's - Kavaratti 32,Kavaratti,Lakshadweep,797001.0,Drive-Thru,Coffee & Snacks,2023-01-25,75.0,24161.34,322.15,4.5,16.0,17.0,112056.17,Card,Takeaway,Renovation,Franchise
OUT10625,Burger King,Burger King - Daman 40,Daman,Dadra And Nagar Haveli And Daman And Diu,751001.0,Mall,Donuts,2023-10-21,85.0,13788.57,162.22,4.3,26.0,26.0,92755.07,Cash,Drive-thru,Open,Franchise
OUT10626,Mcdonald'S,McDonald's - Jaipur 32,Jaipur,Rajasthan,302001.0,Drive-Thru,Donuts,2024-07-04,49.0,21610.26,441.03,4.5,5.0,3.0,104862.4,UPI,Takeaway,Open,Franchise
OUT10627,Domino'S,Domino's - Ludhiana 12,Ludhiana,Punjab,143001.0,Standalone,Donuts,2025-07-02,174.0,16662.75,95.76,4.5,18.0,26.0,80412.0,Wallet,Dine-in,Open,Company Owned
OUT10628,Kfc,KFC - Dehradun 33,Dehradun,Uttarakhand,396210.0,Standalone,Burger,2024-03-09,123.0,31631.86,257.17,5.0,10.0,23.0,84814.74,Wallet,Delivery,Renovation,Franchise
OUT10629,Mcdonald'S,McDonald's - Coimbatore 33,Coimbatore,Tamil Nadu,600001.0,Mall,Sandwich,2024-12-10,140.0,14195.83,101.4,3.9,16.0,14.0,141067.33,Cash,Takeaway,Open,Franchise
OUT10630,Mcdonald'S,McDonald's - Thiruvananthapuram 19,Thiruvananthapuram,Kerala,793001.0,Standalone,Donuts,2023-10-11,167.0,10035.0,60.09,2.8,13.0,12.0,158478.54,Wallet,Delivery,Open,Company Owned
OUT10631,Starbucks,Starbucks - Thane 24,Thane,Maharashtra,422001.0,High Street,Coffee & Snacks,2024-02-23,113.0,5374.9,47.57,4.4,29.0,9.0,80021.93,Card,Dine-in,Open,Company Owned
OUT10632,Mcdonald'S,McDonald's - Indore 17,Indore,Madhya Pradesh,396210.0,Mall,Pizza,2024-08-26,181.0,21479.04,118.67,3.4,23.0,35.0,53374.11,Card,Drive-thru,Closed,Company Owned
OUT10633,Kfc,KFC - Coimbatore 10,Coimbatore,Tamil Nadu,600001.0,High Street,Fried Chicken,2023-05-13,158.0,7495.88,47.44,4.1,30.0,31.0,120369.58,Cash,Takeaway,Closed,Company Owned
OUT10634,Burger King,Burger King - Kavaratti 25,Kavaratti,Lakshadweep,462001.0,Mall,Donuts,2025-12-18,184.0,17996.09,97.8,2.9,29.0,12.0,73559.39,Cash,Drive-thru,Open,Company Owned
OUT10635,Taco Bell,Taco Bell - Bengaluru 40,Bengaluru,Karnataka,570001.0,Drive-Thru,Coffee & Snacks,2023-09-12,166.0,26761.43,161.21,3.1,12.0,33.0,101878.6,Cash,Drive-thru,Open,Company Owned
OUT10636,Subway,Subway - Ludhiana 32,Ludhiana,Punjab,143001.0,Mall,Fried Chicken,2024-09-05,194.0,28624.12,147.55,4.0,28.0,32.0,81143.71,Cash,Takeaway,Closed,Franchise
OUT10637,Dunkin',Dunkin' - Nashik 16,Nashik,Maharashtra,422001.0,High Street,Sandwich,2023-06-07,177.0,25753.64,145.5,3.2,28.0,4.0,20622.85,UPI,Delivery,Open,Company Owned
OUT10638,Mcdonald'S,McDonald's - Faridabad 34,Faridabad,Haryana,682001.0,Drive-Thru,Burger,2024-02-07,189.0,16941.09,89.64,4.3,23.0,23.0,103850.74,Cash,Delivery,Open,Company Owned
OUT10639,Dunkin',Dunkin' - Noida 25,Noida,Uttar Pradesh,221001.0,Standalone,Pizza,2024-08-31,146.0,31171.53,213.5,4.1,19.0,24.0,80298.72,Cash,Drive-thru,Open,Company Owned
OUT10640,Pizza Hut,Pizza Hut - Leh 40,Leh,Ladakh,797001.0,High Street,Sandwich,2025-11-22,148.0,2435.89,16.46,4.2,14.0,6.0,72916.23,Wallet,Dine-in,Closed,Company Owned
OUT10641,Taco Bell,Taco Bell - Pune 8,Pune,Maharashtra,400001.0,Mall,Donuts,2023-08-20,160.0,19756.75,123.48,3.3,22.0,10.0,126481.25,Cash,Dine-in,Open,Franchise
OUT10642,Taco Bell,Taco Bell - Srinagar 25,Srinagar,Jammu And Kashmir,795001.0,Standalone,Fried Chicken,2023-11-29,600.0,500000.0,147.07,3.9,22.0,15.0,64104.85,Card,Delivery,Closed,Company Owned
OUT10643,Burger King,Burger King - Bengaluru 22,Bengaluru,Karnataka,560001.0,Mall,Coffee & Snacks,2024-06-15,227.0,15722.12,69.26,4.3,20.0,28.0,49084.71,UPI,Dine-in,Renovation,Franchise
OUT10644,Mcdonald'S,McDonald's - Thane 22,Thane,Maharashtra,400001.0,Mall,Pizza,2025-04-03,222.0,31184.11,140.47,4.3,8.0,20.0,73475.46,Card,Takeaway,Open,Franchise
OUT10645,Starbucks,Starbucks - Shimla 34,Shimla,Himachal Pradesh,793001.0,Mall,Donuts,2025-02-10,173.0,8828.18,51.03,3.0,14.0,27.0,114652.78,UPI,Dine-in,Open,Company Owned
OUT10646,Dunkin',Dunkin' - Raipur 3,Raipur,Chhattisgarh,795001.0,Food Court,Fried Chicken,2023-07-31,207.0,18386.91,88.83,3.3,4.0,29.0,90175.47,UPI,Dine-in,Renovation,Company Owned
OUT10647,Dunkin',Dunkin' - Noida 33,Noida,Uttar Pradesh,201301.0,Standalone,Sandwich,2025-10-03,135.0,34002.24,251.87,3.7,5.0,10.0,67279.07,Wallet,Drive-thru,Open,Franchise
OUT10648,Wendy'S,Wendy's - Coimbatore 11,Coimbatore,Tamil Nadu,600001.0,High Street,Burger,2024-10-19,187.0,18042.25,96.48,3.5,27.0,6.0,61978.41,Wallet,Takeaway,Open,Company Owned
OUT10649,Subway,Subway - Guwahati 30,Guwahati,Assam,799001.0,Food Court,Fried Chicken,2023-04-02,176.0,25882.69,147.06,4.4,10.0,30.0,98411.33,Card,Delivery,Closed,Company Owned
OUT10650,Kfc,KFC - Thiruvananthapuram 25,Thiruvananthapuram,Kerala,797001.0,Food Court,Burger,2023-10-23,172.0,6387.77,37.14,5.0,25.0,21.0,28718.0,Card,Takeaway,Renovation,Franchise
OUT10651,Dunkin',Dunkin' - Aizawl 29,Aizawl,Mizoram,793001.0,Food Court,Fried Chicken,2025-06-21,182.0,32512.69,178.64,3.6,26.0,9.0,57549.98,Wallet,Takeaway,Renovation,Franchise
OUT10652,Kfc,KFC - Agartala 28,Agartala,Tripura,793001.0,High Street,Donuts,2023-07-19,71.0,18083.63,254.7,4.1,19.0,30.0,149903.06,Wallet,Drive-thru,Closed,Franchise
OUT10653,Wendy'S,Wendy's - Kavaratti 26,Kavaratti,Lakshadweep,396210.0,Food Court,Pizza,2025-05-20,223.0,12058.39,54.07,4.3,15.0,27.0,133318.25,UPI,Dine-in,Closed,Company Owned
OUT10654,Mcdonald'S,McDonald's - Raipur 35,Raipur,Chhattisgarh,462001.0,High Street,Coffee & Snacks,2025-11-06,263.0,21608.35,82.16,4.3,18.0,32.0,71596.37,Card,Delivery,Open,Franchise
OUT10655,Wendy'S,Wendy's - Thane 35,Thane,Maharashtra,411001.0,Standalone,Burger,2023-08-09,88.0,25974.81,295.17,4.1,15.0,7.0,116860.89,Cash,Drive-thru,Open,Franchise
OUT10656,Pizza Hut,Pizza Hut - Coimbatore 23,Coimbatore,Tamil Nadu,641001.0,Drive-Thru,Sandwich,2025-03-10,154.0,9502.72,61.71,3.8,21.0,11.0,145286.14,UPI,Takeaway,Open,Company Owned
OUT10657,Kfc,KFC - Aizawl 29,Aizawl,Mizoram,737101.0,High Street,Sandwich,2024-12-03,38.0,21044.53,553.8,3.6,18.0,11.0,122324.0,Wallet,Drive-thru,Closed,Company Owned
OUT10658,Wendy'S,Wendy's - New Delhi 27,New Delhi,Delhi,110001.0,Food Court,Coffee & Snacks,2025-09-13,120.0,23514.32,195.95,3.8,19.0,30.0,93275.19,Wallet,Drive-thru,Open,Franchise
OUT10659,Domino'S,Domino's - Kochi 26,Kochi,Kerala,799001.0,Standalone,Fried Chicken,2025-11-27,91.0,13287.17,146.01,3.9,4.0,13.0,138407.95,UPI,Takeaway,Renovation,Company Owned
OUT10660,Taco Bell,Taco Bell - Varanasi 10,Varanasi,Uttar Pradesh,221001.0,High Street,Pizza,2025-01-08,125.0,6657.71,53.26,4.4,22.0,24.0,135434.49,Wallet,Drive-thru,Closed,Company Owned
OUT10661,Starbucks,Starbucks - Mysuru 8,Mysuru,Karnataka,560001.0,High Street,Burger,2024-03-25,132.0,19681.56,149.1,4.2,13.0,20.0,34076.98,Cash,Delivery,Renovation,Franchise
OUT10662,Kfc,KFC - Kohima 39,Kohima,Nagaland,800001.0,Drive-Thru,Fried Chicken,2024-05-30,129.0,18098.07,140.3,4.8,7.0,8.0,109659.8,Card,Delivery,Open,Franchise
OUT10663,Wendy'S,Wendy's - Coimbatore 15,Coimbatore,Tamil Nadu,641001.0,Food Court,Fried Chicken,2025-05-30,229.0,20482.47,89.44,4.8,16.0,27.0,102916.59,Card,Dine-in,Open,Franchise
OUT10664,Subway,Subway - Jaipur 4,Jaipur,Rajasthan,302001.0,Standalone,Fried Chicken,2023-03-31,111.0,21282.26,191.73,4.1,29.0,15.0,106449.24,Card,Takeaway,Closed,Company Owned
OUT10665,Mcdonald'S,McDonald's - Pune 20,Pune,Maharashtra,422001.0,Standalone,Coffee & Snacks,2023-04-01,287.0,31199.04,108.71,5.0,27.0,26.0,79813.03,UPI,Delivery,Open,Franchise
OUT10666,Domino'S,Domino's - Ranchi 5,Ranchi,Jharkhand,403001.0,Standalone,Donuts,2024-04-03,23.0,29411.39,1278.76,4.4,29.0,15.0,12000.0,Wallet,Drive-thru,Open,Franchise
OUT10667,Burger King,Burger King - Hyderabad 35,Hyderabad,Telangana,500032.0,Food Court,Donuts,2025-06-11,200.0,18715.42,93.58,3.7,10.0,14.0,126985.23,Card,Takeaway,Open,Franchise
OUT10668,Domino'S,Domino's - Indore 2,Indore,Madhya Pradesh,799001.0,High Street,Sandwich,2023-08-07,67.0,26377.16,393.69,4.5,13.0,23.0,94897.37,Card,Dine-in,Closed,Franchise
OUT10669,Pizza Hut,Pizza Hut - Mysuru 28,Mysuru,Karnataka,560001.0,Food Court,Sandwich,2025-06-24,147.0,17759.24,120.81,4.0,6.0,34.0,107869.36,Wallet,Delivery,Open,Franchise
OUT10670,Taco Bell,Taco Bell - Faridabad 18,Faridabad,Haryana,751001.0,Drive-Thru,Pizza,2025-04-24,187.0,18123.47,96.92,4.9,16.0,17.0,80098.21,Cash,Takeaway,Open,Franchise
OUT10671,Mcdonald'S,McDonald's - Kochi 18,Kochi,Kerala,793001.0,Drive-Thru,Tacos,2025-07-15,152.0,14554.38,95.75,4.6,7.0,11.0,62976.59,Cash,Takeaway,Closed,Franchise
OUT10672,Taco Bell,Taco Bell - Leh 31,Leh,Ladakh,462001.0,Drive-Thru,Donuts,2023-03-17,126.0,19754.16,156.78,4.0,13.0,16.0,150894.19,Cash,Takeaway,Open,Franchise
OUT10673,Wendy'S,Wendy's - Noida 26,Noida,Uttar Pradesh,201301.0,Food Court,Pizza,2025-03-03,121.0,23999.64,198.34,4.0,14.0,15.0,127450.55,UPI,Dine-in,Open,Company Owned
OUT10674,Taco Bell,Taco Bell - Bhopal 4,Bhopal,Madhya Pradesh,744101.0,Food Court,Pizza,2025-03-06,103.0,7271.61,70.6,2.5,24.0,17.0,35432.69,Cash,Dine-in,Renovation,Company Owned
OUT10675,Pizza Hut,Pizza Hut - Amritsar 32,Amritsar,Punjab,141001.0,High Street,Donuts,2024-07-02,202.0,30485.6,150.92,4.5,16.0,5.0,84034.35,Cash,Takeaway,Open,Franchise
OUT10676,Domino'S,Domino's - Agartala 21,Agartala,Tripura,799001.0,Standalone,Fried Chicken,2024-06-14,126.0,24368.28,193.4,3.7,25.0,9.0,102779.38,Wallet,Delivery,Closed,Franchise
OUT10677,Starbucks,Starbucks - Raipur 15,Raipur,Chhattisgarh,799001.0,Drive-Thru,Burger,2025-10-21,160.0,8906.86,55.67,4.9,23.0,22.0,83646.87,Cash,Dine-in,Renovation,Franchise
OUT10678,Wendy'S,Wendy's - Ahmedabad 24,Ahmedabad,Gujarat,380001.0,High Street,Sandwich,2024-09-19,114.0,19033.55,166.96,3.9,26.0,19.0,65590.42,Cash,Delivery,Open,Company Owned
OUT10679,Mcdonald'S,McDonald's - Srinagar 9,Srinagar,Jammu And Kashmir,171001.0,Standalone,Burger,2023-02-06,96.0,21661.47,225.64,4.3,22.0,23.0,61413.37,UPI,Drive-thru,Open,Company Owned
OUT10680,Kfc,KFC - Kavaratti 39,Kavaratti,Lakshadweep,403001.0,Standalone,Coffee & Snacks,2023-12-07,196.0,16282.56,83.07,3.8,5.0,13.0,106817.91,UPI,Takeaway,Open,Franchise
OUT10681,Burger King,Burger King - Kochi 16,Kochi,Kerala,462001.0,Mall,Sandwich,2025-05-21,88.0,21675.09,246.31,4.2,19.0,35.0,124580.46,Cash,Drive-thru,Closed,Company Owned
OUT10682,Subway,Subway - Thane 37,Thane,Maharashtra,440001.0,High Street,Pizza,2025-06-26,220.0,33165.97,150.75,4.5,20.0,25.0,48877.28,Wallet,Takeaway,Open,Company Owned
OUT10683,Taco Bell,Taco Bell - Panaji 18,Panaji,Goa,800001.0,Drive-Thru,Fried Chicken,2024-09-23,75.0,23213.16,309.51,3.7,17.0,4.0,79836.6,Wallet,Delivery,Renovation,Franchise
OUT10684,Wendy'S,Wendy's - Imphal 39,Imphal,Manipur,781001.0,Drive-Thru,Tacos,2025-11-15,212.0,24040.2,113.4,4.9,10.0,16.0,97447.55,Card,Takeaway,Closed,Company Owned
OUT10685,Starbucks,Starbucks - Visakhapatnam 21,Visakhapatnam,Andhra Pradesh,737101.0,High Street,Donuts,2025-02-18,187.0,4904.21,26.23,4.2,23.0,28.0,100038.74,UPI,Delivery,Open,Franchise
OUT10686,Subway,Subway - Noida 15,Noida,Uttar Pradesh,221001.0,Mall,Pizza,2023-08-23,135.0,14567.5,107.91,4.2,9.0,35.0,25030.61,Wallet,Delivery,Open,Company Owned
OUT10687,Wendy'S,Wendy's - Kochi 17,Kochi,Kerala,403001.0,Standalone,Sandwich,2024-10-22,111.0,32138.39,289.54,3.8,27.0,4.0,109125.44,UPI,Delivery,Open,Franchise
OUT10688,Pizza Hut,Pizza Hut - Surat 32,Surat,Gujarat,380001.0,High Street,Burger,2025-09-18,151.0,3069.22,20.33,4.6,17.0,26.0,87080.57,UPI,Drive-thru,Open,Company Owned
OUT10689,Subway,Subway - Imphal 7,Imphal,Manipur,248001.0,Food Court,Donuts,2024-03-04,185.0,25494.05,137.81,3.8,24.0,25.0,90118.89,Cash,Drive-thru,Closed,Franchise
OUT10690,Domino'S,Domino's - Shimla 27,Shimla,Himachal Pradesh,800001.0,Mall,Donuts,2025-10-13,152.0,29283.33,192.65,5.0,9.0,22.0,119039.23,Wallet,Takeaway,Open,Franchise
OUT10691,Starbucks,Starbucks - New Delhi 23,New Delhi,Delhi,110001.0,Standalone,Fried Chicken,2024-12-10,99.0,14760.28,149.09,4.0,17.0,33.0,65914.75,UPI,Delivery,Open,Franchise
OUT10692,Dunkin',Dunkin' - Chandigarh 5,Chandigarh,Chandigarh,248001.0,Mall,Coffee & Snacks,2023-09-28,171.0,17282.26,101.07,3.7,24.0,3.0,128857.94,Card,Takeaway,Renovation,Franchise
OUT10693,Starbucks,Starbucks - New Delhi 24,New Delhi,Delhi,110001.0,Drive-Thru,Sandwich,2025-11-24,88.0,26382.26,299.8,3.3,7.0,35.0,85536.56,Cash,Dine-in,Open,Company Owned
OUT10694,Wendy'S,Wendy's - Jaipur 32,Jaipur,Rajasthan,302001.0,High Street,Fried Chicken,2024-05-30,122.0,24544.43,201.18,4.4,9.0,16.0,28110.71,Cash,Takeaway,Open,Company Owned
OUT10695,Taco Bell,Taco Bell - Lucknow 8,Lucknow,Uttar Pradesh,201301.0,High Street,Pizza,2024-02-04,137.0,21758.61,158.82,3.8,8.0,30.0,60854.22,Wallet,Dine-in,Open,Franchise
OUT10696,Wendy'S,Wendy's - Bhopal 17,Bhopal,Madhya Pradesh,396210.0,Mall,Burger,2024-01-15,171.0,23304.0,136.28,4.3,28.0,31.0,70503.75,Wallet,Takeaway,Open,Company Owned
OUT10697,Taco Bell,Taco Bell - Daman 27,Daman,Dadra And Nagar Haveli And Daman And Diu,834001.0,Standalone,Coffee & Snacks,2023-11-24,139.0,14927.16,107.39,4.1,13.0,12.0,128998.86,UPI,Drive-thru,Closed,Franchise
OUT10698,Starbucks,Starbucks - Port Blair 22,Port Blair,Andaman And Nicobar Islands,396210.0,Food Court,Tacos,2025-01-29,248.0,3974.57,16.03,3.2,25.0,20.0,91967.17,UPI,Drive-thru,Renovation,Franchise
OUT10699,Domino'S,Domino's - Port Blair 11,Port Blair,Andaman And Nicobar Islands,248001.0,Drive-Thru,Burger,2024-04-13,134.0,21914.09,163.54,4.1,13.0,27.0,108757.44,Wallet,Dine-in,Closed,Company Owned
OUT10700,Dunkin',Dunkin' - Noida 19,Noida,Uttar Pradesh,226001.0,Drive-Thru,Donuts,2023-04-25,147.0,9082.37,61.78,3.7,25.0,20.0,46116.46,Cash,Takeaway,Open,Company Owned
OUT10701,Pizza Hut,Pizza Hut - Noida 22,Noida,Uttar Pradesh,226001.0,High Street,Sandwich,2023-06-25,140.0,21369.09,152.64,4.3,16.0,20.0,80410.29,Cash,Delivery,Open,Franchise
OUT10702,Starbucks,Starbucks - Faridabad 5,Faridabad,Haryana,751001.0,Drive-Thru,Donuts,2025-02-24,174.0,1213.86,6.98,3.9,13.0,34.0,72006.92,Cash,Delivery,Open,Franchise
OUT10703,Kfc,KFC - Patna 14,Patna,Bihar,834001.0,Food Court,Tacos,2025-05-09,200.0,24091.57,120.46,3.7,22.0,11.0,113007.41,Card,Delivery,Open,Franchise
OUT10704,Wendy'S,Wendy's - Bhubaneswar 10,Bhubaneswar,Odisha,797001.0,Drive-Thru,Tacos,2024-12-04,182.0,3552.84,19.52,3.6,8.0,25.0,136055.52,UPI,Takeaway,Closed,Franchise
OUT10705,Wendy'S,Wendy's - Faridabad 1,Faridabad,Haryana,171001.0,Drive-Thru,Sandwich,2024-03-25,117.0,10137.22,86.64,4.0,15.0,22.0,60308.26,UPI,Dine-in,Closed,Franchise
OUT10706,Taco Bell,Taco Bell - Thane 36,Thane,Maharashtra,422001.0,Drive-Thru,Unknown,2024-01-18,188.0,20514.55,109.12,4.0,23.0,8.0,60227.17,Cash,Drive-thru,Closed,Franchise
OUT10707,Wendy'S,Wendy's - Udaipur 31,Udaipur,Rajasthan,302001.0,Standalone,Burger,2023-12-07,163.0,14853.02,91.12,4.7,23.0,18.0,92087.14,Wallet,Drive-thru,Open,Franchise
OUT10708,Dunkin',Dunkin' - Aizawl 17,Aizawl,Mizoram,800001.0,Drive-Thru,Donuts,2024-05-05,271.0,17114.75,63.15,4.1,13.0,11.0,56923.35,Card,Dine-in,Open,Franchise
OUT10709,Dunkin',Dunkin' - Nashik 32,Nashik,Maharashtra,400001.0,Food Court,Tacos,2023-11-30,160.0,14501.92,90.64,3.8,10.0,20.0,110697.61,Card,Delivery,Open,Franchise
OUT10710,Wendy'S,Wendy's - Thiruvananthapuram 13,Thiruvananthapuram,Kerala,797001.0,Mall,Burger,2025-10-12,174.0,28407.38,163.26,4.4,26.0,10.0,80802.38,Cash,Drive-thru,Renovation,Company Owned
OUT10711,Burger King,Burger King - Dehradun 4,Dehradun,Uttarakhand,248001.0,High Street,Sandwich,2023-03-15,187.0,12601.54,67.39,4.1,5.0,7.0,115697.12,Wallet,Dine-in,Open,Company Owned
OUT10712,Taco Bell,Taco Bell - Port Blair 18,Port Blair,Andaman And Nicobar Islands,796001.0,Mall,Burger,2023-11-06,130.0,6660.14,51.23,3.8,29.0,32.0,43003.23,Wallet,Dine-in,Open,Franchise
OUT10713,Mcdonald'S,McDonald's - Hyderabad 14,Hyderabad,Telangana,500032.0,High Street,Pizza,2025-12-21,68.0,13119.92,192.94,4.2,30.0,20.0,99328.16,Card,Delivery,Open,Company Owned
OUT10714,Starbucks,Starbucks - Chandigarh 22,Chandigarh,Chandigarh,682001.0,Drive-Thru,Pizza,2024-07-04,169.0,17090.09,101.12,4.7,12.0,20.0,58368.74,Cash,Dine-in,Closed,Company Owned
OUT10715,Kfc,KFC - Lucknow 40,Lucknow,Uttar Pradesh,226001.0,Food Court,Burger,2025-08-17,94.0,18732.54,199.28,3.3,20.0,15.0,74528.31,Card,Delivery,Renovation,Company Owned
OUT10716,Pizza Hut,Pizza Hut - Chennai 39,Chennai,Tamil Nadu,600001.0,Food Court,Burger,2024-12-04,161.0,18711.77,116.22,4.7,14.0,25.0,76638.47,UPI,Dine-in,Open,Company Owned
OUT10717,Starbucks,Starbucks - Mysuru 32,Mysuru,Karnataka,570001.0,Drive-Thru,Burger,2024-07-02,191.0,9647.44,50.51,4.0,14.0,30.0,121156.19,Card,Drive-thru,Open,Franchise
OUT10718,Starbucks,Starbucks - Mumbai 20,Mumbai,Maharashtra,440001.0,Standalone,Fried Chicken,2025-03-08,215.0,19553.13,90.94,3.7,4.0,32.0,43811.89,Wallet,Drive-thru,Renovation,Company Owned
OUT10719,Kfc,KFC - Pune 9,Pune,Maharashtra,400601.0,Standalone,Coffee & Snacks,2025-05-18,217.0,24006.4,110.63,3.3,5.0,4.0,150235.06,Wallet,Drive-thru,Open,Franchise
OUT10720,Pizza Hut,Pizza Hut - Ahmedabad 23,Ahmedabad,Gujarat,380001.0,Food Court,Donuts,2024-08-24,119.0,8053.16,67.67,4.3,13.0,23.0,89675.11,Wallet,Drive-thru,Open,Company Owned
OUT10721,Starbucks,Starbucks - Jammu 4,Jammu,Jammu And Kashmir,799001.0,High Street,Sandwich,2023-06-10,196.0,16340.38,83.37,3.4,17.0,7.0,35549.84,Card,Dine-in,Renovation,Franchise
OUT10722,Mcdonald'S,McDonald's - Agartala 17,Agartala,Tripura,751001.0,High Street,Burger,2023-01-09,141.0,10070.62,71.42,4.3,11.0,13.0,99101.08,Card,Drive-thru,Open,Company Owned
OUT10723,Starbucks,Starbucks - Port Blair 2,Port Blair,Andaman And Nicobar Islands,799001.0,Drive-Thru,Fried Chicken,2024-01-21,187.0,11477.17,61.38,4.5,30.0,32.0,73093.61,Cash,Drive-thru,Open,Franchise
OUT10724,Dunkin',Dunkin' - Agartala 6,Agartala,Tripura,462001.0,Mall,Sandwich,2024-12-24,119.0,26836.37,225.52,4.0,13.0,21.0,128487.43,Card,Takeaway,Open,Company Owned
OUT10725,Wendy'S,Wendy's - Surat 6,Surat,Gujarat,380001.0,Drive-Thru,Fried Chicken,2024-12-21,131.0,5844.6,44.62,3.7,6.0,3.0,20934.47,UPI,Takeaway,Closed,Company Owned
OUT10726,Wendy'S,Wendy's - Chennai 37,Chennai,Tamil Nadu,600001.0,High Street,Pizza,2023-06-28,150.0,29746.25,198.31,4.5,18.0,26.0,29772.1,UPI,Delivery,Open,Company Owned
OUT10727,Kfc,KFC - New Delhi 16,New Delhi,Delhi,110001.0,High Street,Fried Chicken,2023-01-27,170.0,22910.67,134.77,4.2,6.0,22.0,82312.2,Wallet,Dine-in,Open,Franchise
OUT10728,Kfc,KFC - Thane 1,Thane,Maharashtra,400001.0,Mall,Tacos,2023-03-22,185.0,34625.83,187.17,4.6,8.0,7.0,135122.78,Card,Takeaway,Renovation,Franchise
OUT10729,Burger King,Burger King - Bhopal 7,Bhopal,Madhya Pradesh,795001.0,Drive-Thru,Fried Chicken,2024-05-22,131.0,23133.22,176.59,3.4,30.0,4.0,64444.34,Cash,Delivery,Open,Company Owned
OUT10730,Domino'S,Domino's - Bhopal 26,Bhopal,Madhya Pradesh,396210.0,Food Court,Burger,2024-02-22,148.0,23610.86,159.53,3.3,11.0,30.0,93591.61,Wallet,Drive-thru,Closed,Company Owned
OUT10731,Mcdonald'S,McDonald's - Mumbai 37,Mumbai,Maharashtra,422001.0,Drive-Thru,Coffee & Snacks,2023-12-03,233.0,8427.3,36.17,3.8,25.0,3.0,147449.03,Card,Drive-thru,Open,Company Owned
OUT10732,Mcdonald'S,McDonald's - Shillong 20,Shillong,Meghalaya,781001.0,High Street,Pizza,2023-07-07,163.0,18833.01,115.54,4.1,26.0,2.0,68285.94,Wallet,Delivery,Open,Company Owned
OUT10733,Domino'S,Domino's - Ranchi 4,Ranchi,Jharkhand,682553.0,Food Court,Pizza,2023-08-08,204.0,15283.81,74.92,3.9,27.0,18.0,66957.83,Card,Takeaway,Open,Franchise
OUT10734,Mcdonald'S,McDonald's - Chandigarh 8,Chandigarh,Chandigarh,793001.0,Food Court,Burger,2025-05-27,182.0,15093.97,82.93,3.7,7.0,9.0,80106.25,Cash,Drive-thru,Open,Company Owned
OUT10735,Dunkin',Dunkin' - Port Blair 27,Port Blair,Andaman And Nicobar Islands,248001.0,Food Court,Sandwich,2023-01-16,171.0,9018.72,52.74,3.7,20.0,27.0,97615.42,UPI,Takeaway,Open,Company Owned
OUT10736,Starbucks,Starbucks - Raipur 27,Raipur,Chhattisgarh,793001.0,Food Court,Tacos,2025-10-02,172.0,12164.55,70.72,4.2,10.0,7.0,104444.98,Cash,Delivery,Renovation,Company Owned
OUT10737,Wendy'S,Wendy's - Jammu 32,Jammu,Jammu And Kashmir,751001.0,High Street,Pizza,2024-05-31,109.0,26535.2,243.44,3.4,27.0,11.0,53199.52,Card,Drive-thru,Renovation,Franchise
OUT10738,Mcdonald'S,McDonald's - Nagpur 10,Nagpur,Maharashtra,400001.0,Standalone,Fried Chicken,2025-09-11,145.0,23304.39,160.72,4.2,5.0,5.0,140874.66,Wallet,Drive-thru,Renovation,Franchise
OUT10739,Starbucks,Starbucks - Ludhiana 8,Ludhiana,Punjab,143001.0,Food Court,Coffee & Snacks,2023-04-22,260.0,26588.76,102.26,4.2,13.0,20.0,121617.13,UPI,Dine-in,Renovation,Franchise
OUT10740,Taco Bell,Taco Bell - Mysuru 17,Mysuru,Karnataka,570001.0,Standalone,Burger,2023-03-27,203.0,9940.72,48.97,2.8,14.0,32.0,103261.78,Card,Dine-in,Open,Company Owned
OUT10741,Subway,Subway - Mumbai 9,Mumbai,Maharashtra,411001.0,Food Court,Tacos,2023-10-26,134.0,22185.72,165.57,5.0,5.0,13.0,118534.01,UPI,Dine-in,Renovation,Company Owned
OUT10742,Mcdonald'S,McDonald's - Aizawl 17,Aizawl,Mizoram,682553.0,Food Court,Burger,2025-08-15,143.0,12507.93,87.47,4.7,16.0,33.0,34693.6,Cash,Dine-in,Closed,Franchise
OUT10743,Taco Bell,Taco Bell - Bengaluru 9,Bengaluru,Karnataka,570001.0,High Street,Fried Chicken,2023-05-23,134.0,13734.14,102.49,4.4,29.0,11.0,88784.7,Card,Takeaway,Open,Franchise
OUT10744,Taco Bell,Taco Bell - Patna 38,Patna,Bihar,744101.0,High Street,Sandwich,2024-05-11,108.0,13895.14,128.66,4.4,10.0,7.0,148259.54,Wallet,Dine-in,Open,Company Owned
OUT10745,Dunkin',Dunkin' - Kavaratti 32,Kavaratti,Lakshadweep,403001.0,High Street,Fried Chicken,2023-04-20,88.0,12893.12,146.51,4.2,29.0,22.0,103184.54,Cash,Delivery,Open,Franchise
OUT10746,Taco Bell,Taco Bell - Udaipur 12,Udaipur,Rajasthan,302001.0,Standalone,Fried Chicken,2025-02-25,206.0,13438.32,65.23,4.5,11.0,30.0,94920.05,Cash,Drive-thru,Open,Franchise
OUT10747,Burger King,Burger King - Mumbai 32,Mumbai,Maharashtra,400001.0,Standalone,Sandwich,2023-11-18,152.0,24785.8,163.06,3.8,29.0,27.0,87789.92,Card,Dine-in,Closed,Franchise
OUT10748,Wendy'S,Wendy's - Nashik 39,Nashik,Maharashtra,440001.0,Standalone,Fried Chicken,2023-03-02,82.0,14196.42,173.13,4.2,21.0,19.0,70565.26,UPI,Dine-in,Open,Company Owned
OUT10749,Kfc,KFC - Indore 36,Indore,Madhya Pradesh,751001.0,Food Court,Tacos,2023-09-19,185.0,20920.28,113.08,3.1,4.0,24.0,68708.99,Card,Drive-thru,Closed,Franchise
OUT10750,Burger King,Burger King - Chandigarh 30,Chandigarh,Chandigarh,492001.0,High Street,Pizza,2025-05-02,103.0,26010.31,252.53,5.0,14.0,4.0,121655.92,Cash,Delivery,Open,Company Owned
OUT10751,Dunkin',Dunkin' - Indore 12,Indore,Madhya Pradesh,781001.0,Mall,Burger,2024-09-15,191.0,27969.72,146.44,3.8,8.0,27.0,112213.74,UPI,Delivery,Renovation,Company Owned
OUT10752,Burger King,Burger King - Bengaluru 40,Bengaluru,Karnataka,570001.0,High Street,Fried Chicken,2023-12-15,117.0,3549.25,30.34,3.3,22.0,32.0,85965.59,Cash,Delivery,Renovation,Franchise
OUT10753,Pizza Hut,Pizza Hut - Shimla 6,Shimla,Himachal Pradesh,492001.0,High Street,Pizza,2025-04-27,127.0,19779.32,155.74,3.2,30.0,11.0,59335.07,Card,Delivery,Renovation,Company Owned
OUT10754,Burger King,Burger King - Itanagar 10,Itanagar,Arunachal Pradesh,737101.0,High Street,Fried Chicken,2024-02-08,170.0,21546.04,126.74,4.5,24.0,32.0,76159.52,Cash,Dine-in,Open,Franchise
OUT10755,Starbucks,Starbucks - Port Blair 40,Port Blair,Andaman And Nicobar Islands,834001.0,Mall,Fried Chicken,2023-03-11,108.0,19540.3,180.93,4.5,16.0,5.0,97082.92,Wallet,Takeaway,Open,Franchise
OUT10756,Pizza Hut,Pizza Hut - New Delhi 5,New Delhi,Delhi,110001.0,Standalone,Donuts,2024-06-14,101.0,27057.32,267.89,3.9,19.0,5.0,90498.25,Wallet,Drive-thru,Open,Company Owned
OUT10757,Domino'S,Domino's - Ahmedabad 24,Ahmedabad,Gujarat,380001.0,Standalone,Fried Chicken,2024-11-08,103.0,18329.03,177.95,4.2,29.0,29.0,91356.73,Card,Dine-in,Open,Franchise
OUT10758,Kfc,KFC - Ranchi 32,Ranchi,Jharkhand,682553.0,High Street,Donuts,2025-09-19,111.0,12628.42,113.77,4.3,17.0,11.0,88268.84,Cash,Delivery,Renovation,Franchise
OUT10759,Domino'S,Domino's - Thiruvananthapuram 30,Thiruvananthapuram,Kerala,797001.0,Standalone,Coffee & Snacks,2025-04-20,68.0,20297.16,298.49,3.6,28.0,15.0,29784.77,Wallet,Drive-thru,Open,Franchise
OUT10760,Subway,Subway - Patna 10,Patna,Bihar,396210.0,High Street,Donuts,2024-03-20,86.0,3747.62,43.58,4.9,4.0,16.0,92577.59,Wallet,Drive-thru,Open,Franchise
OUT10761,Taco Bell,Taco Bell - Mumbai 7,Mumbai,Maharashtra,411001.0,Food Court,Pizza,2024-01-12,207.0,8952.22,43.25,4.1,4.0,7.0,22990.01,Cash,Dine-in,Open,Franchise
OUT10762,Taco Bell,Taco Bell - Chandigarh 27,Chandigarh,Chandigarh,737101.0,Mall,Fried Chicken,2023-02-26,142.0,21698.58,152.81,3.8,5.0,26.0,86818.97,Card,Drive-thru,Closed,Franchise
OUT10763,Kfc,KFC - Jammu 22,Jammu,Jammu And Kashmir,797001.0,Mall,Fried Chicken,2024-12-13,143.0,6937.96,48.52,4.6,26.0,11.0,126923.95,UPI,Dine-in,Open,Franchise
OUT10764,Subway,Subway - Leh 38,Leh,Ladakh,403001.0,Standalone,Pizza,2023-12-02,135.0,22299.86,165.18,4.6,19.0,3.0,98877.49,Cash,Takeaway,Closed,Franchise
OUT10765,Dunkin',Dunkin' - Srinagar 18,Srinagar,Jammu And Kashmir,492001.0,High Street,Donuts,2025-02-17,115.0,15198.61,132.16,3.2,20.0,33.0,86082.62,Wallet,Takeaway,Open,Company Owned
OUT10766,Mcdonald'S,McDonald's - Nagpur 7,Nagpur,Maharashtra,400001.0,Food Court,Pizza,2023-09-07,218.0,10148.08,46.55,3.5,30.0,11.0,93372.38,UPI,Drive-thru,Open,Franchise
OUT10767,Mcdonald'S,McDonald's - Nagpur 26,Nagpur,Maharashtra,400001.0,Drive-Thru,Donuts,2024-06-19,106.0,9922.86,93.61,4.7,29.0,23.0,80458.07,Cash,Dine-in,Closed,Franchise
OUT10768,Subway,Subway - Bhubaneswar 30,Bhubaneswar,Odisha,403001.0,Mall,Fried Chicken,2024-04-07,126.0,21657.12,171.88,4.7,12.0,28.0,101521.25,UPI,Delivery,Open,Company Owned
OUT10769,Mcdonald'S,McDonald's - Itanagar 7,Itanagar,Arunachal Pradesh,781001.0,Drive-Thru,Coffee & Snacks,2024-09-25,127.0,22602.78,177.97,4.5,5.0,14.0,109114.96,UPI,Dine-in,Open,Company Owned
OUT10770,Burger King,Burger King - Patna 13,Patna,Bihar,797001.0,Food Court,Fried Chicken,2025-12-18,115.0,21442.85,186.46,4.2,10.0,7.0,124445.9,Wallet,Delivery,Renovation,Company Owned
OUT10771,Pizzahut,Pizza Hut - Noida 18,Noida,Uttar Pradesh,226001.0,Drive-Thru,Donuts,2024-05-30,108.0,18263.02,169.1,4.2,16.0,6.0,95142.5,UPI,Dine-in,Open,Company Owned
OUT10772,Domino'S,Domino's - Coimbatore 17,Coimbatore,Tamil Nadu,641001.0,High Street,Fried Chicken,2023-06-21,175.0,11418.35,65.25,4.8,17.0,3.0,151704.94,UPI,Dine-in,Open,Franchise
OUT10773,Mcdonald'S,McDonald's - Daman 28,Daman,Dadra And Nagar Haveli And Daman And Diu,797001.0,Food Court,Donuts,2023-09-01,178.0,27062.76,152.04,3.7,10.0,11.0,136364.5,Card,Delivery,Open,Company Owned
OUT10774,Pizza Hut,Pizza Hut - Gurugram 39,Gurugram,Haryana,396210.0,Standalone,Sandwich,2024-11-19,132.0,22979.22,174.09,3.6,14.0,29.0,81845.42,Wallet,Delivery,Open,Company Owned
OUT10775,Kfc,KFC - Leh 25,Leh,Ladakh,751001.0,Food Court,Tacos,2023-08-20,165.0,21184.34,128.39,4.0,20.0,7.0,106514.05,Card,Drive-thru,Open,Company Owned
OUT10776,Wendy'S,Wendy's - Daman 6,Daman,Dadra And Nagar Haveli And Daman And Diu,248001.0,Standalone,Burger,2024-11-14,229.0,27375.62,119.54,4.3,9.0,4.0,121433.98,Card,Drive-thru,Open,Company Owned
OUT10777,Dunkin',Dunkin' - Kohima 1,Kohima,Nagaland,682001.0,Food Court,Burger,2024-07-16,177.0,21892.22,123.68,4.0,28.0,24.0,80241.07,Cash,Dine-in,Open,Franchise
OUT10778,Taco Bell,Taco Bell - Gurugram 31,Gurugram,Haryana,403001.0,Food Court,Pizza,2023-08-15,187.0,20585.55,110.08,4.8,21.0,7.0,91367.57,Card,Delivery,Open,Company Owned
OUT10779,Starbucks,Starbucks - Thane 18,Thane,Maharashtra,411001.0,Food Court,Coffee & Snacks,2024-03-20,160.0,36295.1,226.84,3.6,25.0,31.0,60475.42,Cash,Takeaway,Open,Company Owned
OUT10780,Domino'S,Domino's - Kavaratti 34,Kavaratti,Lakshadweep,800001.0,Standalone,Burger,2025-03-13,63.0,23575.01,374.21,3.4,22.0,23.0,58115.42,UPI,Takeaway,Open,Franchise
OUT10781,Taco Bell,Taco Bell - Amritsar 20,Amritsar,Punjab,143001.0,Standalone,Pizza,2023-09-18,126.0,21377.61,169.66,3.6,30.0,16.0,132858.17,Card,Delivery,Open,Franchise
OUT10782,Starbucks,Starbucks - Mysuru 26,Mysuru,Karnataka,560001.0,Mall,Burger,2025-08-16,244.0,16133.32,66.12,3.1,12.0,29.0,128383.78,Card,Delivery,Renovation,Franchise
OUT10783,Pizza Hut,Pizza Hut - Vijayawada 32,Vijayawada,Andhra Pradesh,248001.0,Drive-Thru,Tacos,2023-06-13,200.0,15550.69,77.75,4.7,16.0,10.0,90498.25,Card,Delivery,Open,Company Owned
OUT10784,Domino'S,Domino's - Panaji 31,Panaji,Goa,799001.0,Mall,Pizza,2023-02-03,271.0,34019.16,125.53,3.1,24.0,19.0,132113.87,Wallet,Drive-thru,Open,Company Owned
OUT10785,Kfc,KFC - Puducherry 33,Puducherry,Puducherry,793001.0,Standalone,Fried Chicken,2023-03-12,10.0,4805.4,480.54,4.5,12.0,2.0,92469.2,Card,Delivery,Closed,Company Owned
OUT10786,Burger King,Burger King - Ahmedabad 16,Ahmedabad,Gujarat,380001.0,High Street,Fried Chicken,2024-09-28,1500.0,250000.0,112.78,3.6,15.0,25.0,50284.98,Wallet,Dine-in,Renovation,Company Owned
OUT10787,Starbucks,Starbucks - Ludhiana 23,Ludhiana,Punjab,143001.0,High Street,Burger,2025-10-31,159.0,20253.25,127.38,4.5,29.0,15.0,81345.91,Cash,Takeaway,Renovation,Company Owned
OUT10788,Starbucks,Starbucks - Mysuru 29,Mysuru,Karnataka,570001.0,Food Court,Donuts,2025-11-02,149.0,12206.13,81.92,3.0,8.0,26.0,69567.7,Wallet,Takeaway,Open,Company Owned
OUT10789,Taco Bell,Taco Bell - Kohima 9,Kohima,Nagaland,492001.0,Drive-Thru,Donuts,2024-05-24,166.0,17575.59,105.88,4.1,5.0,13.0,103577.57,Card,Delivery,Renovation,Franchise
OUT10790,Domino'S,Domino's - Noida 18,Noida,Uttar Pradesh,201301.0,Drive-Thru,Sandwich,2025-03-21,154.0,25415.11,165.03,3.8,22.0,7.0,110615.07,Wallet,Takeaway,Open,Company Owned
OUT10791,Dunkin',Dunkin' - Shillong 31,Shillong,Meghalaya,744101.0,Drive-Thru,Fried Chicken,2024-07-23,165.0,28760.95,174.31,4.0,20.0,2.0,42764.04,Card,Dine-in,Renovation,Company Owned
OUT10792,Pizza Hut,Pizza Hut - Nashik 34,Nashik,Maharashtra,440001.0,Food Court,Tacos,2023-11-11,142.0,26635.26,187.57,5.0,5.0,2.0,69105.81,Card,Delivery,Renovation,Company Owned
OUT10793,Burger King,Burger King - Surat 23,Surat,Gujarat,380001.0,Standalone,Sandwich,2023-07-05,212.0,32642.3,153.97,4.0,14.0,35.0,108814.58,Cash,Delivery,Open,Company Owned
OUT10794,Burger King,Burger King - Ahmedabad 24,Ahmedabad,Gujarat,380001.0,Drive-Thru,Tacos,2023-07-26,176.0,14965.33,85.03,3.3,11.0,16.0,76770.4,UPI,Takeaway,Renovation,Company Owned
OUT10795,Mcdonald'S,McDonald's - Srinagar 30,Srinagar,Jammu And Kashmir,781001.0,Mall,Sandwich,2024-12-22,87.0,18020.29,207.13,4.4,18.0,7.0,130165.63,Cash,Delivery,Open,Franchise
OUT10796,Mcdonald'S,McDonald's - Ranchi 14,Ranchi,Jharkhand,796001.0,Food Court,Tacos,2023-07-19,93.0,8541.95,91.85,4.8,5.0,9.0,78050.98,Wallet,Dine-in,Open,Franchise
OUT10797,Domino'S,Domino's - Dehradun 16,Dehradun,Uttarakhand,737101.0,Standalone,Fried Chicken,2023-04-19,141.0,31551.14,223.77,4.4,22.0,34.0,56001.5,Cash,Drive-thru,Renovation,Franchise
OUT10798,Starbucks,Starbucks - Amritsar 39,Amritsar,Punjab,141001.0,Drive-Thru,Tacos,2025-04-27,247.0,23041.42,93.29,3.7,20.0,14.0,130645.5,Wallet,Drive-thru,Closed,Company Owned
OUT10799,Pizza Hut,Pizza Hut - Daman 33,Daman,Dadra And Nagar Haveli And Daman And Diu,795001.0,Mall,Coffee & Snacks,2024-03-02,142.0,22265.72,156.8,4.2,20.0,18.0,127081.84,Card,Dine-in,Renovation,Company Owned
OUT10800,Kfc,KFC - Gurugram 17,Gurugram,Haryana,248001.0,Standalone,Pizza,2023-12-01,178.0,13041.22,73.27,4.8,21.0,11.0,82030.63,Cash,Dine-in,Open,Company Owned
OUT10801,Subway,Subway - Leh 2,Leh,Ladakh,492001.0,Mall,Fried Chicken,2025-11-09,152.0,15571.55,102.44,4.3,26.0,34.0,84937.76,Cash,Delivery,Renovation,Company Owned
OUT10802,Subway,Subway - Coimbatore 15,Coimbatore,Tamil Nadu,600001.0,Drive-Thru,Donuts,2024-06-19,117.0,23160.27,197.95,3.2,18.0,9.0,85517.58,Wallet,Dine-in,Open,Franchise
OUT10803,Dunkin',Dunkin' - Nagpur 30,Nagpur,Maharashtra,400601.0,Mall,Fried Chicken,2023-05-08,99.0,500.0,5.05,3.7,23.0,10.0,159809.64,UPI,Takeaway,Renovation,Company Owned
OUT10804,Starbucks,Starbucks - Udaipur 26,Udaipur,Rajasthan,302001.0,Drive-Thru,Coffee & Snacks,2024-05-12,239.0,21092.64,88.25,3.0,27.0,9.0,34204.11,Wallet,Takeaway,Closed,Franchise
OUT10805,Taco Bell,Taco Bell - Bhopal 38,Bhopal,Madhya Pradesh,793001.0,High Street,Donuts,2024-07-16,181.0,22554.62,124.61,2.8,30.0,30.0,115386.38,Card,Takeaway,Open,Company Owned
OUT10806,Taco Bell,Taco Bell - Coimbatore 10,Coimbatore,Tamil Nadu,600001.0,Drive-Thru,Fried Chicken,2023-02-07,236.0,17263.84,73.15,3.4,18.0,9.0,41347.29,Wallet,Delivery,Renovation,Company Owned
OUT10807,Mcdonald'S,McDonald's - Vijayawada 35,Vijayawada,Andhra Pradesh,396210.0,Standalone,Sandwich,2025-04-19,151.0,14008.44,92.77,3.6,6.0,28.0,149611.21,Wallet,Takeaway,Open,Company Owned
OUT10808,Mcdonald'S,McDonald's - Noida 35,Noida,Uttar Pradesh,226001.0,Mall,Coffee & Snacks,2024-01-19,133.0,27145.57,204.1,3.8,22.0,9.0,98452.03,UPI,Delivery,Open,Company Owned
OUT10809,Pizza Hut,Pizza Hut - Thane 17,Thane,Maharashtra,422001.0,Standalone,Pizza,2023-02-04,280.0,20086.76,71.74,3.6,23.0,7.0,84632.97,UPI,Takeaway,Open,Franchise
OUT10810,Pizza Hut,Pizza Hut - Thiruvananthapuram 14,Thiruvananthapuram,Kerala,834001.0,Mall,Burger,2023-03-17,161.0,14168.17,88.0,4.9,21.0,33.0,72506.92,Card,Delivery,Closed,Franchise
OUT10811,Starbucks,Starbucks - Bengaluru 12,Bengaluru,Karnataka,570001.0,Standalone,Tacos,2023-08-19,130.0,28132.5,216.4,4.1,20.0,10.0,21636.55,Cash,Drive-thru,Open,Franchise
OUT10812,Pizza Hut,Pizza Hut - Coimbatore 37,Coimbatore,Tamil Nadu,641001.0,High Street,Pizza,2023-03-25,157.0,22999.16,146.49,4.0,17.0,34.0,55738.8,Card,Dine-in,Open,Company Owned
OUT10813,Starbucks,Starbucks - Gurugram 25,Gurugram,Haryana,737101.0,Drive-Thru,Fried Chicken,2025-02-15,152.0,24085.49,158.46,4.1,25.0,23.0,129908.85,UPI,Dine-in,Open,Company Owned
OUT10814,Mc Donalds,McDonald's - Faridabad 33,Faridabad,Haryana,171001.0,Standalone,Donuts,2025-04-28,124.0,21948.3,177.0,2.9,17.0,16.0,94324.99,Wallet,Drive-thru,Open,Company Owned
OUT10815,Burger King,Burger King - Chennai 33,Chennai,Tamil Nadu,641001.0,Mall,Coffee & Snacks,2024-09-27,87.0,27152.28,312.1,4.1,29.0,22.0,25445.5,Cash,Drive-thru,Open,Company Owned
OUT10816,Domino'S,Domino's - Bengaluru 6,Bengaluru,Karnataka,570001.0,Standalone,Fried Chicken,2025-11-08,108.0,19002.89,175.95,3.5,20.0,9.0,95282.24,Wallet,Takeaway,Open,Company Owned
OUT10817,Burger King,Burger King - Nagpur 37,Nagpur,Maharashtra,422001.0,Mall,Fried Chicken,2024-12-23,108.0,5521.89,51.13,3.5,15.0,27.0,99171.56,Cash,Drive-thru,Closed,Company Owned
OUT10818,Starbucks,Starbucks - Mumbai 13,Mumbai,Maharashtra,400001.0,Drive-Thru,Sandwich,2023-06-08,180.0,11690.72,64.95,4.2,8.0,10.0,52152.26,Card,Delivery,Renovation,Franchise
OUT10819,Taco Bell,Taco Bell - Thiruvananthapuram 11,Thiruvananthapuram,Kerala,797001.0,Food Court,Fried Chicken,2023-08-02,141.0,13420.69,95.18,4.7,24.0,16.0,82224.47,Unknown,Takeaway,Open,Franchise
OUT10820,Domino'S,Domino's - Agartala 12,Agartala,Tripura,793001.0,Mall,Burger,2023-04-18,133.0,23769.26,178.72,4.1,11.0,31.0,87710.48,Card,Delivery,Open,Company Owned
OUT10821,Domino'S,Domino's - Bhubaneswar 34,Bhubaneswar,Odisha,797001.0,Standalone,Burger,2023-03-22,197.0,22768.62,115.58,2.6,4.0,28.0,63801.75,Card,Delivery,Open,Company Owned
OUT10822,Starbucks,Starbucks - Hyderabad 25,Hyderabad,Telangana,500032.0,Food Court,Pizza,2024-01-11,237.0,10833.46,45.71,4.9,22.0,35.0,88946.27,Cash,Dine-in,Open,Franchise
OUT10823,Mcdonald'S,McDonald's - Agartala 29,Agartala,Tripura,396210.0,Mall,Pizza,2023-10-21,202.0,22378.26,110.78,3.4,4.0,32.0,92086.15,Cash,Drive-thru,Open,Franchise
OUT10824,Pizza Hut,Pizza Hut - Noida 20,Noida,Uttar Pradesh,221001.0,Drive-Thru,Tacos,2024-02-14,197.0,24157.24,122.63,4.5,29.0,6.0,156779.81,Card,Delivery,Open,Company Owned
OUT10825,Starbucks,Starbucks - Port Blair 21,Port Blair,Andaman And Nicobar Islands,248001.0,Drive-Thru,Donuts,2024-11-21,204.0,17888.85,87.69,3.3,28.0,6.0,109846.73,Cash,Takeaway,Closed,Company Owned
OUT10826,Pizza Hut,Pizza Hut - Udaipur 8,Udaipur,Rajasthan,313001.0,Standalone,Coffee & Snacks,2023-05-28,143.0,17691.9,123.72,3.2,28.0,5.0,53079.86,Cash,Delivery,Closed,Company Owned
OUT10827,Pizza Hut,Pizza Hut - Nagpur 18,Nagpur,Maharashtra,422001.0,High Street,Coffee & Snacks,2023-04-26,58.0,32320.67,557.25,4.6,14.0,29.0,85244.83,Card,Takeaway,Open,Company Owned
OUT10828,Pizza Hut,Pizza Hut - Lucknow 23,Lucknow,Uttar Pradesh,226001.0,High Street,Sandwich,2023-01-07,103.0,16404.55,159.27,4.4,27.0,14.0,50383.38,UPI,Drive-thru,Open,Company Owned
OUT10829,Dunkin',Dunkin' - Bengaluru 37,Bengaluru,Karnataka,560001.0,Standalone,Donuts,2023-11-28,73.0,9491.67,130.02,5.0,27.0,27.0,67061.77,Cash,Drive-thru,Renovation,Company Owned
OUT10830,Taco Bell,Taco Bell - Aizawl 19,Aizawl,Mizoram,834001.0,Mall,Pizza,2023-08-18,181.0,11265.79,62.24,4.0,11.0,22.0,139739.61,Cash,Dine-in,Open,Franchise
OUT10831,Domino'S,Domino's - Shillong 4,Shillong,Meghalaya,248001.0,Mall,Sandwich,2023-06-04,75.0,27501.8,366.69,3.3,29.0,4.0,110965.02,Wallet,Dine-in,Renovation,Company Owned
OUT10832,Taco Bell,Taco Bell - Port Blair 2,Port Blair,Andaman And Nicobar Islands,797001.0,High Street,Tacos,2025-08-27,116.0,28145.63,242.63,3.9,18.0,28.0,18044.06,Card,Delivery,Open,Franchise
OUT10833,Mcdonald'S,McDonald's - Jammu 35,Jammu,Jammu And Kashmir,800001.0,High Street,Coffee & Snacks,2025-09-24,129.0,24716.38,191.6,3.5,6.0,14.0,103720.18,Cash,Dine-in,Open,Company Owned
OUT10834,Subway,Subway - Vijayawada 16,Vijayawada,Andhra Pradesh,793001.0,Standalone,Tacos,2024-02-26,191.0,18447.68,96.58,3.4,24.0,33.0,64544.8,UPI,Dine-in,Open,Company Owned
OUT10835,Pizza Hut,Pizza Hut - Itanagar 25,Itanagar,Arunachal Pradesh,793001.0,High Street,Pizza,2024-11-18,125.0,38471.16,307.77,4.3,22.0,23.0,58447.89,Cash,Delivery,Open,Franchise
OUT10836,Dominos,Domino's - Jaipur 38,Jaipur,Rajasthan,302001.0,Standalone,Fried Chicken,2023-12-17,143.0,10689.26,74.75,5.0,14.0,17.0,113469.75,UPI,Delivery,Open,Franchise
OUT10837,Domino'S,Domino's - Chandigarh 18,Chandigarh,Chandigarh,799001.0,High Street,Tacos,2023-12-11,122.0,24081.37,197.39,5.0,21.0,17.0,69054.12,Cash,Drive-thru,Open,Franchise
OUT10838,Wendy'S,Wendy's - Visakhapatnam 13,Visakhapatnam,Andhra Pradesh,744101.0,Mall,Burger,2023-05-18,146.0,18431.24,126.24,3.6,16.0,4.0,77024.55,Wallet,Delivery,Open,Franchise
OUT10839,Wendy'S,Wendy's - Visakhapatnam 40,Visakhapatnam,Andhra Pradesh,682001.0,High Street,Burger,2025-05-11,148.0,21346.94,144.24,4.2,25.0,11.0,90498.25,Wallet,Delivery,Open,Franchise
OUT10840,Kfc,KFC - Vijayawada 23,Vijayawada,Andhra Pradesh,799001.0,Mall,Sandwich,2024-02-23,56.0,19664.43,351.15,4.0,23.0,33.0,55939.62,UPI,Drive-thru,Open,Company Owned
OUT10841,Wendy'S,Wendy's - Shimla 1,Shimla,Himachal Pradesh,799001.0,Standalone,Fried Chicken,2024-10-07,130.0,29825.82,229.43,3.8,7.0,7.0,117817.71,Cash,Drive-thru,Open,Company Owned
OUT10842,Domino'S,Domino's - Agartala 28,Agartala,Tripura,751001.0,Drive-Thru,Coffee & Snacks,2025-12-25,144.0,23686.88,164.49,4.4,28.0,21.0,113893.9,UPI,Dine-in,Open,Franchise
OUT10843,Pizza Hut,Pizza Hut - Mysuru 3,Mysuru,Karnataka,560001.0,High Street,Donuts,2023-04-17,133.0,13481.3,101.36,3.4,29.0,26.0,93900.43,UPI,Drive-thru,Open,Franchise
OUT10844,Domino'S,Domino's - Thane 2,Thane,Maharashtra,400001.0,High Street,Donuts,2025-08-24,79.0,26628.01,337.06,4.0,15.0,30.0,62782.42,Cash,Delivery,Open,Company Owned
OUT10845,Mcdonald'S,McDonald's - Shillong 4,Shillong,Meghalaya,781001.0,Mall,Tacos,2024-05-29,10.0,8228.79,822.88,4.0,11.0,31.0,99100.71,Card,Dine-in,Open,Franchise
OUT10846,Kfc,KFC - Nagpur 10,Nagpur,Maharashtra,411001.0,Drive-Thru,Fried Chicken,2023-10-17,80.0,17064.93,213.31,3.8,7.0,31.0,58248.01,Wallet,Dine-in,Open,Franchise
OUT10847,Kfc,KFC - Puducherry 35,Puducherry,Puducherry,799001.0,Food Court,Pizza,2025-06-13,141.0,21678.21,153.75,3.2,14.0,12.0,122899.09,Card,Drive-thru,Open,Company Owned
OUT10848,Subway,Subway - Hyderabad 22,Hyderabad,Telangana,500032.0,Food Court,Sandwich,2025-11-01,224.0,13696.8,61.15,4.0,20.0,27.0,67877.65,Card,Drive-thru,Closed,Company Owned
OUT10849,Subway,Subway - Port Blair 6,Port Blair,Andaman And Nicobar Islands,171001.0,Drive-Thru,Burger,2025-07-12,195.0,15427.57,79.12,2.9,8.0,12.0,42458.38,UPI,Delivery,Open,Company Owned
OUT10850,Pizza Hut,Pizza Hut - Noida 29,Noida,Uttar Pradesh,221001.0,High Street,Coffee & Snacks,2024-01-31,104.0,17023.97,163.69,5.0,30.0,26.0,108640.44,Wallet,Takeaway,Closed,Franchise
OUT10851,Taco Bell,Taco Bell - Chennai 38,Chennai,Tamil Nadu,600001.0,Standalone,Tacos,2023-08-30,189.0,18894.89,99.97,3.5,30.0,34.0,150491.75,Cash,Dine-in,Open,Franchise
OUT10852,Dunkin',Dunkin' - Shillong 6,Shillong,Meghalaya,492001.0,Mall,Fried Chicken,2024-10-26,113.0,11059.98,97.88,3.9,5.0,31.0,70460.51,UPI,Takeaway,Renovation,Franchise
OUT10853,Subway,Subway - Pune 30,Pune,Maharashtra,400601.0,Drive-Thru,Sandwich,2025-09-16,148.0,32451.14,219.26,3.5,27.0,35.0,117056.32,Card,Dine-in,Renovation,Franchise
OUT10854,Taco Bell,Taco Bell - Varanasi 13,Varanasi,Uttar Pradesh,221001.0,Drive-Thru,Tacos,2023-07-19,172.0,11658.27,67.78,4.0,27.0,24.0,131839.77,Card,Drive-thru,Open,Franchise
OUT10855,Subway,Subway - Varanasi 11,Varanasi,Uttar Pradesh,226001.0,High Street,Sandwich,2024-11-30,182.0,17001.57,93.42,3.3,20.0,14.0,51151.26,Cash,Dine-in,Closed,Company Owned
OUT10856,Starbucks,Starbucks - Puducherry 40,Puducherry,Puducherry,797001.0,Food Court,Pizza,2024-05-16,162.0,25624.07,158.17,4.2,23.0,22.0,73305.7,Card,Drive-thru,Closed,Company Owned
OUT10857,Starbucks,Starbucks - Nashik 29,Nashik,Maharashtra,422001.0,Food Court,Coffee & Snacks,2023-08-30,120.0,20921.86,174.35,4.0,20.0,11.0,70023.28,Card,Takeaway,Open,Company Owned
OUT10858,Mcdonald'S,McDonald's - Ahmedabad 10,Ahmedabad,Gujarat,395001.0,Food Court,Sandwich,2023-05-15,133.0,24508.33,184.27,3.4,21.0,33.0,141368.04,Card,Drive-thru,Open,Franchise
OUT10859,Pizza Hut,Pizza Hut - Mysuru 28,Mysuru,Karnataka,560001.0,High Street,Coffee & Snacks,2025-11-01,79.0,35208.15,445.67,3.2,16.0,29.0,99179.82,UPI,Delivery,Open,Company Owned
OUT10860,Pizza Hut,Pizza Hut - Chandigarh 9,Chandigarh,Chandigarh,492001.0,Food Court,Coffee & Snacks,2023-06-29,185.0,30494.34,164.83,4.5,30.0,32.0,133672.08,Card,Dine-in,Open,Company Owned
OUT10861,Mcdonald'S,McDonald's - Bhopal 14,Bhopal,Madhya Pradesh,800001.0,Mall,Burger,2024-04-04,73.0,14314.06,196.08,3.6,27.0,5.0,103695.83,Cash,Drive-thru,Renovation,Franchise
OUT10862,Mcdonald'S,McDonald's - Raipur 10,Raipur,Chhattisgarh,171001.0,Standalone,Donuts,2024-01-09,123.0,22030.12,179.11,4.2,23.0,26.0,12000.0,UPI,Drive-thru,Open,Company Owned
OUT10863,Burger King,Burger King - Chandigarh 40,Chandigarh,Chandigarh,781001.0,High Street,Pizza,2025-06-23,155.0,18726.66,120.82,3.8,28.0,15.0,73984.12,Wallet,Drive-thru,Open,Franchise
OUT10864,Pizza Hut,Pizza Hut - Visakhapatnam 22,Visakhapatnam,Andhra Pradesh,171001.0,High Street,Coffee & Snacks,2024-06-15,142.0,25150.26,177.11,3.5,8.0,13.0,57078.11,Card,Delivery,Renovation,Franchise
OUT10865,Wendy'S,Wendy's - Daman 5,Daman,Dadra And Nagar Haveli And Daman And Diu,403001.0,High Street,Sandwich,2025-12-19,161.0,16531.32,102.68,3.3,10.0,34.0,152310.95,Wallet,Delivery,Renovation,Company Owned
OUT10866,Burger King,Burger King - Pune 38,Pune,Maharashtra,400001.0,Mall,Tacos,2025-12-12,144.0,14167.32,98.38,4.5,4.0,10.0,29417.33,Wallet,Delivery,Open,Franchise
OUT10867,Dunkin',Dunkin' - Hyderabad 21,Hyderabad,Telangana,500001.0,Food Court,Fried Chicken,2023-09-01,205.0,19571.65,95.47,3.8,29.0,32.0,65549.73,Card,Takeaway,Open,Franchise
OUT10868,Starbucks,Starbucks - Panaji 28,Panaji,Goa,796001.0,High Street,Donuts,2023-02-28,187.0,26329.85,140.8,3.5,17.0,20.0,112234.58,Card,Drive-thru,Renovation,Company Owned
OUT10869,Pizza Hut,Pizza Hut - Imphal 38,Imphal,Manipur,751001.0,Drive-Thru,Donuts,2025-05-19,203.0,15175.33,74.76,3.5,28.0,35.0,43173.54,Cash,Drive-thru,Closed,Company Owned
OUT10870,Dunkin',Dunkin' - Srinagar 25,Srinagar,Jammu And Kashmir,797001.0,Standalone,Pizza,2024-01-10,189.0,20067.6,106.18,3.3,29.0,22.0,64195.84,Wallet,Delivery,Open,Company Owned
OUT10871,Burger King,Burger King - Bhopal 30,Bhopal,Madhya Pradesh,248001.0,Mall,Coffee & Snacks,2023-02-27,121.0,22402.7,185.15,4.3,8.0,21.0,56877.41,Card,Drive-thru,Renovation,Company Owned
OUT10872,Mcdonald'S,McDonald's - Leh 27,Leh,Ladakh,799001.0,Standalone,Burger,2025-07-01,144.0,27607.08,191.72,3.6,21.0,3.0,61985.92,Wallet,Delivery,Open,Company Owned
OUT10873,Wendy'S,Wendy's - Srinagar 14,Srinagar,Jammu And Kashmir,682001.0,Standalone,Tacos,2024-07-23,213.0,10817.53,50.79,3.5,5.0,9.0,75629.73,Card,Delivery,Open,Franchise
OUT10874,Starbucks,Starbucks - Pune 7,Pune,Maharashtra,400601.0,Drive-Thru,Fried Chicken,2024-03-05,129.0,25812.2,200.09,4.0,9.0,2.0,103375.82,Wallet,Takeaway,Open,Company Owned
OUT10875,Kfc,KFC - Kochi 36,Kochi,Kerala,751001.0,Standalone,Coffee & Snacks,2024-06-27,41.0,29593.36,721.79,3.3,5.0,16.0,73452.55,Wallet,Takeaway,Renovation,Company Owned
OUT10876,Domino'S,Domino's - Hyderabad 30,Hyderabad,Telangana,500032.0,Standalone,Donuts,2025-05-08,161.0,17573.38,109.15,3.1,23.0,21.0,80584.54,Card,Dine-in,Closed,Franchise
OUT10877,Taco Bell,Taco Bell - Agartala 21,Agartala,Tripura,737101.0,Mall,Pizza,2025-09-22,117.0,23225.29,198.51,4.5,30.0,20.0,119107.23,Wallet,Drive-thru,Open,Franchise
OUT10878,Burger King,Burger King - Jammu 16,Jammu,Jammu And Kashmir,799001.0,Food Court,Pizza,2024-06-02,153.0,32836.99,214.62,3.9,23.0,5.0,90498.25,Wallet,Takeaway,Open,Franchise
OUT10879,Wendy'S,Wendy's - Noida 3,Noida,Uttar Pradesh,226001.0,Mall,Fried Chicken,2025-01-20,227.0,29565.86,130.25,4.6,17.0,10.0,57259.65,Wallet,Dine-in,Open,Company Owned
OUT10880,Kfc,KFC - Chandigarh 31,Chandigarh,Chandigarh,796001.0,Food Court,Burger,2023-02-20,204.0,17837.36,87.44,4.3,17.0,20.0,56253.9,Card,Takeaway,Closed,Franchise
OUT10881,Subway,Subway - Jammu 38,Jammu,Jammu And Kashmir,751001.0,High Street,Pizza,2024-01-02,173.0,17556.45,101.48,3.8,25.0,16.0,141650.04,Wallet,Delivery,Open,Franchise
OUT10882,Pizza Hut,Pizza Hut - Thane 9,Thane,Maharashtra,422001.0,Drive-Thru,Pizza,2025-05-09,77.0,4258.7,55.31,4.3,18.0,30.0,116667.84,Card,Dine-in,Open,Company Owned
OUT10883,Pizzahut,Pizza Hut - Agartala 20,Agartala,Tripura,492001.0,High Street,Donuts,2024-09-29,158.0,19008.18,120.3,4.0,28.0,24.0,163411.12,Card,Delivery,Renovation,Company Owned
OUT10884,Kfc,KFC - Thiruvananthapuram 11,Thiruvananthapuram,Kerala,492001.0,Standalone,Tacos,2024-07-01,191.0,16798.4,87.95,3.7,10.0,11.0,112517.11,Cash,Takeaway,Open,Company Owned
OUT10885,Mcdonald'S,McDonald's - Port Blair 18,Port Blair,Andaman And Nicobar Islands,248001.0,Standalone,Sandwich,2024-01-28,129.0,18266.84,141.6,3.9,11.0,10.0,134380.29,UPI,Drive-thru,Open,Company Owned
OUT10886,Taco Bell,Taco Bell - Bengaluru 9,Bengaluru,Karnataka,570001.0,Food Court,Sandwich,2025-07-20,154.0,8433.03,54.76,4.9,21.0,26.0,60251.76,Wallet,Takeaway,Open,Franchise
OUT10887,Taco Bell,Taco Bell - Mumbai 2,Mumbai,Maharashtra,400601.0,Mall,Pizza,2025-06-22,167.0,27569.14,165.08,3.9,17.0,15.0,98295.08,Wallet,Drive-thru,Renovation,Franchise
OUT10888,Dunkin',Dunkin' - Itanagar 23,Itanagar,Arunachal Pradesh,682553.0,Drive-Thru,Donuts,2024-05-23,239.0,8247.06,34.51,4.1,7.0,30.0,150584.87,Cash,Takeaway,Open,Company Owned
OUT10889,Burger King,Burger King - Pune 31,Pune,Maharashtra,400601.0,High Street,Donuts,2024-05-02,174.0,20213.59,116.17,3.7,4.0,10.0,62654.41,UPI,Drive-thru,Open,Company Owned
OUT10890,Wendy'S,Wendy's - Shillong 36,Shillong,Meghalaya,751001.0,Food Court,Sandwich,2024-02-08,132.0,23694.19,179.5,4.2,6.0,2.0,90409.93,Cash,Dine-in,Renovation,Franchise
OUT10891,Domino'S,Domino's - Mysuru 13,Mysuru,Karnataka,570001.0,Standalone,Coffee & Snacks,2023-09-08,155.0,21423.54,138.22,3.8,23.0,4.0,120514.37,UPI,Delivery,Closed,Franchise
OUT10892,Starbucks,Starbucks - Daman 22,Daman,Dadra And Nagar Haveli And Daman And Diu,793001.0,Food Court,Donuts,2024-07-12,183.0,13889.15,75.9,4.0,14.0,8.0,66036.96,UPI,Delivery,Open,Franchise
OUT10893,Pizza Hut,Pizza Hut - Mumbai 36,Mumbai,Maharashtra,440001.0,Drive-Thru,Burger,2025-11-14,151.0,30483.84,201.88,3.5,19.0,7.0,84253.68,Card,Delivery,Open,Franchise
OUT10894,Mcdonald'S,McDonald's - Udaipur 26,Udaipur,Rajasthan,302001.0,Drive-Thru,Burger,2025-11-05,87.0,13994.19,160.85,4.4,19.0,19.0,84733.02,UPI,Dine-in,Open,Company Owned
OUT10895,Burger King,Burger King - Kavaratti 8,Kavaratti,Lakshadweep,793001.0,High Street,Donuts,2024-05-19,197.0,15573.82,79.05,3.7,19.0,35.0,118680.32,Wallet,Drive-thru,Open,Franchise
OUT10896,Domino'S,Domino's - Thiruvananthapuram 18,Thiruvananthapuram,Kerala,834001.0,Drive-Thru,Pizza,2025-03-13,146.0,16599.65,113.7,3.6,19.0,29.0,75894.35,Card,Dine-in,Open,Franchise
OUT10897,Pizza Hut,Pizza Hut - Gurugram 20,Gurugram,Haryana,797001.0,Drive-Thru,Donuts,2024-09-01,128.0,27156.26,212.16,4.5,29.0,22.0,81412.09,Wallet,Drive-thru,Open,Franchise
OUT10898,Taco Bell,Taco Bell - Indore 7,Indore,Madhya Pradesh,171001.0,Drive-Thru,Pizza,2023-12-19,198.0,500.0,2.53,5.0,15.0,22.0,114308.29,UPI,Drive-thru,Open,Company Owned
OUT10899,Mcdonald'S,McDonald's - Ranchi 39,Ranchi,Jharkhand,834001.0,Mall,Coffee & Snacks,2024-06-10,131.0,23970.41,182.98,3.8,7.0,16.0,63919.89,Cash,Drive-thru,Renovation,Company Owned
OUT10900,Kfc,KFC - Kohima 13,Kohima,Nagaland,799001.0,High Street,Pizza,2023-03-28,133.0,22930.93,172.41,3.9,14.0,10.0,109894.49,Wallet,Takeaway,Closed,Franchise
OUT10901,Kfc,KFC - Aizawl 30,Aizawl,Mizoram,403001.0,Drive-Thru,Burger,2024-09-20,171.0,19038.1,111.33,4.3,5.0,17.0,131467.16,Wallet,Dine-in,Renovation,Company Owned
OUT10902,Wendy'S,Wendy's - Raipur 11,Raipur,Chhattisgarh,492001.0,Standalone,Coffee & Snacks,2023-06-20,213.0,13924.27,65.37,4.0,4.0,10.0,78273.94,Wallet,Dine-in,Closed,Company Owned
OUT10903,Taco Bell,Taco Bell - Thiruvananthapuram 33,Thiruvananthapuram,Kerala,793001.0,Mall,Fried Chicken,2023-06-04,166.0,35785.69,215.58,3.7,27.0,10.0,99797.84,UPI,Delivery,Open,Company Owned
OUT10904,Pizza Hut,Pizza Hut - Srinagar 17,Srinagar,Jammu And Kashmir,396210.0,High Street,Coffee & Snacks,2023-10-31,207.0,30150.72,145.66,4.3,26.0,10.0,63626.39,UPI,Takeaway,Renovation,Franchise
OUT10905,Pizza Hut,Pizza Hut - Hyderabad 22,Hyderabad,Telangana,500001.0,Standalone,Burger,2024-10-28,133.0,19859.6,149.32,4.0,8.0,3.0,171969.01,Cash,Delivery,Open,Franchise
OUT10906,Subway,Subway - Thiruvananthapuram 20,Thiruvananthapuram,Kerala,799001.0,High Street,Unknown,2023-05-29,170.0,28266.84,166.28,3.2,21.0,28.0,126278.8,UPI,Drive-thru,Open,Company Owned
OUT10907,Subway,Subway - New Delhi 22,New Delhi,Delhi,110025.0,Food Court,Coffee & Snacks,2025-11-12,175.0,8225.42,47.0,3.8,4.0,28.0,104836.78,Card,Delivery,Open,Franchise
OUT10908,Mcdonald'S,McDonald's - Srinagar 36,Srinagar,Jammu And Kashmir,492001.0,High Street,Donuts,2024-10-13,167.0,28683.4,171.76,3.0,8.0,18.0,85160.56,Wallet,Delivery,Open,Franchise
OUT10909,Mcdonald'S,McDonald's - Pune 18,Pune,Maharashtra,400601.0,Drive-Thru,Sandwich,2023-12-15,64.0,20210.24,315.79,3.7,5.0,13.0,117793.17,UPI,Delivery,Closed,Company Owned
OUT10910,Dunkin',Dunkin' - Gurugram 3,Gurugram,Haryana,797001.0,High Street,Donuts,2024-01-17,131.0,15251.19,116.42,4.7,18.0,24.0,147326.83,Card,Drive-thru,Open,Franchise
OUT10911,Wendy'S,Wendy's - Agartala 5,Agartala,Tripura,171001.0,High Street,Donuts,2024-06-10,84.0,12562.68,149.56,4.0,22.0,19.0,109178.15,Card,Drive-thru,Open,Company Owned
OUT10912,Pizza Hut,Pizza Hut - Dehradun 38,Dehradun,Uttarakhand,682553.0,Food Court,Burger,2024-03-25,202.0,23992.13,118.77,5.0,27.0,34.0,96959.43,Wallet,Takeaway,Open,Franchise
OUT10913,Dunkin',Dunkin' - Ahmedabad 24,Ahmedabad,Gujarat,395001.0,High Street,Coffee & Snacks,2024-04-10,228.0,34795.86,152.61,4.4,18.0,9.0,91889.8,Cash,Dine-in,Closed,Franchise
OUT10914,Dunkin',Dunkin' - Leh 29,Leh,Ladakh,171001.0,Drive-Thru,Tacos,2024-08-21,111.0,21890.27,197.21,4.1,23.0,14.0,137457.72,Cash,Drive-thru,Open,Company Owned
OUT10915,Taco Bell,Taco Bell - Thiruvananthapuram 31,Thiruvananthapuram,Kerala,248001.0,Drive-Thru,Burger,2023-06-30,180.0,18525.4,102.92,4.5,22.0,20.0,53668.91,Cash,Takeaway,Open,Company Owned
OUT10916,Wendy'S,Wendy's - Varanasi 29,Varanasi,Uttar Pradesh,226001.0,Drive-Thru,Sandwich,2024-02-13,279.0,18376.36,65.87,4.7,16.0,8.0,28024.63,Cash,Dine-in,Open,Company Owned
OUT10917,Burger King,Burger King - Mumbai 24,Mumbai,Maharashtra,422001.0,Mall,Pizza,2025-06-04,183.0,14418.93,78.79,3.5,15.0,13.0,96727.32,Cash,Drive-thru,Open,Company Owned
OUT10918,Dunkin',Dunkin' - Kochi 22,Kochi,Kerala,682001.0,Food Court,Donuts,2023-06-16,216.0,13985.16,64.75,4.9,19.0,35.0,142345.48,Wallet,Dine-in,Open,Company Owned
OUT10919,Wendy'S,Wendy's - Nagpur 17,Nagpur,Maharashtra,422001.0,Food Court,Burger,2025-08-27,144.0,14918.67,103.6,3.6,10.0,13.0,33970.68,Card,Drive-thru,Closed,Franchise
OUT10920,Domino'S,Domino's - Udaipur 13,Udaipur,Rajasthan,313001.0,Standalone,Coffee & Snacks,2025-06-08,221.0,24022.84,108.7,3.4,13.0,6.0,37826.77,Cash,Takeaway,Open,Company Owned
OUT10921,Burger King,Burger King - Imphal 24,Imphal,Manipur,796001.0,Standalone,Tacos,2023-12-02,163.0,28545.5,175.13,4.5,13.0,28.0,109447.14,Cash,Drive-thru,Renovation,Company Owned
OUT10922,Starbucks,Starbucks - Patna 11,Patna,Bihar,800001.0,Drive-Thru,Sandwich,2024-01-16,181.0,4373.4,24.16,3.8,6.0,8.0,87302.85,Cash,Dine-in,Open,Franchise
OUT10923,Subway,Subway - Thiruvananthapuram 11,Thiruvananthapuram,Kerala,492001.0,Standalone,Donuts,2025-01-31,151.0,7093.3,46.98,3.9,7.0,20.0,111867.82,Cash,Takeaway,Open,Franchise
OUT10924,Pizza Hut,Pizza Hut - Patna 15,Patna,Bihar,492001.0,High Street,Pizza,2025-03-10,31.0,15340.85,494.87,4.5,7.0,8.0,94031.5,Wallet,Takeaway,Open,Company Owned
OUT10925,Dunkin',Dunkin' - Itanagar 31,Itanagar,Arunachal Pradesh,462001.0,Drive-Thru,Coffee & Snacks,2024-10-28,189.0,15964.88,84.47,3.8,15.0,18.0,32303.44,Wallet,Drive-thru,Open,Company Owned
OUT10926,Burger King,Burger King - Udaipur 10,Udaipur,Rajasthan,560001.0,Drive-Thru,Coffee & Snacks,2023-02-15,205.0,23656.14,115.4,4.2,27.0,18.0,45951.59,Card,Drive-thru,Open,Company Owned
OUT10927,Taco Bell,Taco Bell - Varanasi 37,Varanasi,Uttar Pradesh,226001.0,Mall,Tacos,2024-10-11,227.0,24543.64,108.12,4.4,17.0,2.0,153458.0,Card,Dine-in,Open,Company Owned
OUT10928,Starbucks,Starbucks - Guwahati 13,Guwahati,Assam,793001.0,Mall,Fried Chicken,2025-02-13,247.0,13546.65,54.84,3.8,20.0,32.0,90498.25,UPI,Dine-in,Renovation,Franchise
OUT10929,Starbucks,Starbucks - Mumbai 15,Mumbai,Maharashtra,411001.0,Mall,Pizza,2023-06-22,60.0,16168.07,269.47,4.0,4.0,16.0,133054.78,Wallet,Dine-in,Renovation,Franchise
OUT10930,Mcdonald'S,McDonald's - Surat 6,Surat,Gujarat,395001.0,Standalone,Fried Chicken,2025-02-07,193.0,19484.18,100.95,3.1,11.0,28.0,83308.82,Cash,Takeaway,Closed,Franchise
OUT10931,Dunkin',Dunkin' - Mysuru 17,Mysuru,Karnataka,560001.0,Food Court,Fried Chicken,2025-05-23,212.0,12006.73,56.64,3.4,10.0,33.0,87125.55,Wallet,Drive-thru,Open,Company Owned
OUT10932,Burger King,Burger King - Nashik 10,Nashik,Maharashtra,411001.0,Standalone,Fried Chicken,2024-05-19,132.0,27331.35,207.06,4.0,21.0,24.0,62841.31,Wallet,Drive-thru,Open,Franchise
OUT10933,Mcdonald'S,McDonald's - Nagpur 33,Nagpur,Maharashtra,411001.0,Standalone,Tacos,2023-08-28,171.0,15673.63,91.66,3.9,29.0,15.0,95650.99,UPI,Dine-in,Open,Company Owned
OUT10934,Dunkin',Dunkin' - Aizawl 23,Aizawl,Mizoram,799001.0,Mall,Burger,2024-08-08,214.0,23765.74,111.05,3.5,23.0,9.0,106991.48,Cash,Drive-thru,Open,Company Owned
OUT10935,Pizza Hut,Pizza Hut - Bengaluru 21,Bengaluru,Karnataka,570001.0,Food Court,Pizza,2024-11-24,196.0,25323.39,129.2,3.6,29.0,33.0,98515.46,Cash,Drive-thru,Renovation,Company Owned
OUT10936,Starbucks,Starbucks - Nashik 16,Nashik,Maharashtra,440001.0,Food Court,Burger,2024-08-05,160.0,26491.03,165.57,3.3,22.0,27.0,104750.98,UPI,Drive-thru,Closed,Company Owned
OUT10937,Taco Bell,Taco Bell - Ahmedabad 26,Ahmedabad,Gujarat,395001.0,Standalone,Coffee & Snacks,2025-10-12,183.0,13741.77,75.09,4.2,6.0,15.0,54679.63,Cash,Delivery,Renovation,Franchise
OUT10938,Wendy'S,Wendy's - Daman 2,Daman,Dadra And Nagar Haveli And Daman And Diu,171001.0,Standalone,Fried Chicken,2023-09-19,129.0,9453.36,73.28,3.2,12.0,18.0,125337.65,Card,Dine-in,Open,Franchise
OUT10939,Taco Bell,Taco Bell - Shillong 9,Shillong,Meghalaya,834001.0,Mall,Donuts,2023-01-23,192.0,16613.3,86.53,4.1,10.0,32.0,106679.69,UPI,Delivery,Closed,Franchise
OUT10940,Wendy'S,Wendy's - Srinagar 21,Srinagar,Jammu And Kashmir,737101.0,Food Court,Pizza,2025-01-15,200.0,25175.93,125.88,4.3,8.0,27.0,30264.07,Cash,Delivery,Open,Company Owned
OUT10941,Subway,Subway - Ludhiana 31,Ludhiana,Punjab,141001.0,Standalone,Donuts,2024-11-11,138.0,28772.19,208.49,4.5,9.0,34.0,111880.04,Card,Takeaway,Open,Franchise
OUT10942,Pizza Hut,Pizza Hut - Chandigarh 18,Chandigarh,Chandigarh,396210.0,High Street,Donuts,2023-01-02,172.0,9666.85,56.2,3.8,21.0,9.0,108057.71,Wallet,Delivery,Open,Franchise
OUT10943,Subway,Subway - Nagpur 6,Nagpur,Maharashtra,400601.0,Food Court,Donuts,2025-10-22,226.0,25718.69,113.8,4.6,21.0,18.0,107075.33,Card,Dine-in,Closed,Franchise
OUT10944,Subway,Subway - Indore 15,Indore,Madhya Pradesh,781001.0,High Street,Donuts,2025-01-16,131.0,13573.29,103.61,3.5,22.0,29.0,30671.16,Card,Dine-in,Open,Company Owned
OUT10945,Pizza Hut,Pizza Hut - Kochi 13,Kochi,Kerala,751001.0,Drive-Thru,Coffee & Snacks,2023-06-15,98.0,12525.36,127.81,4.1,22.0,21.0,39027.38,Card,Dine-in,Open,Franchise
OUT10946,Burger King,Burger King - Kochi 6,Kochi,Kerala,799001.0,High Street,Pizza,2025-06-21,101.0,18204.58,180.24,4.4,24.0,24.0,75534.03,Card,Delivery,Renovation,Franchise
OUT10947,Starbucks,Starbucks - Bhopal 37,Bhopal,Madhya Pradesh,248001.0,High Street,Coffee & Snacks,2025-08-14,165.0,22338.86,135.39,3.4,6.0,17.0,137500.1,Wallet,Takeaway,Renovation,Company Owned
OUT10948,Mcdonald'S,McDonald's - Ahmedabad 1,Ahmedabad,Gujarat,395001.0,Standalone,Coffee & Snacks,2023-03-24,33.0,4438.9,134.51,4.1,26.0,15.0,44769.62,UPI,Takeaway,Closed,Company Owned
OUT10949,Kfc,KFC - Raipur 15,Raipur,Chhattisgarh,682553.0,Mall,Burger,2025-11-12,129.0,20691.44,160.4,4.6,13.0,20.0,88292.56,Card,Drive-thru,Open,Company Owned
OUT10950,Pizza Hut,Pizza Hut - Nashik 38,Nashik,Maharashtra,422001.0,Food Court,Pizza,2024-01-08,88.0,20565.65,233.7,4.7,4.0,29.0,107217.15,UPI,Dine-in,Open,Company Owned
OUT10951,Starbucks,Starbucks - Pune 21,Pune,Maharashtra,440001.0,Standalone,Fried Chicken,2024-11-16,269.0,12820.68,47.66,3.7,24.0,29.0,119156.63,Cash,Dine-in,Closed,Company Owned
OUT10952,Subway,Subway - Gangtok 8,Gangtok,Sikkim,793001.0,Mall,Sandwich,2025-05-20,176.0,19437.51,110.44,3.4,26.0,27.0,60610.85,Cash,Drive-thru,Closed,Company Owned
OUT10953,Taco Bell,Taco Bell - Bhubaneswar 6,Bhubaneswar,Odisha,834001.0,Mall,Pizza,2024-05-13,183.0,20049.87,109.56,4.0,14.0,10.0,61877.82,Wallet,Dine-in,Open,Franchise
OUT10954,Domino'S,Domino's - Leh 7,Leh,Ladakh,396210.0,Drive-Thru,Pizza,2024-06-22,29.0,33069.93,1140.34,4.2,22.0,7.0,55690.76,Card,Dine-in,Open,Franchise
OUT10955,Taco Bell,Taco Bell - Agartala 31,Agartala,Tripura,171001.0,Mall,Pizza,2023-08-05,121.0,19525.76,161.37,3.7,18.0,19.0,109552.05,UPI,Takeaway,Renovation,Company Owned
OUT10956,Subway,Subway - Patna 29,Patna,Bihar,793001.0,Drive-Thru,Sandwich,2024-03-04,90.0,19287.23,214.3,4.0,9.0,33.0,101208.13,Cash,Drive-thru,Open,Franchise
OUT10957,Burger King,Burger King - Panaji 7,Panaji,Goa,462001.0,Food Court,Donuts,2024-07-27,161.0,20182.06,125.35,3.9,17.0,12.0,97334.4,Cash,Delivery,Open,Franchise
OUT10958,Mcdonald'S,McDonald's - Port Blair 25,Port Blair,Andaman And Nicobar Islands,744101.0,Mall,Donuts,2025-07-05,101.0,13513.83,133.8,4.2,16.0,16.0,22715.17,Card,Takeaway,Closed,Franchise
OUT10959,Taco Bell,Taco Bell - Jaipur 28,Jaipur,Rajasthan,313001.0,Mall,Donuts,2023-01-08,197.0,16486.01,83.69,4.1,9.0,28.0,59390.25,UPI,Dine-in,Renovation,Company Owned
OUT10960,Kfc,KFC - Thane 40,Thane,Maharashtra,422001.0,High Street,Coffee & Snacks,2023-12-03,78.0,14483.28,185.68,3.5,7.0,26.0,89259.06,Wallet,Takeaway,Open,Company Owned
OUT10961,Subway,Subway - Hyderabad 40,Hyderabad,Telangana,500001.0,Mall,Sandwich,2024-09-27,140.0,39407.24,281.48,2.1,17.0,2.0,140336.75,Card,Takeaway,Open,Franchise
OUT10962,Dunkin',Dunkin' - Visakhapatnam 24,Visakhapatnam,Andhra Pradesh,171001.0,Mall,Coffee & Snacks,2025-09-14,89.0,32596.17,366.25,4.4,12.0,16.0,44673.89,Card,Drive-thru,Open,Company Owned
OUT10963,Dunkin',Dunkin' - Pune 5,Pune,Maharashtra,422001.0,Standalone,Tacos,2024-07-30,140.0,19525.08,139.46,3.3,5.0,31.0,107538.78,Wallet,Delivery,Open,Company Owned
OUT10964,Burger King,Burger King - Srinagar 31,Srinagar,Jammu And Kashmir,795001.0,Mall,Fried Chicken,2023-06-01,173.0,25731.55,148.74,3.7,12.0,13.0,31587.05,Cash,Dine-in,Closed,Company Owned
OUT10965,Subway,Subway - Bhubaneswar 8,Bhubaneswar,Odisha,799001.0,Food Court,Pizza,2025-11-07,89.0,18238.1,204.92,3.6,9.0,3.0,71409.47,Cash,Takeaway,Open,Franchise
OUT10966,Starbucks,Starbucks - Nagpur 38,Nagpur,Maharashtra,422001.0,Mall,Tacos,2023-08-04,234.0,22037.02,94.18,4.8,13.0,5.0,28674.1,Cash,Dine-in,Closed,Company Owned
OUT10967,Starbucks,Starbucks - Itanagar 36,Itanagar,Arunachal Pradesh,795001.0,Drive-Thru,Pizza,2024-10-10,114.0,16234.51,142.41,4.6,10.0,23.0,87156.22,Card,Delivery,Open,Franchise
OUT10968,Mcdonald'S,McDonald's - Ranchi 23,Ranchi,Jharkhand,682001.0,Drive-Thru,Sandwich,2025-11-02,600.0,500000.0,88.28,3.2,6.0,31.0,88962.26,Card,Takeaway,Closed,Company Owned
OUT10969,Burger King,Burger King - Chennai 33,Chennai,Tamil Nadu,641001.0,Standalone,Burger,2023-07-28,265.0,3515.68,13.27,4.8,25.0,23.0,155437.36,Wallet,Delivery,Open,Franchise
OUT10970,Mcdonald'S,McDonald's - Chandigarh 9,Chandigarh,Chandigarh,751001.0,Mall,Fried Chicken,2025-03-22,201.0,9189.32,45.72,4.5,9.0,33.0,90086.7,Card,Takeaway,Open,Franchise
OUT10971,Subway,Subway - Varanasi 1,Varanasi,Uttar Pradesh,221001.0,High Street,Tacos,2024-12-15,84.0,11128.36,132.48,2.8,9.0,5.0,25282.08,Wallet,Drive-thru,Open,Company Owned
OUT10972,Pizza Hut,Pizza Hut - Kolkata 2,Kolkata,West Bengal,700091.0,Standalone,Pizza,2025-04-22,140.0,20377.86,145.56,3.6,8.0,18.0,53046.42,Card,Delivery,Open,Franchise
OUT10973,Subway,Subway - Bhubaneswar 27,Bhubaneswar,Odisha,800001.0,Standalone,Coffee & Snacks,2023-09-30,130.0,14577.31,112.13,4.3,5.0,18.0,146633.03,Cash,Drive-thru,Closed,Company Owned
OUT10974,Subway,Subway - Daman 7,Daman,Dadra And Nagar Haveli And Daman And Diu,403001.0,Mall,Pizza,2023-07-12,97.0,24943.95,257.15,3.6,28.0,24.0,98560.88,UPI,Drive-thru,Open,Company Owned
OUT10975,Dunkin',Dunkin' - Srinagar 16,Srinagar,Jammu And Kashmir,800001.0,High Street,Pizza,2025-12-25,127.0,22680.52,178.59,3.2,22.0,13.0,59389.21,UPI,Takeaway,Open,Company Owned
OUT10976,Starbucks,Starbucks - Lucknow 3,Lucknow,Uttar Pradesh,226001.0,Food Court,Fried Chicken,2024-11-27,227.0,18660.21,82.2,4.7,27.0,16.0,51063.68,UPI,Drive-thru,Open,Company Owned
OUT10977,Pizza Hut,Pizza Hut - Port Blair 2,Port Blair,Andaman And Nicobar Islands,800001.0,High Street,Pizza,2024-06-28,225.0,24875.08,110.56,3.8,11.0,18.0,54176.82,Cash,Takeaway,Open,Franchise
OUT10978,Subway,Subway - Thane 38,Thane,Maharashtra,411001.0,High Street,Coffee & Snacks,2023-02-06,234.0,17126.26,73.19,3.8,13.0,24.0,137100.34,Card,Dine-in,Closed,Company Owned
OUT10979,Kfc,KFC - Leh 34,Leh,Ladakh,751001.0,Standalone,Coffee & Snacks,2025-04-22,248.0,24374.52,98.28,4.0,18.0,20.0,67522.07,UPI,Drive-thru,Closed,Company Owned
OUT10980,Dunkin',Dunkin' - Bhubaneswar 39,Bhubaneswar,Odisha,793001.0,Food Court,Fried Chicken,2024-03-12,120.0,17410.01,145.08,4.3,11.0,7.0,113044.36,UPI,Takeaway,Open,Franchise
OUT10981,Mcdonald'S,McDonald's - Shillong 9,Shillong,Meghalaya,248001.0,Standalone,Fried Chicken,2023-11-10,115.0,10237.16,89.02,4.3,21.0,35.0,15450.08,UPI,Drive-thru,Closed,Franchise
OUT10982,Wendy'S,Wendy's - Kavaratti 19,Kavaratti,Lakshadweep,492001.0,Standalone,Burger,2024-05-14,118.0,31446.84,266.5,3.0,20.0,8.0,67564.61,Card,Delivery,Open,Franchise
OUT10983,Kfc,KFC - Nagpur 32,Nagpur,Maharashtra,411001.0,Drive-Thru,Tacos,2024-02-28,232.0,15477.99,66.72,4.7,24.0,20.0,152075.33,Cash,Takeaway,Closed,Company Owned
OUT10984,Burger King,Burger King - Nagpur 28,Nagpur,Maharashtra,440001.0,Drive-Thru,Tacos,2024-02-12,148.0,15756.79,106.46,4.0,15.0,25.0,75721.3,Cash,Dine-in,Open,Franchise
OUT10985,Wendy'S,Wendy's - Chennai 1,Chennai,Tamil Nadu,600001.0,Drive-Thru,Donuts,2024-11-13,150.0,18211.6,121.41,4.6,19.0,11.0,120829.82,Wallet,Dine-in,Closed,Company Owned
OUT10986,Dunkin',Dunkin' - Kavaratti 38,Kavaratti,Lakshadweep,800001.0,Standalone,Tacos,2025-06-05,134.0,30047.21,224.23,4.4,23.0,23.0,53027.75,UPI,Takeaway,Open,Company Owned
OUT10987,Taco Bell,Taco Bell - Surat 11,Surat,Gujarat,380001.0,High Street,Burger,2024-09-21,189.0,26738.29,141.47,4.7,17.0,31.0,63726.9,UPI,Drive-thru,Open,Company Owned
OUT10988,Wendy'S,Wendy's - Raipur 9,Raipur,Chhattisgarh,737101.0,Drive-Thru,Coffee & Snacks,2025-01-01,174.0,37215.86,213.88,4.4,6.0,22.0,90498.25,UPI,Delivery,Renovation,Franchise
OUT10989,Starbucks,Starbucks - Shillong 4,Shillong,Meghalaya,682001.0,Standalone,Tacos,2023-10-16,78.0,28947.96,371.13,3.6,23.0,14.0,92855.69,Card,Dine-in,Open,Company Owned
OUT10990,Mcdonald'S,McDonald's - Jaipur 21,Jaipur,Rajasthan,313001.0,Drive-Thru,Burger,2025-04-03,163.0,12016.94,73.72,3.9,6.0,24.0,24166.4,Card,Drive-thru,Open,Company Owned
OUT10991,Wendy'S,Wendy's - Bhubaneswar 28,Bhubaneswar,Odisha,682553.0,Drive-Thru,Donuts,2024-08-27,158.0,22818.23,144.42,4.0,7.0,24.0,15166.95,Wallet,Takeaway,Open,Franchise
OUT10992,Domino'S,Domino's - Thane 19,Thane,Maharashtra,400601.0,High Street,Tacos,2025-06-26,68.0,11974.0,176.09,4.5,6.0,29.0,141714.25,Wallet,Takeaway,Closed,Franchise
OUT10993,Wendy'S,Wendy's - Jammu 15,Jammu,Jammu And Kashmir,396210.0,Standalone,Tacos,2024-02-22,130.0,32647.13,251.13,3.9,4.0,17.0,98040.92,UPI,Dine-in,Open,Franchise
OUT10994,Burger King,Burger King - Patna 25,Patna,Bihar,403001.0,Food Court,Pizza,2023-11-28,167.0,17175.41,102.85,4.2,10.0,3.0,80457.19,Card,Dine-in,Closed,Company Owned
OUT10995,Pizza Hut,Pizza Hut - Ranchi 36,Ranchi,Jharkhand,737101.0,Drive-Thru,Fried Chicken,2025-08-21,230.0,15106.15,65.68,4.5,9.0,16.0,96541.61,Wallet,Drive-thru,Closed,Company Owned
OUT10996,Pizza Hut,Pizza Hut - Hyderabad 36,Hyderabad,Telangana,500001.0,Mall,Fried Chicken,2024-12-04,61.0,7704.44,126.3,4.6,28.0,16.0,80126.24,Cash,Delivery,Open,Company Owned
OUT10997,Subway,Subway - Guwahati 23,Guwahati,Assam,171001.0,Mall,Tacos,2023-12-19,244.0,34012.89,139.4,2.9,20.0,33.0,154911.6,Wallet,Dine-in,Closed,Franchise
OUT10998,Kfc,KFC - Indore 18,Indore,Madhya Pradesh,737101.0,Food Court,Tacos,2023-01-24,168.0,14157.7,84.27,3.7,5.0,30.0,122051.55,Cash,Drive-thru,Open,Franchise
OUT10999,Wendy'S,Wendy's - Dehradun 36,Dehradun,Uttarakhand,682553.0,High Street,Pizza,2024-03-16,50.0,12595.98,251.92,2.8,21.0,21.0,56888.21,Wallet,Delivery,Open,Franchise
OUT11000,Mcdonald'S,McDonald's - Ranchi 28,Ranchi,Jharkhand,560001.0,Mall,Sandwich,2024-11-22,145.0,31788.84,219.23,3.2,19.0,26.0,91664.76,Cash,Dine-in,Open,Franchise
OUT11001,Taco Bell,Taco Bell - Shimla 39,Shimla,Himachal Pradesh,171001.0,Standalone,Donuts,2024-02-05,114.0,23315.65,204.52,3.9,27.0,8.0,102045.76,Wallet,Takeaway,Open,Franchise
OUT11002,Wendy'S,Wendy's - Bhopal 12,Bhopal,Madhya Pradesh,793001.0,High Street,Fried Chicken,2024-11-10,145.0,28183.53,194.37,4.6,17.0,29.0,154421.36,Wallet,Delivery,Closed,Company Owned
OUT11003,Pizza Hut,Pizza Hut - Amritsar 38,Amritsar,Punjab,143001.0,Drive-Thru,Pizza,2025-09-15,123.0,29749.4,241.87,3.9,17.0,4.0,78784.45,Cash,Takeaway,Open,Franchise
OUT11004,Starbucks,Starbucks - Jaipur 30,Jaipur,Rajasthan,313001.0,Drive-Thru,Coffee & Snacks,2023-12-29,235.0,26235.09,111.64,4.3,13.0,18.0,119000.65,Card,Delivery,Closed,Franchise
OUT11005,Subway,Subway - Panaji 13,Panaji,Goa,492001.0,Drive-Thru,Coffee & Snacks,2025-03-17,156.0,11183.23,71.69,3.5,23.0,18.0,137756.23,Cash,Takeaway,Open,Franchise
OUT11006,Subway,Subway - Udaipur 29,Udaipur,Rajasthan,302001.0,Drive-Thru,Donuts,2025-02-10,141.0,14988.18,106.3,4.0,5.0,19.0,127033.69,Wallet,Takeaway,Closed,Franchise
OUT11007,Kfc,KFC - Jaipur 14,Jaipur,Rajasthan,302001.0,High Street,Tacos,2023-11-13,209.0,19061.25,91.2,4.1,22.0,34.0,41157.4,Card,Drive-thru,Open,Franchise
OUT11008,Taco Bell,Taco Bell - Imphal 26,Imphal,Manipur,744101.0,Standalone,Fried Chicken,2023-11-09,143.0,26115.07,182.62,3.8,28.0,12.0,54537.61,Card,Dine-in,Renovation,Franchise
OUT11009,Burger King,Burger King - Port Blair 1,Port Blair,Andaman And Nicobar Islands,737101.0,Standalone,Pizza,2023-02-16,165.0,7486.41,45.37,4.1,9.0,25.0,78925.72,Card,Takeaway,Open,Franchise
OUT11010,Starbucks,Starbucks - Srinagar 1,Srinagar,Jammu And Kashmir,682553.0,Drive-Thru,Donuts,2025-09-09,142.0,13569.81,95.56,4.5,19.0,10.0,76613.78,Wallet,Dine-in,Open,Franchise
OUT11011,Mcdonald'S,McDonald's - Kohima 11,Kohima,Nagaland,403001.0,Standalone,Burger,2025-01-21,162.0,25984.39,160.4,4.6,24.0,8.0,102249.8,UPI,Dine-in,Open,Franchise
OUT11012,Wendy'S,Wendy's - Bhopal 21,Bhopal,Madhya Pradesh,781001.0,Mall,Burger,2024-04-22,187.0,29855.42,159.65,3.1,29.0,19.0,124028.75,Wallet,Drive-thru,Closed,Franchise
OUT11013,Wendy'S,Wendy's - Kohima 5,Kohima,Nagaland,737101.0,High Street,Coffee & Snacks,2025-06-06,119.0,24810.14,208.49,3.2,16.0,11.0,33916.83,Wallet,Delivery,Open,Franchise
OUT11014,Domino'S,Domino's - Visakhapatnam 32,Visakhapatnam,Andhra Pradesh,751001.0,Drive-Thru,Burger,2025-05-28,94.0,21477.49,228.48,4.7,17.0,3.0,62138.63,UPI,Delivery,Open,Company Owned
OUT11015,Kfc,KFC - Nagpur 18,Nagpur,Maharashtra,440001.0,Drive-Thru,Burger,2024-11-25,154.0,35348.36,229.53,3.4,16.0,25.0,103277.67,Wallet,Takeaway,Open,Franchise
OUT11016,Burger King,Burger King - Itanagar 35,Itanagar,Arunachal Pradesh,795001.0,High Street,Fried Chicken,2023-09-11,241.0,16910.44,70.17,3.7,13.0,32.0,65145.06,Card,Drive-thru,Renovation,Franchise
OUT11017,Wendy'S,Wendy's - Kavaratti 34,Kavaratti,Lakshadweep,744101.0,Mall,Burger,2023-07-23,211.0,39744.49,188.36,4.6,24.0,22.0,65808.7,Card,Takeaway,Closed,Company Owned
OUT11018,Dunkin',Dunkin' - Kohima 26,Kohima,Nagaland,834001.0,Food Court,Burger,2024-03-26,172.0,9016.05,52.42,3.7,10.0,10.0,114020.07,Cash,Delivery,Closed,Company Owned
OUT11019,Wendy'S,Wendy's - Gangtok 34,Gangtok,Sikkim,796001.0,Drive-Thru,Sandwich,2023-04-06,175.0,16434.06,93.91,4.0,7.0,12.0,117482.95,Card,Delivery,Open,Company Owned
OUT11020,Wendy'S,Wendy's - Surat 21,Surat,Gujarat,380001.0,Food Court,Burger,2025-06-08,156.0,8734.75,55.99,4.2,25.0,8.0,50665.51,Card,Dine-in,Closed,Company Owned
OUT11021,Mcdonald'S,McDonald's - Dehradun 5,Dehradun,Uttarakhand,744101.0,Standalone,Sandwich,2025-09-26,175.0,27482.86,157.04,4.1,11.0,10.0,128678.15,UPI,Dine-in,Open,Franchise
OUT11022,Wendy'S,Wendy's - Ludhiana 34,Ludhiana,Punjab,143001.0,Mall,Sandwich,2023-03-01,280.0,21009.83,75.04,4.8,5.0,15.0,100418.75,Cash,Drive-thru,Open,Franchise
OUT11023,Dunkin',Dunkin' - Bhopal 13,Bhopal,Madhya Pradesh,682001.0,Standalone,Pizza,2023-07-14,128.0,22096.08,172.63,3.3,11.0,2.0,104425.25,Card,Delivery,Open,Franchise
OUT11024,Starbucks,Starbucks - Imphal 12,Imphal,Manipur,403001.0,Standalone,Pizza,2023-06-13,136.0,14460.56,106.33,4.0,8.0,24.0,157623.0,Wallet,Drive-thru,Open,Franchise
OUT11025,Pizza Hut,Pizza Hut - Chennai 35,Chennai,Tamil Nadu,600001.0,Food Court,Pizza,2023-05-13,167.0,11445.01,68.53,4.3,7.0,33.0,25865.42,Wallet,Drive-thru,Open,Franchise
OUT11026,Subway,Subway - Mumbai 40,Mumbai,Maharashtra,440001.0,Mall,Sandwich,2023-12-12,177.0,15701.03,88.71,4.1,11.0,29.0,77622.12,Card,Drive-thru,Renovation,Franchise
OUT11027,Dunkin',Dunkin' - Gangtok 40,Gangtok,Sikkim,797001.0,Food Court,Fried Chicken,2025-05-19,148.0,13896.73,93.9,3.9,15.0,34.0,51199.25,UPI,Takeaway,Closed,Franchise
OUT11028,Mcdonald'S,McDonald's - Ahmedabad 11,Ahmedabad,Gujarat,380001.0,Standalone,Pizza,2025-12-25,228.0,20496.05,89.89,4.4,8.0,9.0,122128.34,Wallet,Takeaway,Open,Franchise
OUT11029,Dunkin',Dunkin' - Bengaluru 14,Bengaluru,Karnataka,570001.0,Drive-Thru,Pizza,2024-01-20,174.0,16541.32,95.07,4.0,8.0,18.0,86322.46,UPI,Drive-thru,Open,Company Owned
OUT11030,Kfc,KFC - Gurugram 28,Gurugram,Haryana,797001.0,Food Court,Fried Chicken,2023-09-10,179.0,18924.42,105.72,5.0,22.0,7.0,98553.83,Wallet,Takeaway,Closed,Company Owned
OUT11031,Pizza Hut,Pizza Hut - Kavaratti 22,Kavaratti,Lakshadweep,682553.0,Standalone,Tacos,2025-10-09,215.0,21871.1,101.73,4.3,11.0,27.0,99052.09,Card,Takeaway,Renovation,Company Owned
OUT11032,Pizza Hut,Pizza Hut - Imphal 40,Imphal,Manipur,834001.0,High Street,Pizza,2025-03-15,71.0,9768.75,137.59,4.9,8.0,7.0,102131.83,Wallet,Drive-thru,Open,Franchise
OUT11033,Kfc,KFC - Kochi 32,Kochi,Kerala,795001.0,Standalone,Donuts,2023-03-15,10.0,24177.67,2417.77,4.8,29.0,35.0,146901.76,Card,Delivery,Open,Company Owned
OUT11034,Dunkin',Dunkin' - Gangtok 33,Gangtok,Sikkim,403001.0,High Street,Tacos,2023-09-16,120.0,16858.66,140.49,4.0,5.0,12.0,125416.03,UPI,Delivery,Renovation,Company Owned
OUT11035,Starbucks,Starbucks - Mumbai 37,Mumbai,Maharashtra,411001.0,Drive-Thru,Sandwich,2025-12-22,226.0,19312.26,85.45,3.2,18.0,10.0,143369.74,Wallet,Takeaway,Closed,Company Owned
OUT11036,Subway,Subway - Amritsar 25,Amritsar,Punjab,143001.0,Drive-Thru,Tacos,2023-11-30,120.0,9871.75,82.26,4.3,14.0,22.0,105539.92,Unknown,Delivery,Closed,Company Owned
OUT11037,Taco Bell,Taco Bell - Surat 19,Surat,Gujarat,395001.0,Standalone,Pizza,2025-09-15,90.0,36426.33,404.74,5.0,16.0,11.0,81202.98,Cash,Delivery,Renovation,Company Owned
OUT11038,Subway,Subway - Vijayawada 32,Vijayawada,Andhra Pradesh,799001.0,High Street,Tacos,2024-06-05,166.0,26542.25,159.89,5.0,6.0,22.0,78505.05,Cash,Drive-thru,Renovation,Company Owned
OUT11039,Wendy'S,Wendy's - Gangtok 9,Gangtok,Sikkim,171001.0,Mall,Donuts,2025-04-10,73.0,14323.66,196.21,3.7,14.0,35.0,99579.52,Wallet,Delivery,Renovation,Franchise
OUT11040,Pizza Hut,Pizza Hut - Amritsar 4,Amritsar,Punjab,143001.0,Mall,Donuts,2023-11-02,129.0,23537.43,182.46,4.2,29.0,17.0,52560.12,Cash,Drive-thru,Closed,Franchise
OUT11041,Subway,Subway - Bhopal 12,Bhopal,Madhya Pradesh,800001.0,Standalone,Donuts,2024-11-08,109.0,14501.61,133.04,3.8,5.0,14.0,52540.05,Wallet,Delivery,Open,Company Owned
OUT11042,Starbucks,Starbucks - Thane 20,Thane,Maharashtra,422001.0,Drive-Thru,Fried Chicken,2025-07-21,125.0,12164.51,97.32,4.4,26.0,17.0,109096.66,Cash,Takeaway,Renovation,Franchise
OUT11043,Subway,Subway - Thane 34,Thane,Maharashtra,440001.0,Mall,Donuts,2024-10-05,238.0,18116.52,76.12,4.6,11.0,9.0,89861.38,UPI,Delivery,Renovation,Company Owned
OUT11044,Wendy'S,Wendy's - Gangtok 3,Gangtok,Sikkim,403001.0,Standalone,Fried Chicken,2023-04-14,177.0,22449.75,126.83,3.7,11.0,7.0,132706.84,Cash,Dine-in,Closed,Company Owned
OUT11045,Kfc,KFC - Daman 11,Daman,Dadra And Nagar Haveli And Daman And Diu,171001.0,Mall,Tacos,2024-08-22,106.0,15858.71,149.61,3.0,10.0,16.0,57608.76,Wallet,Delivery,Open,Franchise
OUT11046,Pizza Hut,Pizza Hut - Leh 38,Leh,Ladakh,462001.0,Drive-Thru,Sandwich,2024-04-09,253.0,16943.33,66.97,4.9,27.0,6.0,44957.48,Cash,Drive-thru,Closed,Franchise
OUT11047,Subway,Subway - Bengaluru 7,Bengaluru,Karnataka,560001.0,High Street,Sandwich,2024-08-06,158.0,23881.79,151.15,3.6,16.0,3.0,66618.63,UPI,Takeaway,Open,Company Owned
OUT11048,Dunkin',Dunkin' - Raipur 40,Raipur,Chhattisgarh,492001.0,Food Court,Fried Chicken,2024-11-30,203.0,9961.43,49.07,4.4,28.0,34.0,87403.59,Cash,Dine-in,Closed,Franchise
OUT11049,Pizza Hut,Pizza Hut - Faridabad 2,Faridabad,Haryana,793001.0,High Street,Pizza,2023-10-03,175.0,35215.14,201.23,3.3,19.0,33.0,107014.26,Wallet,Drive-thru,Renovation,Company Owned
OUT11050,Mcdonald'S,McDonald's - Nashik 15,Nashik,Maharashtra,440001.0,Mall,Burger,2023-04-11,151.0,26925.7,178.32,4.1,24.0,23.0,70376.01,UPI,Dine-in,Open,Franchise
OUT11051,Starbucks,Starbucks - Guwahati 37,Guwahati,Assam,171001.0,High Street,Pizza,2023-06-24,123.0,24557.79,199.66,4.5,5.0,4.0,108389.22,Wallet,Dine-in,Open,Franchise
OUT11052,Kfc,KFC - Mumbai 16,Mumbai,Maharashtra,400601.0,Drive-Thru,Burger,2023-08-23,186.0,23619.87,126.99,3.1,16.0,16.0,119155.77,Cash,Drive-thru,Closed,Franchise
OUT11053,Pizza Hut,Pizza Hut - Visakhapatnam 29,Visakhapatnam,Andhra Pradesh,800001.0,High Street,Tacos,2024-03-25,154.0,9278.83,60.25,5.0,30.0,20.0,104426.79,UPI,Takeaway,Open,Franchise
OUT11054,Subway,Subway - Raipur 35,Raipur,Chhattisgarh,396210.0,Mall,Tacos,2025-04-27,107.0,28936.51,270.43,4.2,20.0,13.0,142969.66,Wallet,Takeaway,Open,Franchise
OUT11055,Domino'S,Domino's - Kavaratti 37,Kavaratti,Lakshadweep,737101.0,Mall,Burger,2024-06-18,117.0,15231.56,130.18,3.6,30.0,4.0,154740.61,Cash,Takeaway,Open,Company Owned
OUT11056,Mcdonald'S,McDonald's - Ranchi 22,Ranchi,Jharkhand,781001.0,Standalone,Sandwich,2025-06-28,147.0,17274.5,117.51,3.4,26.0,30.0,72786.11,Card,Takeaway,Open,Franchise
OUT11057,Wendy'S,Wendy's - Agartala 30,Agartala,Tripura,793001.0,Mall,Burger,2024-01-04,134.0,18754.07,139.96,3.9,5.0,10.0,93562.54,Wallet,Dine-in,Open,Franchise
OUT11058,Subway,Subway - Gangtok 23,Gangtok,Sikkim,248001.0,Food Court,Sandwich,2023-05-22,161.0,16790.33,104.29,4.0,20.0,23.0,98823.55,Card,Drive-thru,Open,Company Owned
OUT11059,Taco Bell,Taco Bell - Ahmedabad 15,Ahmedabad,Gujarat,380001.0,Mall,Sandwich,2023-08-18,51.0,26616.4,521.89,3.7,23.0,11.0,115613.86,Cash,Dine-in,Open,Franchise
OUT11060,Burger King,Burger King - Shimla 19,Shimla,Himachal Pradesh,171001.0,High Street,Coffee & Snacks,2024-11-04,196.0,10561.51,53.89,3.4,4.0,29.0,75387.0,Wallet,Drive-thru,Open,Franchise
OUT11061,Subway,Subway - Bhopal 25,Bhopal,Madhya Pradesh,799001.0,Mall,Tacos,2024-06-13,119.0,21793.45,183.14,3.8,21.0,19.0,100360.88,Wallet,Dine-in,Open,Franchise
OUT11062,Subway,Subway - Indore 7,Indore,Madhya Pradesh,834001.0,High Street,Pizza,2025-02-23,236.0,14573.17,61.75,4.1,28.0,5.0,75258.21,Wallet,Drive-thru,Renovation,Franchise
OUT11063,Pizza Hut,Pizza Hut - Kolkata 27,Kolkata,West Bengal,700001.0,Mall,Burger,2024-04-21,170.0,31059.12,182.7,3.7,5.0,9.0,94643.88,Card,Delivery,Open,Franchise
OUT11064,Pizza Hut,Pizza Hut - Nagpur 32,Nagpur,Maharashtra,411001.0,Drive-Thru,Pizza,2024-10-17,267.0,40710.98,152.48,3.7,4.0,30.0,12000.0,UPI,Drive-thru,Open,Franchise
OUT11065,Mcdonald'S,McDonald's - Coimbatore 5,Coimbatore,Tamil Nadu,600001.0,Food Court,Sandwich,2025-01-11,197.0,15551.57,78.94,4.1,23.0,3.0,23413.42,UPI,Dine-in,Closed,Company Owned
OUT11066,Dunkin',Dunkin' - Daman 28,Daman,Dadra And Nagar Haveli And Daman And Diu,797001.0,Standalone,Tacos,2023-04-05,128.0,23563.05,184.09,3.9,24.0,29.0,99795.34,UPI,Delivery,Open,Company Owned
OUT11067,Kfc,KFC - Mumbai 38,Mumbai,Maharashtra,411001.0,Standalone,Pizza,2024-02-20,105.0,33706.49,321.01,4.2,26.0,34.0,147199.29,Cash,Dine-in,Open,Franchise
OUT11068,Taco Bell,Taco Bell - Panaji 10,Panaji,Goa,560001.0,Standalone,Burger,2024-10-12,90.0,17010.31,189.0,4.6,9.0,9.0,89561.91,Wallet,Takeaway,Renovation,Franchise
OUT11069,Burger King,Burger King - Ahmedabad 4,Ahmedabad,Gujarat,380001.0,Mall,Pizza,2024-04-17,114.0,5882.31,51.6,4.9,15.0,5.0,79755.71,Cash,Drive-thru,Closed,Company Owned
OUT11070,Dunkin',Dunkin' - Itanagar 24,Itanagar,Arunachal Pradesh,796001.0,High Street,Tacos,2023-09-22,153.0,13237.35,86.52,4.2,19.0,34.0,130512.1,UPI,Dine-in,Open,Company Owned
OUT11071,Dunkin',Dunkin' - Shillong 10,Shillong,Meghalaya,834001.0,Drive-Thru,Burger,2025-02-05,168.0,21555.76,128.31,4.3,28.0,23.0,64316.67,UPI,Takeaway,Open,Franchise
OUT11072,Starbucks,Starbucks - Faridabad 34,Faridabad,Haryana,793001.0,Food Court,Coffee & Snacks,2023-02-11,145.0,2969.35,20.48,4.0,25.0,18.0,133489.72,UPI,Delivery,Open,Franchise
OUT11073,Taco Bell,Taco Bell - Ludhiana 22,Ludhiana,Punjab,143001.0,High Street,Donuts,2025-09-18,146.0,5982.26,40.97,3.4,6.0,2.0,78642.66,UPI,Takeaway,Open,Company Owned
OUT11074,Domino'S,Domino's - Ahmedabad 38,Ahmedabad,Gujarat,380001.0,High Street,Pizza,2024-11-06,200.0,12829.47,64.15,4.0,17.0,10.0,81616.75,Wallet,Delivery,Open,Company Owned
OUT11075,Burger King,Burger King - Patna 12,Patna,Bihar,171001.0,High Street,Unknown,2025-07-02,163.0,15306.6,93.91,4.1,19.0,2.0,113724.61,Card,Dine-in,Open,Company Owned
OUT11076,Domino'S,Domino's - Kochi 10,Kochi,Kerala,793001.0,Drive-Thru,Coffee & Snacks,2023-01-23,91.0,27956.44,307.21,3.4,18.0,2.0,109922.3,Cash,Delivery,Renovation,Franchise
OUT11077,Starbucks,Starbucks - Mysuru 19,Mysuru,Karnataka,570001.0,Drive-Thru,Coffee & Snacks,2023-10-20,120.0,10693.7,89.11,4.7,19.0,13.0,18479.77,Cash,Delivery,Open,Franchise
OUT11078,Taco Bell,Taco Bell - Bhopal 19,Bhopal,Madhya Pradesh,800001.0,Standalone,Pizza,2024-08-02,105.0,6461.82,61.54,4.2,23.0,22.0,82690.11,Wallet,Dine-in,Closed,Company Owned
OUT11079,Subway,Subway - Hyderabad 13,Hyderabad,Telangana,500001.0,Food Court,Burger,2023-08-06,53.0,31067.42,586.18,4.7,19.0,10.0,63360.93,Wallet,Takeaway,Open,Company Owned
OUT11080,Starbucks,Starbucks - Aizawl 5,Aizawl,Mizoram,737101.0,Mall,Sandwich,2024-11-29,194.0,9424.63,48.58,4.0,11.0,19.0,81709.09,Wallet,Drive-thru,Open,Franchise
OUT11081,Pizza Hut,Pizza Hut - Vijayawada 16,Vijayawada,Andhra Pradesh,795001.0,Food Court,Donuts,2025-03-15,104.0,24107.77,231.81,3.2,13.0,20.0,131727.87,Wallet,Dine-in,Open,Company Owned
OUT11082,Burger King,Burger King - Jammu 16,Jammu,Jammu And Kashmir,737101.0,Drive-Thru,Fried Chicken,2024-12-27,197.0,34993.05,177.63,3.4,25.0,21.0,29094.74,Cash,Delivery,Open,Company Owned
OUT11083,Domino'S,Domino's - Puducherry 11,Puducherry,Puducherry,781001.0,Mall,Pizza,2023-10-30,151.0,11080.18,73.38,3.3,13.0,28.0,127027.56,Wallet,Takeaway,Open,Franchise
OUT11084,Pizza Hut,Pizza Hut - Agartala 25,Agartala,Tripura,492001.0,Mall,Tacos,2024-06-02,129.0,21482.8,166.53,4.3,20.0,8.0,88026.06,Wallet,Takeaway,Open,Company Owned
OUT11085,Dunkin',Dunkin' - Gangtok 21,Gangtok,Sikkim,492001.0,High Street,Burger,2025-09-14,177.0,2657.77,15.02,4.8,14.0,4.0,102150.79,Wallet,Delivery,Renovation,Company Owned
OUT11086,Subway,Subway - Chennai 26,Chennai,Tamil Nadu,600001.0,Food Court,Tacos,2025-05-11,69.0,20766.65,300.97,4.9,16.0,4.0,88458.21,Wallet,Dine-in,Open,Company Owned
OUT11087,Starbucks,Starbucks - Ahmedabad 13,Ahmedabad,Gujarat,395001.0,Drive-Thru,Pizza,2025-07-08,110.0,19709.41,179.18,3.4,4.0,12.0,159382.7,Wallet,Dine-in,Open,Company Owned
OUT11088,Burger King,Burger King - Chennai 28,Chennai,Tamil Nadu,641001.0,Standalone,Fried Chicken,2023-06-13,150.0,20723.43,138.16,4.9,13.0,28.0,128641.73,Card,Drive-thru,Open,Company Owned
OUT11089,Wendy'S,Wendy's - Faridabad 21,Faridabad,Haryana,796001.0,Mall,Sandwich,2023-04-30,208.0,16127.41,77.54,4.1,30.0,15.0,137276.06,UPI,Delivery,Open,Company Owned
OUT11090,Subway,Subway - Amritsar 11,Amritsar,Punjab,141001.0,Mall,Coffee & Snacks,2023-07-06,151.0,30396.64,201.3,4.8,29.0,5.0,117348.41,UPI,Dine-in,Open,Franchise
OUT11091,Burger King,Burger King - Port Blair 37,Port Blair,Andaman And Nicobar Islands,796001.0,Standalone,Tacos,2025-04-03,180.0,9256.03,51.42,3.9,7.0,18.0,103189.87,Wallet,Drive-thru,Open,Company Owned
OUT11092,Mcdonald'S,McDonald's - Ranchi 8,Ranchi,Jharkhand,751001.0,Standalone,Coffee & Snacks,2025-09-03,161.0,14352.11,89.14,4.0,30.0,6.0,139131.15,Wallet,Drive-thru,Open,Company Owned
OUT11093,Dunkin',Dunkin' - Ahmedabad 19,Ahmedabad,Gujarat,395001.0,Standalone,Donuts,2025-10-08,116.0,13715.1,118.23,3.9,22.0,34.0,116733.09,UPI,Delivery,Open,Franchise
OUT11094,Wendy'S,Wendy's - Kochi 33,Kochi,Kerala,795001.0,Drive-Thru,Pizza,2025-04-04,238.0,25668.4,107.85,5.0,10.0,3.0,97256.48,Wallet,Dine-in,Open,Company Owned
OUT11095,Subway,Subway - Chennai 26,Chennai,Tamil Nadu,641001.0,Standalone,Tacos,2023-08-14,148.0,11487.61,77.62,3.4,19.0,9.0,102403.08,Wallet,Delivery,Open,Franchise
OUT11096,Domino'S,Domino's - Puducherry 22,Puducherry,Puducherry,682553.0,Mall,Donuts,2023-08-25,99.0,24213.39,244.58,3.4,7.0,32.0,93229.34,Wallet,Takeaway,Closed,Franchise
OUT11097,Pizza Hut,Pizza Hut - Thane 16,Thane,Maharashtra,400601.0,Mall,Sandwich,2025-11-14,148.0,10545.42,71.25,3.5,27.0,33.0,35233.61,Wallet,Takeaway,Open,Company Owned
OUT11098,Kfc,KFC - Bhopal 12,Bhopal,Madhya Pradesh,682553.0,Mall,Donuts,2024-04-10,223.0,14458.68,64.84,3.1,25.0,22.0,125027.25,Card,Delivery,Renovation,Company Owned
OUT11099,Burger King,Burger King - Gurugram 19,Gurugram,Haryana,492001.0,Drive-Thru,Sandwich,2023-07-17,96.0,19740.66,205.63,4.4,7.0,3.0,145175.51,Wallet,Takeaway,Open,Franchise
OUT11100,Subway,Subway - Puducherry 34,Puducherry,Puducherry,744101.0,Standalone,Pizza,2024-11-26,231.0,18242.03,78.97,4.4,21.0,18.0,141636.18,Wallet,Drive-thru,Closed,Company Owned
OUT11101,Dunkin',Dunkin' - Mysuru 23,Mysuru,Karnataka,560001.0,Mall,Fried Chicken,2023-10-13,61.0,26159.58,428.85,4.9,23.0,6.0,101286.78,Wallet,Delivery,Renovation,Franchise
OUT11102,Pizza Hut,Pizza Hut - Mysuru 15,Mysuru,Karnataka,560001.0,Drive-Thru,Sandwich,2025-02-03,126.0,13369.31,106.11,4.9,25.0,6.0,69930.51,Card,Delivery,Closed,Franchise
OUT11103,Subway,Subway - Agartala 24,Agartala,Tripura,682001.0,Food Court,Fried Chicken,2023-09-19,159.0,30028.52,188.86,3.4,28.0,19.0,93010.9,Card,Takeaway,Closed,Company Owned
OUT11104,Mcdonald'S,McDonald's - Gurugram 30,Gurugram,Haryana,834001.0,Standalone,Coffee & Snacks,2023-09-11,196.0,16858.53,86.01,4.1,23.0,15.0,79909.2,Card,Delivery,Open,Franchise
OUT11105,Burger King,Burger King - Kochi 19,Kochi,Kerala,171001.0,High Street,Donuts,2025-12-19,180.0,34110.44,189.5,3.4,12.0,10.0,81866.68,Cash,Drive-thru,Open,Franchise
OUT11106,Taco Bell,Taco Bell - Jaipur 22,Jaipur,Rajasthan,302001.0,High Street,Sandwich,2025-08-20,160.0,18391.44,114.95,4.2,8.0,34.0,151501.66,Cash,Dine-in,Open,Company Owned
OUT11107,Starbucks,Starbucks - Shimla 13,Shimla,Himachal Pradesh,751001.0,Standalone,Burger,2024-05-21,119.0,24281.2,204.04,4.5,23.0,10.0,113187.23,Cash,Takeaway,Open,Company Owned
OUT11108,Mcdonald'S,McDonald's - Ludhiana 33,Ludhiana,Punjab,143001.0,High Street,Coffee & Snacks,2025-05-08,88.0,21404.53,243.23,3.2,28.0,35.0,86418.8,Cash,Takeaway,Open,Company Owned
OUT11109,Burger King,Burger King - Kolkata 21,Kolkata,West Bengal,700001.0,Drive-Thru,Sandwich,2025-07-23,145.0,14051.09,96.9,3.5,15.0,18.0,156176.85,Card,Takeaway,Open,Company Owned
OUT11110,Pizza Hut,Pizza Hut - Nagpur 8,Nagpur,Maharashtra,400601.0,Mall,Burger,2024-12-14,139.0,18664.53,134.28,4.9,30.0,22.0,117280.92,Card,Delivery,Open,Company Owned
OUT11111,Domino'S,Domino's - Itanagar 36,Itanagar,Arunachal Pradesh,793001.0,Food Court,Coffee & Snacks,2023-01-30,116.0,12927.78,111.45,4.4,29.0,33.0,92459.8,Cash,Delivery,Renovation,Company Owned
OUT11112,Subway,Subway - Amritsar 19,Amritsar,Punjab,141001.0,Mall,Fried Chicken,2025-02-13,45.0,21522.09,478.27,4.1,23.0,2.0,152054.06,Card,Takeaway,Open,Company Owned
OUT11113,Mcdonald'S,McDonald's - Kohima 7,Kohima,Nagaland,751001.0,Food Court,Sandwich,2025-03-19,101.0,22380.04,221.58,4.0,17.0,24.0,32636.74,Card,Drive-thru,Open,Company Owned
OUT11114,Pizza Hut,Pizza Hut - Pune 7,Pune,Maharashtra,400601.0,High Street,Donuts,2024-01-01,113.0,15404.29,136.32,3.0,4.0,30.0,141533.9,Cash,Takeaway,Closed,Company Owned
OUT11115,Domino'S,Domino's - Kolkata 28,Kolkata,West Bengal,700091.0,High Street,Donuts,2024-09-24,106.0,19659.24,185.46,4.8,30.0,15.0,78403.59,Cash,Delivery,Open,Franchise
OUT11116,Wendy'S,Wendy's - Nagpur 37,Nagpur,Maharashtra,400001.0,Food Court,Donuts,2025-03-08,180.0,15463.85,85.91,3.4,18.0,29.0,56443.73,Cash,Takeaway,Closed,Franchise
OUT11117,Subway,Subway - Ranchi 14,Ranchi,Jharkhand,834001.0,Standalone,Donuts,2025-01-25,161.0,17077.31,106.07,4.7,8.0,8.0,39018.32,Wallet,Drive-thru,Open,Franchise
OUT11118,Subway,Subway - Varanasi 18,Varanasi,Uttar Pradesh,201301.0,Food Court,Donuts,2023-11-24,174.0,20034.89,115.14,4.1,29.0,8.0,103171.45,Cash,Drive-thru,Open,Company Owned
OUT11119,Dunkin',Dunkin' - Ludhiana 15,Ludhiana,Punjab,141001.0,High Street,Tacos,2025-05-06,102.0,15187.77,148.9,4.3,9.0,14.0,104450.14,Wallet,Dine-in,Open,Franchise
OUT11120,Burger King,Burger King - Lucknow 24,Lucknow,Uttar Pradesh,226001.0,Drive-Thru,Pizza,2023-02-25,215.0,7102.73,33.04,5.0,23.0,28.0,147438.98,Wallet,Takeaway,Renovation,Franchise
OUT11121,Subway,Subway - Udaipur 7,Udaipur,Rajasthan,313001.0,Mall,Sandwich,2023-09-12,186.0,16166.9,86.92,3.9,10.0,15.0,149497.59,Cash,Takeaway,Open,Company Owned
OUT11122,Subway,Subway - Indore 5,Indore,Madhya Pradesh,171001.0,Food Court,Burger,2024-05-23,258.0,28017.07,108.59,3.9,10.0,4.0,67882.68,Card,Takeaway,Closed,Franchise
OUT11123,Wendy'S,Wendy's - Kohima 8,Kohima,Nagaland,403001.0,Drive-Thru,Tacos,2024-12-05,201.0,15323.8,76.24,4.1,8.0,16.0,81479.61,UPI,Drive-thru,Open,Company Owned
OUT11124,Wendy'S,Wendy's - Varanasi 35,Varanasi,Uttar Pradesh,201301.0,Mall,Fried Chicken,2025-06-30,194.0,28147.87,145.09,4.1,4.0,26.0,57460.09,Cash,Drive-thru,Open,Company Owned
OUT11125,Pizza Hut,Pizza Hut - Port Blair 2,Port Blair,Andaman And Nicobar Islands,793001.0,Drive-Thru,Burger,2025-02-07,182.0,23536.23,129.32,4.5,26.0,35.0,54921.83,Wallet,Drive-thru,Closed,Franchise
OUT11126,Taco Bell,Taco Bell - Gurugram 8,Gurugram,Haryana,781001.0,Standalone,Burger,2024-12-09,74.0,12342.68,166.79,3.8,28.0,14.0,132353.63,Wallet,Takeaway,Renovation,Franchise
OUT11127,Starbucks,Starbucks - Ludhiana 37,Ludhiana,Punjab,143001.0,Food Court,Fried Chicken,2023-12-16,120.0,15686.86,130.72,3.8,24.0,10.0,55249.47,Card,Dine-in,Open,Company Owned
OUT11128,Wendy'S,Wendy's - Chennai 34,Chennai,Tamil Nadu,641001.0,Standalone,Fried Chicken,2024-08-10,138.0,25147.17,182.23,3.2,27.0,11.0,116662.85,UPI,Drive-thru,Open,Franchise
OUT11129,Subway,Subway - Visakhapatnam 33,Visakhapatnam,Andhra Pradesh,403001.0,High Street,Burger,2023-01-12,130.0,5315.22,40.89,4.5,7.0,10.0,56167.71,Card,Delivery,Open,Company Owned
OUT11130,Wendy'S,Wendy's - Coimbatore 25,Coimbatore,Tamil Nadu,600001.0,High Street,Donuts,2025-11-26,177.0,5274.06,29.8,4.2,18.0,10.0,71060.65,Card,Delivery,Open,Company Owned
OUT11131,Burger King,Burger King - Amritsar 10,Amritsar,Punjab,143001.0,Drive-Thru,Fried Chicken,2023-12-24,131.0,4041.26,30.85,4.0,24.0,18.0,97547.76,Cash,Delivery,Open,Company Owned
OUT11132,Burger King,Burger King - Thane 2,Thane,Maharashtra,411001.0,Mall,Pizza,2023-06-14,146.0,20663.59,141.53,4.5,30.0,29.0,116486.06,Card,Delivery,Open,Franchise
OUT11133,Pizza Hut,Pizza Hut - Amritsar 12,Amritsar,Punjab,143001.0,Drive-Thru,Pizza,2025-05-21,85.0,26101.21,307.07,4.0,16.0,12.0,127646.95,UPI,Delivery,Closed,Franchise
OUT11134,Burger King,Burger King - Mumbai 35,Mumbai,Maharashtra,411001.0,High Street,Donuts,2023-07-14,129.0,11119.52,86.2,4.3,16.0,29.0,195031.99,Wallet,Delivery,Open,Franchise
OUT11135,Kfc,KFC - Gurugram 6,Gurugram,Haryana,799001.0,Mall,Sandwich,2025-12-29,179.0,18527.18,103.5,3.4,12.0,14.0,126891.13,Cash,Takeaway,Closed,Franchise
OUT11136,Kfc,KFC - Vijayawada 14,Vijayawada,Andhra Pradesh,462001.0,Mall,Fried Chicken,2024-01-29,131.0,13485.66,102.94,3.5,12.0,33.0,188511.92,Wallet,Drive-thru,Renovation,Franchise
OUT11137,Burger King,Burger King - Thiruvananthapuram 23,Thiruvananthapuram,Kerala,403001.0,Food Court,Coffee & Snacks,2025-05-18,134.0,15471.8,115.46,4.5,10.0,7.0,58846.43,Card,Drive-thru,Open,Franchise
OUT11138,Wendy'S,Wendy's - Mysuru 22,Mysuru,Karnataka,560001.0,Standalone,Fried Chicken,2023-07-05,161.0,28190.2,175.09,5.0,26.0,6.0,101545.78,Cash,Drive-thru,Closed,Franchise
OUT11139,Burger King,Burger King - Shimla 12,Shimla,Himachal Pradesh,751001.0,Food Court,Tacos,2023-10-03,191.0,9802.09,51.32,4.2,10.0,26.0,113969.83,Cash,Takeaway,Open,Company Owned
OUT11140,Starbucks,Starbucks - Puducherry 11,Puducherry,Puducherry,797001.0,High Street,Tacos,2025-09-19,110.0,15855.76,144.14,4.3,22.0,7.0,51298.36,Wallet,Drive-thru,Open,Franchise
OUT11141,Burger King,Burger King - Vijayawada 22,Vijayawada,Andhra Pradesh,793001.0,Standalone,Tacos,2025-07-14,175.0,17851.19,102.01,4.4,13.0,30.0,105491.98,Wallet,Drive-thru,Open,Company Owned
OUT11142,Taco Bell,Taco Bell - Surat 21,Surat,Gujarat,395001.0,Drive-Thru,Fried Chicken,2024-08-07,183.0,6787.05,37.09,4.4,11.0,4.0,146321.37,Card,Delivery,Open,Franchise
OUT11143,Burger King,Burger King - Itanagar 10,Itanagar,Arunachal Pradesh,737101.0,Food Court,Coffee & Snacks,2024-07-28,156.0,12169.09,78.01,4.8,30.0,5.0,62147.42,Cash,Takeaway,Open,Franchise
OUT11144,Wendy'S,Wendy's - Varanasi 8,Varanasi,Uttar Pradesh,221001.0,High Street,Donuts,2024-04-30,150.0,16027.48,106.85,3.2,7.0,17.0,86929.61,Unknown,Dine-in,Open,Company Owned
OUT11145,Pizza Hut,Pizza Hut - Kavaratti 30,Kavaratti,Lakshadweep,403001.0,Standalone,Burger,2024-03-13,115.0,26695.01,232.13,4.6,4.0,19.0,95453.02,UPI,Delivery,Open,Company Owned
OUT11146,Subway,Subway - Shillong 39,Shillong,Meghalaya,462001.0,High Street,Burger,2023-09-12,152.0,16871.88,111.0,4.2,25.0,33.0,76182.73,Cash,Drive-thru,Open,Franchise
OUT11147,Pizza Hut,Pizza Hut - Faridabad 8,Faridabad,Haryana,799001.0,Mall,Burger,2025-06-18,12.0,35102.52,2925.21,4.8,17.0,5.0,107051.02,Cash,Delivery,Renovation,Franchise
OUT11148,Kfc,KFC - Jammu 23,Jammu,Jammu And Kashmir,248001.0,Mall,Donuts,2025-04-28,233.0,22282.04,95.63,5.0,10.0,25.0,66906.44,Wallet,Drive-thru,Open,Company Owned
OUT11149,Mcdonald'S,McDonald's - Agartala 1,Agartala,Tripura,737101.0,Mall,Fried Chicken,2025-03-26,132.0,23307.73,176.57,3.7,13.0,21.0,96004.89,Wallet,Dine-in,Open,Company Owned
OUT11150,Subway,Subway - Amritsar 38,Amritsar,Punjab,141001.0,Standalone,Donuts,2024-02-04,131.0,23131.79,176.58,3.8,6.0,25.0,110664.95,Cash,Drive-thru,Renovation,Company Owned
OUT11151,Taco Bell,Taco Bell - Nagpur 35,Nagpur,Maharashtra,400001.0,Drive-Thru,Fried Chicken,2024-11-22,120.0,16859.0,140.49,4.7,10.0,17.0,107689.25,Card,Dine-in,Open,Company Owned
OUT11152,Mcdonald'S,McDonald's - Raipur 32,Raipur,Chhattisgarh,834001.0,Standalone,Donuts,2025-08-17,134.0,18470.62,137.84,3.7,16.0,6.0,117309.4,UPI,Drive-thru,Closed,Franchise
OUT11153,Pizza Hut,Pizza Hut - Udaipur 36,Udaipur,Rajasthan,313001.0,High Street,Donuts,2025-05-29,176.0,25417.28,144.42,5.0,7.0,26.0,118997.67,Wallet,Takeaway,Renovation,Company Owned
OUT11154,Mcdonald'S,McDonald's - Imphal 24,Imphal,Manipur,795001.0,Drive-Thru,Pizza,2025-05-14,140.0,25059.97,179.0,4.2,26.0,21.0,123227.73,Cash,Delivery,Open,Company Owned
OUT11155,Taco Bell,Taco Bell - Ludhiana 33,Ludhiana,Punjab,143001.0,High Street,Fried Chicken,2024-12-23,108.0,20687.39,191.55,4.1,23.0,28.0,110958.27,Cash,Delivery,Open,Company Owned
OUT11156,Burger King,Burger King - Jammu 23,Jammu,Jammu And Kashmir,744101.0,High Street,Fried Chicken,2024-08-12,102.0,19619.32,192.35,4.9,18.0,15.0,66907.02,Card,Drive-thru,Open,Franchise
OUT11157,Wendy'S,Wendy's - Daman 14,Daman,Dadra And Nagar Haveli And Daman And Diu,744101.0,Standalone,Burger,2025-12-06,155.0,8278.98,53.41,2.9,11.0,31.0,137413.97,Wallet,Takeaway,Closed,Franchise
OUT11158,Domino'S,Domino's - Nagpur 28,Nagpur,Maharashtra,411001.0,Food Court,Donuts,2024-05-30,103.0,9954.46,96.65,4.9,27.0,13.0,18347.43,UPI,Drive-thru,Open,Company Owned
OUT11159,Wendy'S,Wendy's - Coimbatore 12,Coimbatore,Tamil Nadu,600001.0,Food Court,Donuts,2025-07-28,178.0,27617.7,155.16,4.2,10.0,7.0,66432.54,Wallet,Takeaway,Open,Franchise
OUT11160,Wendy'S,Wendy's - Shillong 16,Shillong,Meghalaya,171001.0,High Street,Donuts,2023-10-02,143.0,14750.75,103.15,4.7,30.0,23.0,56526.63,Card,Drive-thru,Open,Company Owned
OUT11161,Domino'S,Domino's - Bhopal 37,Bhopal,Madhya Pradesh,403001.0,Standalone,Sandwich,2023-10-11,136.0,24434.5,179.67,2.7,16.0,5.0,19608.85,UPI,Drive-thru,Open,Franchise
OUT11162,Subway,Subway - Kavaratti 15,Kavaratti,Lakshadweep,800001.0,Mall,Tacos,2025-04-22,67.0,31455.64,469.49,4.9,17.0,35.0,138695.34,UPI,Takeaway,Renovation,Franchise
OUT11163,Mcdonald'S,McDonald's - Chennai 3,Chennai,Tamil Nadu,600001.0,Mall,Burger,2024-10-09,139.0,20816.68,149.76,3.9,19.0,30.0,102093.16,Card,Dine-in,Renovation,Franchise
OUT11164,Mcdonald'S,McDonald's - Raipur 16,Raipur,Chhattisgarh,171001.0,Drive-Thru,Pizza,2024-01-05,95.0,15963.22,168.03,3.8,11.0,25.0,126841.33,UPI,Dine-in,Open,Franchise
OUT11165,Starbucks,Starbucks - Chandigarh 3,Chandigarh,Chandigarh,682553.0,Food Court,Donuts,2024-08-20,134.0,27655.23,206.38,2.6,8.0,14.0,133313.5,UPI,Takeaway,Open,Franchise
OUT11166,Pizza Hut,Pizza Hut - Chennai 35,Chennai,Tamil Nadu,641001.0,Mall,Coffee & Snacks,2024-09-08,155.0,10651.4,68.72,5.0,26.0,12.0,110908.23,Wallet,Takeaway,Open,Company Owned
OUT11167,Burger King,Burger King - Aizawl 39,Aizawl,Mizoram,396210.0,Mall,Sandwich,2024-07-05,750.0,500000.0,70.64,4.0,7.0,11.0,69544.88,Cash,Delivery,Open,Franchise
OUT11168,Mcdonald'S,McDonald's - Ranchi 9,Ranchi,Jharkhand,793001.0,Standalone,Coffee & Snacks,2024-04-13,194.0,19135.62,98.64,3.9,8.0,16.0,103577.87,Cash,Drive-thru,Closed,Company Owned
OUT11169,Mcdonald'S,McDonald's - Agartala 27,Agartala,Tripura,795001.0,Mall,Sandwich,2024-02-15,107.0,11577.58,108.2,5.0,20.0,15.0,175759.87,Cash,Drive-thru,Renovation,Franchise
OUT11170,Mcdonald'S,McDonald's - Kohima 23,Kohima,Nagaland,403001.0,High Street,Fried Chicken,2024-04-30,101.0,17798.61,176.22,5.0,19.0,25.0,86528.74,Cash,Takeaway,Closed,Company Owned
OUT11171,Kfc,KFC - Ahmedabad 27,Ahmedabad,Gujarat,380001.0,Mall,Donuts,2024-07-22,144.0,12204.06,84.75,4.1,25.0,26.0,86918.76,Card,Delivery,Open,Company Owned
OUT11172,Domino'S,Domino's - Noida 11,Noida,Uttar Pradesh,221001.0,Food Court,Fried Chicken,2023-01-01,87.0,10474.47,120.4,3.9,21.0,35.0,108606.78,Cash,Takeaway,Open,Company Owned
OUT11173,Wendy'S,Wendy's - Ludhiana 29,Ludhiana,Punjab,143001.0,Mall,Burger,2024-04-18,120.0,24829.51,206.91,4.3,19.0,8.0,84286.28,Cash,Drive-thru,Renovation,Company Owned
OUT11174,Burger King,Burger King - Kavaratti 37,Kavaratti,Lakshadweep,171001.0,High Street,Coffee & Snacks,2023-01-25,134.0,27025.56,201.68,4.4,14.0,13.0,92452.71,Card,Dine-in,Open,Franchise
OUT11175,Kfc,KFC - Bengaluru 28,Bengaluru,Karnataka,570001.0,Standalone,Burger,2025-05-09,207.0,16629.61,80.34,3.5,30.0,27.0,142757.99,UPI,Dine-in,Open,Franchise
OUT11176,Dunkin',Dunkin' - Faridabad 6,Faridabad,Haryana,171001.0,Standalone,Tacos,2023-02-08,140.0,12767.7,91.2,3.5,19.0,4.0,106763.85,Card,Delivery,Open,Company Owned
OUT11177,Subway,Subway - Nagpur 19,Nagpur,Maharashtra,422001.0,High Street,Sandwich,2023-03-03,169.0,21182.4,125.34,3.4,15.0,27.0,120716.63,Cash,Dine-in,Open,Franchise
OUT11178,Kfc,KFC - Imphal 39,Imphal,Manipur,462001.0,Mall,Coffee & Snacks,2025-09-21,107.0,16485.0,154.07,3.0,24.0,10.0,125662.32,Cash,Delivery,Open,Company Owned
OUT11179,Domino'S,Domino's - Ahmedabad 16,Ahmedabad,Gujarat,380001.0,Drive-Thru,Tacos,2024-07-26,750.0,350000.0,75.98,4.1,18.0,19.0,81080.68,UPI,Drive-thru,Renovation,Company Owned
OUT11180,Mcdonald'S,McDonald's - Bhopal 37,Bhopal,Madhya Pradesh,793001.0,Mall,Sandwich,2023-07-14,157.0,13550.09,86.31,5.0,29.0,3.0,90498.25,Wallet,Takeaway,Open,Franchise
OUT11181,Mcdonald'S,McDonald's - Kochi 15,Kochi,Kerala,799001.0,Drive-Thru,Tacos,2024-12-04,166.0,24025.88,144.73,4.3,23.0,25.0,76317.86,Wallet,Delivery,Open,Company Owned
OUT11182,Kfc,KFC - Leh 4,Leh,Ladakh,248001.0,High Street,Donuts,2025-04-21,218.0,31198.96,143.11,3.7,4.0,2.0,92521.7,Cash,Drive-thru,Open,Company Owned
OUT11183,Burger King,Burger King - Mysuru 24,Mysuru,Karnataka,560001.0,Drive-Thru,Burger,2023-02-06,225.0,27494.69,122.2,4.0,8.0,27.0,89098.33,UPI,Takeaway,Open,Franchise
OUT11184,Subway,Subway - Ranchi 3,Ranchi,Jharkhand,795001.0,Food Court,Coffee & Snacks,2025-05-04,215.0,22119.73,102.88,4.3,8.0,25.0,153512.31,Wallet,Takeaway,Renovation,Company Owned
OUT11185,Taco Bell,Taco Bell - Guwahati 20,Guwahati,Assam,781001.0,Food Court,Pizza,2023-11-13,215.0,19881.12,92.47,3.9,7.0,19.0,44831.89,UPI,Drive-thru,Open,Company Owned
OUT11186,Subway,Subway - Ludhiana 17,Ludhiana,Punjab,143001.0,Food Court,Pizza,2024-10-12,161.0,11343.45,70.46,4.3,29.0,10.0,92087.82,Card,Dine-in,Renovation,Company Owned
OUT11187,Starbucks,Starbucks - Agartala 34,Agartala,Tripura,682553.0,Standalone,Donuts,2023-10-21,114.0,17894.62,156.97,5.0,17.0,9.0,31424.11,Wallet,Drive-thru,Open,Company Owned
OUT11188,Taco Bell,Taco Bell - Pune 29,Pune,Maharashtra,400601.0,High Street,Burger,2025-06-30,92.0,500.0,5.43,4.5,22.0,6.0,109921.62,UPI,Drive-thru,Closed,Franchise
OUT11189,Pizza Hut,Pizza Hut - Srinagar 10,Srinagar,Jammu And Kashmir,396210.0,Standalone,Pizza,2025-04-30,131.0,30352.59,231.7,4.0,7.0,4.0,61903.86,Card,Drive-thru,Open,Franchise
OUT11190,Pizza Hut,Pizza Hut - Thiruvananthapuram 31,Thiruvananthapuram,Kerala,682553.0,High Street,Tacos,2024-10-26,99.0,20825.87,210.36,4.1,30.0,20.0,80229.89,Wallet,Delivery,Open,Company Owned
OUT11191,Pizza Hut,Pizza Hut - Kochi 28,Kochi,Kerala,799001.0,Standalone,Burger,2024-04-20,237.0,14637.67,61.76,5.0,19.0,32.0,148240.08,Card,Drive-thru,Closed,Franchise
OUT11192,Domino'S,Domino's - Udaipur 40,Udaipur,Rajasthan,313001.0,Standalone,Coffee & Snacks,2025-01-20,186.0,10276.66,55.25,3.5,20.0,4.0,66796.06,UPI,Drive-thru,Open,Company Owned
OUT11193,Taco Bell,Taco Bell - Chandigarh 15,Chandigarh,Chandigarh,796001.0,Drive-Thru,Burger,2025-04-01,112.0,22507.76,200.96,3.0,17.0,6.0,119255.57,Wallet,Dine-in,Renovation,Franchise
OUT11194,Starbucks,Starbucks - Imphal 1,Imphal,Manipur,403001.0,Food Court,Burger,2023-01-29,118.0,12170.26,103.14,4.3,13.0,6.0,63268.87,Cash,Delivery,Closed,Company Owned
OUT11195,Mcdonald'S,McDonald's - Chennai 8,Chennai,Tamil Nadu,600001.0,Mall,Donuts,2024-11-21,168.0,22054.53,131.28,4.1,8.0,33.0,108842.41,Card,Delivery,Renovation,Company Owned
OUT11196,Subway,Subway - Guwahati 22,Guwahati,Assam,462001.0,High Street,Fried Chicken,2024-03-11,136.0,29632.28,217.88,3.9,26.0,19.0,141133.61,Cash,Delivery,Closed,Company Owned
OUT11197,Mcdonald'S,McDonald's - Mumbai 17,Mumbai,Maharashtra,411001.0,Standalone,Donuts,2024-07-19,159.0,22555.26,141.86,4.2,6.0,5.0,101448.83,Cash,Dine-in,Renovation,Franchise
OUT11198,Subway,Subway - Thiruvananthapuram 30,Thiruvananthapuram,Kerala,797001.0,Drive-Thru,Coffee & Snacks,2025-05-09,167.0,16333.94,97.81,3.8,6.0,22.0,126649.04,Wallet,Drive-thru,Open,Company Owned
OUT11199,Kfc,KFC - Puducherry 15,Puducherry,Puducherry,462001.0,Standalone,Coffee & Snacks,2025-06-17,149.0,28293.44,189.89,4.2,19.0,4.0,68705.64,Wallet,Takeaway,Open,Company Owned
OUT11200,Pizza Hut,Pizza Hut - Bhubaneswar 28,Bhubaneswar,Odisha,492001.0,Standalone,Burger,2023-11-03,256.0,17393.24,67.94,3.7,24.0,8.0,141843.14,Card,Delivery,Open,Company Owned
OUT11201,Starbucks,Starbucks - Mysuru 36,Mysuru,Karnataka,560001.0,Drive-Thru,Pizza,2023-02-24,107.0,16230.98,151.69,3.7,18.0,6.0,96443.43,Cash,Delivery,Open,Franchise
OUT11202,Burger King,Burger King - New Delhi 22,New Delhi,Delhi,110001.0,High Street,Pizza,2024-11-07,245.0,18337.33,74.85,3.6,7.0,18.0,93133.16,UPI,Drive-thru,Closed,Franchise
OUT11203,Starbucks,Starbucks - Ludhiana 22,Ludhiana,Punjab,141001.0,High Street,Donuts,2025-10-29,187.0,24729.93,132.25,4.0,29.0,14.0,146893.19,UPI,Dine-in,Renovation,Company Owned
OUT11204,Taco Bell,Taco Bell - Hyderabad 9,Hyderabad,Telangana,500032.0,Drive-Thru,Burger,2025-01-10,214.0,25376.13,118.58,4.4,14.0,13.0,118520.89,Cash,Takeaway,Renovation,Company Owned
OUT11205,Wendy'S,Wendy's - Bengaluru 4,Bengaluru,Karnataka,560001.0,High Street,Fried Chicken,2024-01-05,89.0,17070.72,191.81,3.9,6.0,4.0,54282.23,Cash,Takeaway,Open,Company Owned
OUT11206,Dunkin',Dunkin' - Leh 30,Leh,Ladakh,682553.0,Standalone,Pizza,2025-01-29,220.0,5084.31,23.11,4.2,10.0,23.0,103328.22,UPI,Drive-thru,Open,Company Owned
OUT11207,Taco Bell,Taco Bell - Visakhapatnam 36,Visakhapatnam,Andhra Pradesh,462001.0,Mall,Fried Chicken,2023-01-02,157.0,19449.15,123.88,3.3,7.0,8.0,85377.89,Cash,Takeaway,Open,Company Owned
OUT11208,Subway,Subway - Port Blair 7,Port Blair,Andaman And Nicobar Islands,682553.0,High Street,Coffee & Snacks,2023-11-06,113.0,17500.73,154.87,3.4,20.0,12.0,88840.18,Card,Takeaway,Renovation,Company Owned
OUT11209,Domino'S,Domino's - Puducherry 33,Puducherry,Puducherry,781001.0,Drive-Thru,Tacos,2023-03-11,219.0,9920.58,45.3,3.9,9.0,3.0,84995.87,UPI,Drive-thru,Closed,Company Owned
OUT11210,Kfc,KFC - Ahmedabad 31,Ahmedabad,Gujarat,380001.0,Standalone,Fried Chicken,2025-08-22,100.0,16685.9,166.86,3.7,29.0,28.0,62599.96,Wallet,Takeaway,Open,Franchise
OUT11211,Starbucks,Starbucks - Daman 16,Daman,Dadra And Nagar Haveli And Daman And Diu,492001.0,High Street,Fried Chicken,2025-08-12,105.0,17843.6,169.94,4.1,8.0,10.0,122522.65,UPI,Drive-thru,Open,Franchise
OUT11212,Domino'S,Domino's - Daman 18,Daman,Dadra And Nagar Haveli And Daman And Diu,403001.0,Mall,Burger,2025-02-07,75.0,4626.91,61.69,3.4,5.0,29.0,71641.78,Cash,Delivery,Renovation,Franchise
OUT11213,Kfc,KFC - Port Blair 8,Port Blair,Andaman And Nicobar Islands,682553.0,Drive-Thru,Pizza,2023-07-21,175.0,15169.36,86.68,3.3,30.0,17.0,12000.0,UPI,Dine-in,Open,Company Owned
OUT11214,Domino'S,Domino's - Nashik 12,Nashik,Maharashtra,411001.0,Mall,Burger,2025-09-21,147.0,500.0,3.4,4.6,14.0,24.0,106253.32,Wallet,Drive-thru,Closed,Company Owned
OUT11215,Taco Bell,Taco Bell - Vijayawada 3,Vijayawada,Andhra Pradesh,396210.0,High Street,Sandwich,2023-09-23,170.0,23346.95,137.34,4.5,12.0,19.0,44731.52,Cash,Delivery,Open,Company Owned
OUT11216,Pizza Hut,Pizza Hut - Raipur 2,Raipur,Chhattisgarh,834001.0,Drive-Thru,Pizza,2024-11-06,109.0,21539.1,197.61,4.2,4.0,24.0,68794.65,Cash,Delivery,Closed,Franchise
OUT11217,Dunkin',Dunkin' - Bengaluru 32,Bengaluru,Karnataka,570001.0,Mall,Pizza,2024-02-07,219.0,21863.83,99.83,3.5,4.0,4.0,66907.63,Cash,Drive-thru,Open,Company Owned
OUT11218,Domino'S,Domino's - Panaji 1,Panaji,Goa,403001.0,Food Court,Fried Chicken,2023-03-28,288.0,23053.12,80.05,3.9,20.0,5.0,36087.31,Wallet,Takeaway,Open,Franchise
OUT11219,Mcdonald'S,McDonald's - Patna 13,Patna,Bihar,403001.0,Standalone,Burger,2024-05-19,107.0,19452.83,181.8,3.0,10.0,8.0,100859.48,Wallet,Takeaway,Open,Company Owned
OUT11220,Starbucks,Starbucks - Amritsar 11,Amritsar,Punjab,143001.0,High Street,Pizza,2024-12-24,90.0,20482.06,227.58,4.4,27.0,26.0,88788.88,Cash,Takeaway,Closed,Franchise
OUT11221,Mcdonald'S,McDonald's - Jaipur 19,Jaipur,Rajasthan,302001.0,High Street,Pizza,2024-03-19,93.0,14804.35,159.19,4.0,10.0,16.0,97186.66,UPI,Takeaway,Renovation,Franchise
OUT11222,Wendy'S,Wendy's - Itanagar 35,Itanagar,Arunachal Pradesh,781001.0,Mall,Sandwich,2024-06-07,155.0,12309.03,79.41,3.3,25.0,28.0,144881.56,Wallet,Drive-thru,Open,Franchise
OUT11223,Taco Bell,Taco Bell - Visakhapatnam 28,Visakhapatnam,Andhra Pradesh,781001.0,Food Court,Sandwich,2025-12-21,142.0,8377.86,59.0,3.4,29.0,7.0,52016.08,UPI,Dine-in,Renovation,Franchise
OUT11224,Pizza Hut,Pizza Hut - Surat 7,Surat,Gujarat,395001.0,Drive-Thru,Fried Chicken,2023-11-09,155.0,15950.35,102.91,4.3,4.0,3.0,130892.97,Wallet,Delivery,Open,Franchise
OUT11225,Taco Bell,Taco Bell - Nashik 1,Nashik,Maharashtra,411001.0,Standalone,Burger,2023-07-17,99.0,16736.08,169.05,3.2,26.0,30.0,92140.65,Card,Delivery,Closed,Franchise
OUT11226,Mcdonald'S,McDonald's - Visakhapatnam 26,Visakhapatnam,Andhra Pradesh,795001.0,Standalone,Pizza,2023-01-21,159.0,29549.01,185.84,3.1,19.0,8.0,106937.55,Cash,Drive-thru,Renovation,Franchise
OUT11227,Burger King,Burger King - Imphal 23,Imphal,Manipur,744101.0,High Street,Pizza,2025-10-16,114.0,24305.99,213.21,4.3,16.0,3.0,87848.27,UPI,Dine-in,Open,Company Owned
OUT11228,Kfc,KFC - Raipur 16,Raipur,Chhattisgarh,800001.0,Drive-Thru,Donuts,2025-07-19,124.0,22670.22,182.82,4.2,5.0,31.0,107798.1,Card,Takeaway,Open,Franchise
OUT11229,Subway,Subway - Nagpur 33,Nagpur,Maharashtra,400601.0,Standalone,Tacos,2024-12-18,158.0,11984.87,75.85,4.9,28.0,33.0,64320.02,Wallet,Drive-thru,Closed,Company Owned
OUT11230,Starbucks,Starbucks - Ahmedabad 33,Ahmedabad,Gujarat,380001.0,Food Court,Burger,2025-03-12,171.0,23565.88,137.81,4.2,11.0,13.0,52755.94,Card,Takeaway,Renovation,Company Owned
OUT11231,Taco Bell,Taco Bell - Pune 26,Pune,Maharashtra,400601.0,Standalone,Donuts,2024-11-19,191.0,26900.29,140.84,4.3,23.0,28.0,214291.83,Card,Dine-in,Renovation,Company Owned
OUT11232,Subway,Subway - Itanagar 15,Itanagar,Arunachal Pradesh,171001.0,Food Court,Fried Chicken,2024-10-05,192.0,13252.37,69.02,3.3,23.0,10.0,89867.72,Card,Takeaway,Renovation,Franchise
OUT11233,Mcdonald'S,McDonald's - Surat 10,Surat,Gujarat,380001.0,Food Court,Donuts,2024-07-24,139.0,20325.0,146.22,4.1,20.0,35.0,80862.54,Card,Takeaway,Open,Franchise
OUT11234,Mcdonald'S,McDonald's - Thiruvananthapuram 18,Thiruvananthapuram,Kerala,682001.0,Drive-Thru,Tacos,2023-09-20,142.0,22306.24,157.09,3.6,16.0,5.0,12000.0,Wallet,Dine-in,Open,Company Owned
OUT11235,Starbucks,Starbucks - Dehradun 38,Dehradun,Uttarakhand,682553.0,Mall,Tacos,2025-05-25,186.0,15503.82,83.35,3.6,28.0,5.0,105075.97,Cash,Drive-thru,Open,Franchise
OUT11236,Domino'S,Domino's - Bengaluru 12,Bengaluru,Karnataka,570001.0,Mall,Sandwich,2025-02-18,126.0,19069.91,151.35,4.4,29.0,15.0,43150.39,Cash,Delivery,Open,Franchise
OUT11237,Subway,Subway - Ranchi 2,Ranchi,Jharkhand,793001.0,Drive-Thru,Coffee & Snacks,2024-09-04,195.0,15093.4,77.4,3.6,13.0,31.0,49356.34,Card,Drive-thru,Open,Company Owned
OUT11238,Domino'S,Domino's - Hyderabad 36,Hyderabad,Telangana,500032.0,High Street,Donuts,2023-10-22,214.0,26890.86,125.66,3.7,17.0,4.0,104946.84,Cash,Delivery,Open,Company Owned
OUT11239,Starbucks,Starbucks - Bhopal 18,Bhopal,Madhya Pradesh,744101.0,Standalone,Donuts,2024-09-02,185.0,6338.17,34.26,4.6,22.0,3.0,136172.0,Card,Delivery,Open,Franchise
OUT11240,Dunkin',Dunkin' - Guwahati 13,Guwahati,Assam,799001.0,Drive-Thru,Coffee & Snacks,2025-01-30,161.0,21819.4,135.52,3.9,23.0,14.0,68599.39,UPI,Drive-thru,Renovation,Franchise
OUT11241,Dunkin',Dunkin' - Ludhiana 15,Ludhiana,Punjab,143001.0,Standalone,Pizza,2023-02-17,163.0,16445.77,100.89,4.8,7.0,22.0,105966.87,UPI,Dine-in,Renovation,Company Owned
OUT11242,Pizza Hut,Pizza Hut - Guwahati 26,Guwahati,Assam,799001.0,Mall,Fried Chicken,2024-06-14,284.0,20742.56,73.04,4.2,12.0,3.0,74273.42,Cash,Delivery,Open,Franchise
OUT11243,Dunkin',Dunkin' - Chennai 2,Chennai,Tamil Nadu,600001.0,Drive-Thru,Coffee & Snacks,2023-08-19,226.0,31114.86,137.68,3.9,13.0,17.0,119494.79,UPI,Drive-thru,Closed,Franchise
OUT11244,Dunkin',Dunkin' - Vijayawada 30,Vijayawada,Andhra Pradesh,744101.0,Drive-Thru,Donuts,2025-02-17,145.0,18616.91,128.39,3.8,5.0,31.0,115075.87,Card,Delivery,Open,Franchise
OUT11245,Kfc,KFC - Srinagar 18,Srinagar,Jammu And Kashmir,834001.0,Mall,Tacos,2023-07-18,177.0,27512.41,155.44,3.5,18.0,6.0,52269.18,Card,Delivery,Closed,Company Owned
OUT11246,Pizza Hut,Pizza Hut - Coimbatore 17,Coimbatore,Tamil Nadu,641001.0,High Street,Donuts,2025-11-18,166.0,29519.27,177.83,3.1,29.0,35.0,127075.79,Wallet,Dine-in,Open,Company Owned
OUT11247,Subway,Subway - Ranchi 38,Ranchi,Jharkhand,682001.0,Mall,Tacos,2024-06-23,104.0,16288.71,156.62,4.4,28.0,14.0,76765.35,UPI,Dine-in,Open,Company Owned
OUT11248,Mcdonald'S,McDonald's - Leh 1,Leh,Ladakh,492001.0,Mall,Fried Chicken,2025-03-11,82.0,17014.51,207.49,3.6,5.0,27.0,112662.27,Cash,Drive-thru,Open,Company Owned
OUT11249,Subway,Subway - Thiruvananthapuram 27,Thiruvananthapuram,Kerala,796001.0,Food Court,Tacos,2024-01-22,212.0,17188.14,81.08,4.3,29.0,13.0,156409.78,Card,Dine-in,Open,Franchise
OUT11250,Starbucks,Starbucks - Indore 30,Indore,Madhya Pradesh,800001.0,Mall,Fried Chicken,2024-10-15,129.0,34506.65,267.49,3.0,8.0,32.0,35997.84,UPI,Takeaway,Open,Franchise
OUT11251,Taco Bell,Taco Bell - Udaipur 3,Udaipur,Rajasthan,302001.0,Drive-Thru,Tacos,2025-05-04,101.0,17791.99,176.16,4.2,14.0,21.0,74957.06,Card,Delivery,Renovation,Franchise
OUT11252,Mcdonald'S,McDonald's - Nashik 17,Nashik,Maharashtra,440001.0,High Street,Burger,2023-12-16,201.0,28859.86,143.58,3.5,8.0,13.0,106068.26,UPI,Delivery,Open,Company Owned
OUT11253,Subway,Subway - Vijayawada 5,Vijayawada,Andhra Pradesh,744101.0,Standalone,Sandwich,2024-03-25,259.0,30094.02,116.19,3.1,27.0,13.0,118517.45,Card,Dine-in,Renovation,Franchise
OUT11254,Wendy'S,Wendy's - Lucknow 8,Lucknow,Uttar Pradesh,226001.0,High Street,Sandwich,2024-10-24,74.0,25272.01,341.51,4.0,20.0,14.0,90721.09,Cash,Dine-in,Open,Company Owned
OUT11255,Wendy'S,Wendy's - Pune 28,Pune,Maharashtra,422001.0,Standalone,Pizza,2024-08-08,134.0,20035.93,149.52,2.9,9.0,15.0,109387.91,Card,Dine-in,Open,Franchise
OUT11256,Mcdonald'S,McDonald's - Mysuru 3,Mysuru,Karnataka,570001.0,Standalone,Pizza,2024-01-10,58.0,23986.28,413.56,4.5,25.0,34.0,90746.95,Cash,Drive-thru,Closed,Company Owned
OUT11257,Taco Bell,Taco Bell - Bengaluru 3,Bengaluru,Karnataka,570001.0,Standalone,Tacos,2023-10-20,211.0,13004.65,61.63,3.6,24.0,31.0,95329.2,Card,Drive-thru,Renovation,Company Owned
OUT11258,Kfc,KFC - Raipur 8,Raipur,Chhattisgarh,799001.0,High Street,Pizza,2025-02-05,97.0,19453.9,200.56,4.4,26.0,12.0,140398.41,Cash,Delivery,Open,Franchise
OUT11259,Wendy'S,Wendy's - Nashik 10,Nashik,Maharashtra,411001.0,Drive-Thru,Fried Chicken,2024-10-21,165.0,15564.42,94.33,3.8,12.0,8.0,34649.18,Cash,Dine-in,Open,Company Owned
OUT11260,Subway,Subway - Vijayawada 34,Vijayawada,Andhra Pradesh,781001.0,Drive-Thru,Sandwich,2024-06-06,93.0,500.0,5.38,3.1,11.0,2.0,146961.03,Cash,Dine-in,Open,Franchise
OUT11261,Pizza Hut,Pizza Hut - Coimbatore 40,Coimbatore,Tamil Nadu,600001.0,Drive-Thru,Coffee & Snacks,2024-12-10,84.0,28841.91,343.36,4.6,22.0,22.0,77175.67,Cash,Dine-in,Open,Franchise
OUT11262,Wendy'S,Wendy's - Hyderabad 1,Hyderabad,Telangana,500001.0,Food Court,Burger,2025-11-30,196.0,18347.88,93.61,4.3,21.0,35.0,57457.6,Wallet,Drive-thru,Open,Company Owned
OUT11263,Subway,Subway - Visakhapatnam 14,Visakhapatnam,Andhra Pradesh,834001.0,Drive-Thru,Coffee & Snacks,2023-06-20,149.0,28509.56,191.34,4.6,5.0,34.0,126112.71,Cash,Takeaway,Open,Company Owned
OUT11264,Starbucks,Starbucks - Thiruvananthapuram 22,Thiruvananthapuram,Kerala,795001.0,Mall,Donuts,2023-06-10,216.0,35133.33,162.65,3.7,14.0,18.0,93858.04,Wallet,Delivery,Renovation,Company Owned
OUT11265,Wendy'S,Wendy's - Noida 16,Noida,Uttar Pradesh,221001.0,Drive-Thru,Donuts,2024-10-01,135.0,30269.51,224.22,3.4,22.0,21.0,38054.53,Card,Drive-thru,Open,Franchise
OUT11266,Burger King,Burger King - Indore 17,Indore,Madhya Pradesh,492001.0,Mall,Burger,2024-03-16,126.0,21076.63,167.27,4.1,4.0,33.0,27185.37,Card,Delivery,Closed,Franchise
OUT11267,Wendy'S,Wendy's - Thane 8,Thane,Maharashtra,422001.0,High Street,Sandwich,2025-10-18,108.0,14842.75,137.43,2.8,30.0,4.0,134853.32,Card,Takeaway,Renovation,Company Owned
OUT11268,Mcdonald'S,McDonald's - Patna 24,Patna,Bihar,682553.0,Standalone,Donuts,2024-11-23,123.0,15722.67,127.83,4.5,23.0,7.0,50663.77,Card,Dine-in,Renovation,Franchise
OUT11269,Burger King,Burger King - Coimbatore 33,Coimbatore,Tamil Nadu,641001.0,Mall,Fried Chicken,2024-08-09,256.0,29915.02,116.86,4.0,28.0,15.0,73503.68,Cash,Delivery,Open,Franchise
OUT11270,Pizza Hut,Pizza Hut - Jammu 34,Jammu,Jammu And Kashmir,248001.0,Drive-Thru,Sandwich,2024-10-18,181.0,11292.88,62.39,3.5,19.0,22.0,59385.03,Cash,Takeaway,Open,Franchise
OUT11271,Pizza Hut,Pizza Hut - Daman 32,Daman,Dadra And Nagar Haveli And Daman And Diu,396210.0,Mall,Donuts,2023-01-11,204.0,7423.88,36.39,4.4,20.0,29.0,92979.86,Card,Dine-in,Open,Company Owned
OUT11272,Pizza Hut,Pizza Hut - New Delhi 10,New Delhi,Delhi,110025.0,Standalone,Tacos,2024-09-19,228.0,24695.53,108.31,5.0,25.0,15.0,47836.17,Wallet,Takeaway,Open,Company Owned
OUT11273,Subway,Subway - Jammu 10,Jammu,Jammu And Kashmir,800001.0,Mall,Tacos,2023-01-13,119.0,26218.28,220.32,3.1,9.0,4.0,56697.59,Cash,Delivery,Closed,Franchise
OUT11274,Kfc,KFC - Bengaluru 29,Bengaluru,Karnataka,570001.0,Drive-Thru,Sandwich,2023-09-22,125.0,6055.72,48.45,4.4,10.0,2.0,67117.17,Cash,Dine-in,Closed,Franchise
OUT11275,Wendy'S,Wendy's - Port Blair 40,Port Blair,Andaman And Nicobar Islands,793001.0,Food Court,Pizza,2024-08-23,117.0,19137.08,163.56,3.1,5.0,18.0,136002.15,Card,Drive-thru,Closed,Company Owned
OUT11276,Subway,Subway - Raipur 34,Raipur,Chhattisgarh,492001.0,Food Court,Fried Chicken,2023-08-26,153.0,23248.76,151.95,3.5,15.0,15.0,97837.62,Card,Dine-in,Open,Company Owned
OUT11277,Dunkin',Dunkin' - Coimbatore 22,Coimbatore,Tamil Nadu,641001.0,Standalone,Burger,2025-04-11,22.0,30273.43,1376.07,4.2,6.0,5.0,12000.0,Cash,Dine-in,Open,Company Owned
OUT11278,Kfc,KFC - Raipur 11,Raipur,Chhattisgarh,682001.0,Food Court,Fried Chicken,2023-07-18,188.0,25088.63,133.45,4.4,27.0,8.0,123608.71,Card,Delivery,Open,Franchise
OUT11279,Burger King,Burger King - Shimla 11,Shimla,Himachal Pradesh,797001.0,Food Court,Sandwich,2023-03-12,86.0,22077.79,256.72,3.5,18.0,31.0,100942.06,Cash,Takeaway,Open,Company Owned
OUT11280,Kfc,KFC - Chennai 40,Chennai,Tamil Nadu,600001.0,Food Court,Coffee & Snacks,2024-08-12,68.0,25030.58,368.1,4.5,20.0,7.0,139599.52,Card,Delivery,Open,Franchise
OUT11281,Mcdonald'S,McDonald's - Bhopal 1,Bhopal,Madhya Pradesh,795001.0,Drive-Thru,Tacos,2023-02-14,166.0,21690.65,130.67,3.9,15.0,35.0,88089.93,Cash,Takeaway,Open,Franchise
OUT11282,Pizza Hut,Pizza Hut - Noida 32,Noida,Uttar Pradesh,226001.0,Food Court,Tacos,2024-02-06,165.0,18318.68,111.02,3.8,24.0,16.0,83408.52,UPI,Drive-thru,Open,Company Owned
OUT11283,Taco Bell,Taco Bell - Imphal 14,Imphal,Manipur,793001.0,Food Court,Coffee & Snacks,2025-01-10,139.0,29417.19,211.63,4.2,22.0,21.0,77381.28,UPI,Dine-in,Open,Company Owned
OUT11284,Taco Bell,Taco Bell - Guwahati 33,Guwahati,Assam,248001.0,Mall,Coffee & Snacks,2023-12-24,175.0,17142.19,97.96,4.3,19.0,18.0,77952.54,Card,Takeaway,Open,Franchise
OUT11285,Domino'S,Domino's - Thiruvananthapuram 37,Thiruvananthapuram,Kerala,682001.0,Drive-Thru,Coffee & Snacks,2023-06-29,206.0,9259.42,44.95,4.5,28.0,7.0,53890.97,Card,Takeaway,Closed,Franchise
OUT11286,Subway,Subway - Guwahati 22,Guwahati,Assam,834001.0,High Street,Donuts,2025-06-02,139.0,15511.03,111.59,3.8,12.0,33.0,113694.8,UPI,Drive-thru,Open,Franchise
OUT11287,Starbucks,Starbucks - Nagpur 5,Nagpur,Maharashtra,440001.0,Drive-Thru,Tacos,2023-12-21,156.0,16036.23,102.8,4.5,17.0,29.0,62485.1,Cash,Takeaway,Renovation,Company Owned
OUT11288,Mcdonald'S,McDonald's - Ahmedabad 12,Ahmedabad,Gujarat,380001.0,Mall,Sandwich,2024-03-15,114.0,14558.26,127.7,4.5,15.0,6.0,129109.96,Cash,Dine-in,Open,Franchise
OUT11289,Taco Bell,Taco Bell - Visakhapatnam 13,Visakhapatnam,Andhra Pradesh,800001.0,Food Court,Burger,2025-11-21,179.0,9631.28,53.81,3.8,21.0,7.0,146411.37,Card,Takeaway,Open,Franchise
OUT11290,Kfc,KFC - Nagpur 8,Nagpur,Maharashtra,560001.0,Standalone,Donuts,2025-01-03,188.0,21719.71,115.53,3.4,4.0,26.0,95472.4,Card,Dine-in,Renovation,Franchise
OUT11291,Dunkin',Dunkin' - Surat 3,Surat,Gujarat,380001.0,Mall,Coffee & Snacks,2024-11-02,110.0,26515.55,241.05,4.3,4.0,24.0,114343.43,Card,Takeaway,Open,Franchise
OUT11292,Burger King,Burger King - Puducherry 32,Puducherry,Puducherry,800001.0,Standalone,Burger,2024-04-29,76.0,27798.68,365.77,4.5,25.0,28.0,25124.5,UPI,Takeaway,Open,Franchise
OUT11293,Starbucks,Starbucks - Leh 37,Leh,Ladakh,797001.0,High Street,Tacos,2023-01-14,84.0,18001.87,214.31,3.8,8.0,9.0,59650.67,Wallet,Delivery,Open,Franchise
OUT11294,Dunkin',Dunkin' - Varanasi 24,Varanasi,Uttar Pradesh,226001.0,Standalone,Donuts,2023-10-27,74.0,35159.69,475.13,5.0,20.0,4.0,150126.19,Cash,Dine-in,Renovation,Franchise
OUT11295,Wendy'S,Wendy's - Kavaratti 19,Kavaratti,Lakshadweep,248001.0,High Street,Pizza,2024-06-19,125.0,29159.05,233.27,4.1,24.0,34.0,119522.43,Wallet,Drive-thru,Open,Company Owned
OUT11296,Pizza Hut,Pizza Hut - Gangtok 15,Gangtok,Sikkim,744101.0,Mall,Coffee & Snacks,2023-07-30,133.0,21286.58,160.05,4.9,18.0,19.0,100086.93,Card,Dine-in,Open,Franchise
OUT11297,Dunkin',Dunkin' - Pune 20,Pune,Maharashtra,400001.0,Standalone,Coffee & Snacks,2025-06-20,100.0,25739.17,257.39,3.5,22.0,20.0,93517.75,Card,Takeaway,Closed,Franchise
OUT11298,Domino'S,Domino's - Indore 35,Indore,Madhya Pradesh,396210.0,Drive-Thru,Pizza,2023-11-02,95.0,10250.84,107.9,5.0,30.0,8.0,122637.38,Cash,Dine-in,Open,Company Owned
OUT11299,Mcdonald'S,McDonald's - Daman 33,Daman,Dadra And Nagar Haveli And Daman And Diu,682553.0,Food Court,Fried Chicken,2024-06-30,140.0,7838.44,55.99,4.6,22.0,7.0,119383.42,Card,Takeaway,Closed,Company Owned
OUT11300,Dunkin',Dunkin' - Daman 30,Daman,Dadra And Nagar Haveli And Daman And Diu,744101.0,High Street,Tacos,2025-12-12,148.0,28257.97,190.93,4.4,8.0,17.0,62276.75,Card,Dine-in,Renovation,Franchise
OUT11301,Starbucks,Starbucks - Leh 34,Leh,Ladakh,737101.0,Food Court,Fried Chicken,2024-12-29,146.0,22699.25,155.47,4.5,4.0,17.0,93314.58,UPI,Dine-in,Open,Franchise
OUT11302,Wendy'S,Wendy's - Visakhapatnam 6,Visakhapatnam,Andhra Pradesh,403001.0,Mall,Burger,2025-02-26,160.0,29758.41,185.99,3.4,21.0,26.0,76758.05,Card,Delivery,Closed,Company Owned
OUT11303,Burger King,Burger King - Udaipur 25,Udaipur,Rajasthan,313001.0,Mall,Tacos,2025-04-30,76.0,16370.81,215.41,4.1,24.0,34.0,75434.96,Wallet,Drive-thru,Open,Franchise
OUT11304,Subway,Subway - Port Blair 3,Port Blair,Andaman And Nicobar Islands,793001.0,Mall,Fried Chicken,2024-07-01,140.0,21348.49,152.49,4.7,11.0,18.0,67546.31,Wallet,Takeaway,Open,Franchise
OUT11305,Mcdonald'S,McDonald's - Gurugram 8,Gurugram,Haryana,682553.0,Drive-Thru,Coffee & Snacks,2023-09-23,180.0,25272.31,140.4,2.8,25.0,8.0,69540.12,Wallet,Delivery,Open,Franchise
OUT11306,Starbucks,Starbucks - Visakhapatnam 20,Visakhapatnam,Andhra Pradesh,797001.0,High Street,Fried Chicken,2024-11-13,211.0,14971.55,70.96,3.3,17.0,9.0,45080.86,Cash,Drive-thru,Closed,Company Owned
OUT11307,Subway,Subway - Indore 3,Indore,Madhya Pradesh,403001.0,Standalone,Donuts,2023-05-09,150.0,21643.31,144.29,5.0,14.0,19.0,112453.89,Cash,Delivery,Closed,Company Owned
OUT11308,Subway,Subway - Mumbai 12,Mumbai,Maharashtra,422001.0,Drive-Thru,Tacos,2023-11-25,176.0,23898.67,135.79,3.9,28.0,26.0,47602.74,Card,Takeaway,Renovation,Company Owned
OUT11309,Domino'S,Domino's - Ranchi 3,Ranchi,Jharkhand,751001.0,Standalone,Burger,2025-04-05,164.0,23456.5,143.03,4.7,5.0,10.0,75128.23,Card,Dine-in,Closed,Franchise
OUT11310,Subway,Subway - Mysuru 20,Mysuru,Karnataka,560001.0,Food Court,Pizza,2023-07-30,75.0,22534.13,300.46,3.8,17.0,3.0,111756.1,Cash,Drive-thru,Open,Company Owned
OUT11311,Taco Bell,Taco Bell - Aizawl 6,Aizawl,Mizoram,797001.0,Standalone,Pizza,2023-07-29,120.0,18887.65,157.4,2.9,20.0,15.0,76591.99,Wallet,Drive-thru,Open,Company Owned
OUT11312,Mcdonald'S,McDonald's - Imphal 40,Imphal,Manipur,797001.0,High Street,Sandwich,2024-05-30,99.0,12814.65,129.44,4.3,11.0,26.0,84641.05,Wallet,Takeaway,Open,Company Owned
OUT11313,Starbucks,Starbucks - Mysuru 39,Mysuru,Karnataka,570001.0,Mall,Sandwich,2025-07-17,189.0,15342.45,81.18,3.6,12.0,9.0,75711.7,UPI,Dine-in,Open,Company Owned
OUT11314,Taco Bell,Taco Bell - Thane 14,Thane,Maharashtra,422001.0,Mall,Coffee & Snacks,2023-05-17,222.0,18378.27,82.78,3.8,5.0,27.0,142999.74,Cash,Takeaway,Open,Franchise
OUT11315,Subway,Subway - Leh 24,Leh,Ladakh,248001.0,Mall,Coffee & Snacks,2025-07-27,148.0,29355.66,198.35,4.2,9.0,26.0,113607.79,UPI,Delivery,Open,Franchise
OUT11316,Taco Bell,Taco Bell - Lucknow 2,Lucknow,Uttar Pradesh,221001.0,Drive-Thru,Coffee & Snacks,2025-05-29,189.0,18232.89,96.47,3.4,11.0,33.0,101247.97,Card,Dine-in,Open,Company Owned
OUT11317,Subway,Subway - Leh 22,Leh,Ladakh,682001.0,High Street,Fried Chicken,2023-06-05,169.0,14319.48,84.73,3.9,20.0,32.0,12000.0,Card,Delivery,Renovation,Franchise
OUT11318,Wendy'S,Wendy's - Mysuru 17,Mysuru,Karnataka,560001.0,High Street,Coffee & Snacks,2023-10-13,105.0,11126.67,105.97,4.1,27.0,26.0,113957.23,UPI,Drive-thru,Open,Franchise
OUT11319,Starbucks,Starbucks - New Delhi 34,New Delhi,Delhi,110025.0,Standalone,Tacos,2024-08-07,115.0,18082.31,157.24,4.1,6.0,8.0,122430.84,Wallet,Delivery,Open,Company Owned
OUT11320,Pizza Hut,Pizza Hut - Aizawl 30,Aizawl,Mizoram,799001.0,Mall,Fried Chicken,2024-08-15,125.0,10899.78,87.2,3.1,6.0,8.0,132276.55,Card,Dine-in,Open,Company Owned
OUT11321,Taco Bell,Taco Bell - Hyderabad 4,Hyderabad,Telangana,500032.0,Drive-Thru,Pizza,2025-02-17,155.0,14793.07,95.44,4.6,8.0,31.0,116696.36,UPI,Takeaway,Open,Company Owned
OUT11322,Domino'S,Domino's - Ranchi 14,Ranchi,Jharkhand,800001.0,High Street,Burger,2023-08-21,137.0,22231.41,162.27,3.6,6.0,23.0,114164.22,Cash,Takeaway,Open,Company Owned
OUT11323,Wendy'S,Wendy's - Coimbatore 12,Coimbatore,Tamil Nadu,600001.0,Drive-Thru,Tacos,2024-02-17,139.0,25254.86,181.69,3.6,12.0,31.0,166319.78,Card,Dine-in,Renovation,Company Owned
OUT11324,Dunkin',Dunkin' - Lucknow 11,Lucknow,Uttar Pradesh,226001.0,Mall,Tacos,2025-05-20,137.0,25052.28,182.86,3.4,25.0,13.0,75500.44,Wallet,Drive-thru,Closed,Company Owned
OUT11325,Pizza Hut,Pizza Hut - Bengaluru 33,Bengaluru,Karnataka,570001.0,Mall,Fried Chicken,2025-12-13,149.0,25060.39,168.19,4.1,20.0,16.0,30894.21,Cash,Dine-in,Open,Company Owned
OUT11326,Burger King,Burger King - Udaipur 35,Udaipur,Rajasthan,302001.0,Standalone,Pizza,2023-01-24,201.0,11566.53,57.54,4.3,27.0,32.0,19377.43,UPI,Drive-thru,Open,Company Owned
OUT11327,Domino'S,Domino's - Puducherry 29,Puducherry,Puducherry,744101.0,High Street,Donuts,2024-04-09,156.0,25446.82,163.12,3.9,19.0,14.0,83647.96,UPI,Delivery,Open,Company Owned
OUT11328,Taco Bell,Taco Bell - Nagpur 12,Nagpur,Maharashtra,440001.0,Food Court,Fried Chicken,2025-05-05,185.0,21954.73,118.67,4.1,22.0,6.0,142605.71,UPI,Drive-thru,Renovation,Company Owned
OUT11329,Wendy'S,Wendy's - Mumbai 7,Mumbai,Maharashtra,400001.0,Mall,Fried Chicken,2025-05-29,110.0,17897.89,162.71,4.8,14.0,2.0,61730.71,Wallet,Dine-in,Open,Company Owned
OUT11330,Starbucks,Starbucks - Daman 32,Daman,Dadra And Nagar Haveli And Daman And Diu,462001.0,Standalone,Burger,2024-04-24,173.0,31458.53,181.84,4.0,14.0,25.0,163924.88,Wallet,Takeaway,Open,Franchise
OUT11331,Burger King,Burger King - Dehradun 27,Dehradun,Uttarakhand,796001.0,Standalone,Pizza,2023-02-19,139.0,500.0,3.6,3.8,12.0,4.0,85831.93,Cash,Drive-thru,Renovation,Franchise
OUT11332,Wendy'S,Wendy's - Gurugram 29,Gurugram,Haryana,800001.0,Drive-Thru,Tacos,2025-11-06,76.0,18203.77,239.52,5.0,6.0,29.0,62346.56,Cash,Drive-thru,Open,Company Owned
OUT11333,Wendy'S,Wendy's - Daman 32,Daman,Dadra And Nagar Haveli And Daman And Diu,248001.0,Food Court,Sandwich,2024-09-11,177.0,13324.55,75.28,3.8,6.0,12.0,133128.74,Cash,Dine-in,Open,Franchise
OUT11334,Dunkin',Dunkin' - Gangtok 24,Gangtok,Sikkim,171001.0,Food Court,Coffee & Snacks,2023-04-21,198.0,21783.36,110.02,4.6,10.0,33.0,103286.47,Card,Delivery,Open,Franchise
OUT11335,Starbucks,Starbucks - Puducherry 20,Puducherry,Puducherry,462001.0,Mall,Donuts,2025-02-03,150.0,14530.99,96.87,3.0,8.0,25.0,143027.14,Cash,Dine-in,Open,Franchise
OUT11336,Starbucks,Starbucks - Lucknow 19,Lucknow,Uttar Pradesh,226001.0,Standalone,Pizza,2025-03-15,68.0,14526.99,213.63,3.9,6.0,11.0,60080.26,Wallet,Dine-in,Open,Company Owned
OUT11337,Domino'S,Domino's - Lucknow 11,Lucknow,Uttar Pradesh,226001.0,Food Court,Sandwich,2024-07-12,113.0,30195.35,267.22,4.4,5.0,12.0,94598.48,Card,Dine-in,Open,Company Owned
OUT11338,Burger King,Burger King - Thiruvananthapuram 34,Thiruvananthapuram,Kerala,403001.0,Mall,Tacos,2023-09-08,50.0,23365.68,467.31,3.8,7.0,31.0,132517.18,Wallet,Drive-thru,Open,Company Owned
OUT11339,Starbucks,Starbucks - Port Blair 17,Port Blair,Andaman And Nicobar Islands,248001.0,Standalone,Coffee & Snacks,2025-04-05,163.0,500.0,3.07,4.6,25.0,25.0,129665.36,Wallet,Takeaway,Open,Company Owned
OUT11340,Burger King,Burger King - Kohima 22,Kohima,Nagaland,403001.0,Mall,Coffee & Snacks,2023-07-19,139.0,17466.36,125.66,4.2,22.0,16.0,61885.08,Cash,Takeaway,Open,Company Owned
OUT11341,Domino'S,Domino's - Visakhapatnam 16,Visakhapatnam,Andhra Pradesh,799001.0,Drive-Thru,Fried Chicken,2023-11-19,179.0,20349.51,113.68,4.4,9.0,2.0,130912.37,UPI,Takeaway,Open,Franchise
OUT11342,Taco Bell,Taco Bell - Imphal 35,Imphal,Manipur,248001.0,Standalone,Fried Chicken,2024-10-24,216.0,26659.74,123.42,4.2,23.0,12.0,99316.18,UPI,Drive-thru,Closed,Franchise
OUT11343,Burger King,Burger King - Patna 26,Patna,Bihar,403001.0,Food Court,Sandwich,2023-06-28,216.0,27243.2,126.13,3.5,9.0,31.0,58427.94,UPI,Drive-thru,Open,Franchise
OUT11344,Domino'S,Domino's - Mumbai 36,Mumbai,Maharashtra,440001.0,High Street,Tacos,2024-08-13,72.0,10240.13,142.22,4.7,14.0,29.0,54250.64,Wallet,Dine-in,Closed,Company Owned
OUT11345,Dunkin',Dunkin' - Mysuru 38,Mysuru,Karnataka,560001.0,Food Court,Sandwich,2025-06-25,148.0,27150.43,183.45,3.8,29.0,34.0,108842.59,Card,Takeaway,Closed,Franchise
OUT11346,Domino'S,Domino's - Dehradun 17,Dehradun,Uttarakhand,682001.0,Mall,Pizza,2025-04-23,93.0,16505.14,177.47,4.4,12.0,5.0,83323.83,Wallet,Delivery,Open,Company Owned
OUT11347,Kfc,KFC - Ranchi 4,Ranchi,Jharkhand,682001.0,Drive-Thru,Tacos,2023-11-04,214.0,16358.85,76.44,3.6,20.0,34.0,49367.01,UPI,Takeaway,Open,Franchise
OUT11348,Taco Bell,Taco Bell - Vijayawada 24,Vijayawada,Andhra Pradesh,396210.0,Mall,Coffee & Snacks,2025-08-14,118.0,24962.86,211.55,3.7,20.0,33.0,113076.21,Cash,Dine-in,Closed,Company Owned
OUT11349,Pizza Hut,Pizza Hut - Faridabad 2,Faridabad,Haryana,744101.0,Mall,Coffee & Snacks,2025-11-29,210.0,30071.53,143.2,3.9,18.0,21.0,90498.25,Cash,Drive-thru,Closed,Company Owned
OUT11350,Domino'S,Domino's - Gangtok 6,Gangtok,Sikkim,171001.0,Food Court,Pizza,2024-05-09,80.0,5434.8,67.94,3.5,6.0,21.0,124362.43,Cash,Drive-thru,Open,Company Owned
OUT11351,Wendy'S,Wendy's - Guwahati 14,Guwahati,Assam,796001.0,Standalone,Tacos,2024-05-10,135.0,21958.01,162.65,4.1,4.0,3.0,142401.53,Card,Takeaway,Open,Company Owned
OUT11352,Wendy'S,Wendy's - Itanagar 11,Itanagar,Arunachal Pradesh,795001.0,Food Court,Fried Chicken,2023-09-04,149.0,12292.17,82.5,3.6,5.0,29.0,70317.27,Card,Dine-in,Open,Company Owned
OUT11353,Mcdonald'S,McDonald's - Jammu 32,Jammu,Jammu And Kashmir,796001.0,Drive-Thru,Sandwich,2023-01-15,76.0,17962.11,236.34,3.6,15.0,34.0,126552.06,Cash,Delivery,Open,Franchise
OUT11354,Wendy'S,Wendy's - Imphal 14,Imphal,Manipur,248001.0,High Street,Pizza,2023-06-25,128.0,23357.33,182.48,4.1,23.0,27.0,103009.95,Wallet,Takeaway,Renovation,Company Owned
OUT11355,Kfc,KFC - Aizawl 19,Aizawl,Mizoram,793001.0,Mall,Fried Chicken,2023-02-25,148.0,25600.44,172.98,3.4,10.0,18.0,111117.63,Card,Drive-thru,Renovation,Company Owned
OUT11356,Kfc,KFC - Kochi 20,Kochi,Kerala,751001.0,Mall,Burger,2024-09-08,168.0,19454.62,115.8,4.0,5.0,8.0,104541.07,Wallet,Takeaway,Open,Franchise
OUT11357,Starbucks,Starbucks - Daman 8,Daman,Dadra And Nagar Haveli And Daman And Diu,797001.0,Mall,Fried Chicken,2023-11-10,170.0,24193.95,142.32,3.7,5.0,15.0,87357.21,Wallet,Takeaway,Open,Company Owned
OUT11358,Taco Bell,Taco Bell - Kavaratti 40,Kavaratti,Lakshadweep,795001.0,Drive-Thru,Fried Chicken,2024-10-20,156.0,29685.56,190.29,4.1,19.0,3.0,115500.85,UPI,Delivery,Open,Franchise
OUT11359,Domino'S,Domino's - Bengaluru 24,Bengaluru,Karnataka,570001.0,High Street,Pizza,2025-01-10,132.0,27884.77,211.25,3.4,23.0,29.0,95666.17,Card,Drive-thru,Open,Company Owned
OUT11360,Taco Bell,Taco Bell - Shillong 29,Shillong,Meghalaya,800001.0,High Street,Tacos,2023-01-09,130.0,21098.35,162.29,4.0,13.0,11.0,84680.5,Wallet,Takeaway,Closed,Company Owned
OUT11361,Mcdonald'S,McDonald's - Panaji 36,Panaji,Goa,797001.0,Food Court,Tacos,2023-04-14,77.0,10201.7,132.49,4.0,4.0,29.0,70502.41,UPI,Delivery,Open,Company Owned
OUT11362,Domino'S,Domino's - Aizawl 30,Aizawl,Mizoram,737101.0,Standalone,Tacos,2025-10-01,169.0,16543.6,97.89,4.0,28.0,35.0,12000.0,Wallet,Dine-in,Open,Company Owned
OUT11363,Mcdonald'S,McDonald's - Nagpur 25,Nagpur,Maharashtra,411001.0,Food Court,Coffee & Snacks,2023-01-09,121.0,1307.4,10.8,4.1,7.0,17.0,90547.18,Wallet,Dine-in,Open,Franchise
OUT11364,Starbucks,Starbucks - Visakhapatnam 4,Visakhapatnam,Andhra Pradesh,781001.0,Drive-Thru,Pizza,2025-11-06,288.0,10434.97,36.23,4.2,19.0,14.0,62153.81,Wallet,Drive-thru,Open,Company Owned
OUT11365,Kfc,KFC - Thiruvananthapuram 33,Thiruvananthapuram,Kerala,793001.0,Mall,Tacos,2023-12-19,165.0,27524.11,166.81,4.1,17.0,17.0,120884.49,Cash,Delivery,Open,Company Owned
OUT11366,Starbucks,Starbucks - Visakhapatnam 3,Visakhapatnam,Andhra Pradesh,799001.0,High Street,Fried Chicken,2025-11-15,202.0,9418.94,46.63,4.3,30.0,15.0,59874.02,Card,Dine-in,Open,Company Owned
OUT11367,Taco Bell,Taco Bell - New Delhi 19,New Delhi,Delhi,110017.0,High Street,Burger,2024-03-25,112.0,23913.26,213.51,4.0,30.0,20.0,116648.29,UPI,Delivery,Renovation,Franchise
OUT11368,Subway,Subway - Nagpur 20,Nagpur,Maharashtra,411001.0,Standalone,Burger,2023-09-03,171.0,12762.58,74.63,3.8,24.0,18.0,82595.82,Cash,Drive-thru,Open,Company Owned
OUT11369,Domino'S,Domino's - Raipur 14,Raipur,Chhattisgarh,793001.0,Food Court,Tacos,2024-10-16,128.0,20616.08,161.06,3.1,22.0,2.0,110598.24,Wallet,Takeaway,Open,Franchise
OUT11370,Starbucks,Starbucks - Chandigarh 38,Chandigarh,Chandigarh,796001.0,Mall,Tacos,2025-10-12,188.0,9086.78,48.33,4.6,22.0,14.0,68466.56,Card,Takeaway,Open,Company Owned
OUT11371,Subway,Subway - Thane 7,Thane,Maharashtra,400001.0,Mall,Pizza,2024-12-10,160.0,22648.89,141.56,4.4,26.0,7.0,78222.51,Cash,Delivery,Open,Company Owned
OUT11372,Dunkin',Dunkin' - Nagpur 21,Nagpur,Maharashtra,422001.0,Food Court,Coffee & Snacks,2025-08-06,218.0,24075.6,110.44,3.9,22.0,18.0,154982.01,Wallet,Drive-thru,Closed,Company Owned
OUT11373,Pizza Hut,Pizza Hut - Leh 15,Leh,Ladakh,796001.0,Mall,Burger,2025-08-10,297.0,12062.35,40.61,4.8,13.0,8.0,87071.84,UPI,Drive-thru,Renovation,Company Owned
OUT11374,Burger King,Burger King - Nagpur 19,Nagpur,Maharashtra,422001.0,Food Court,Sandwich,2024-08-06,160.0,15478.38,96.74,4.1,13.0,35.0,104056.14,Cash,Drive-thru,Open,Company Owned
OUT11375,Taco Bell,Taco Bell - Dehradun 26,Dehradun,Uttarakhand,834001.0,High Street,Sandwich,2024-07-23,144.0,22732.3,157.86,2.0,20.0,15.0,81358.08,Cash,Drive-thru,Open,Company Owned
OUT11376,Subway,Subway - Kolkata 3,Kolkata,West Bengal,700091.0,Food Court,Donuts,2025-12-04,169.0,14683.39,86.88,3.7,19.0,21.0,138938.4,UPI,Drive-thru,Open,Franchise
OUT11377,Kfc,KFC - Patna 20,Patna,Bihar,737101.0,Drive-Thru,Fried Chicken,2024-09-01,189.0,11729.47,62.06,4.7,12.0,35.0,45576.19,Cash,Drive-thru,Closed,Franchise
OUT11378,Pizzahut,Pizza Hut - Faridabad 34,Faridabad,Haryana,744101.0,Mall,Tacos,2024-04-13,222.0,18072.56,81.41,3.4,25.0,22.0,122849.14,UPI,Drive-thru,Renovation,Company Owned
OUT11379,Kfc,KFC - Udaipur 15,Udaipur,Rajasthan,313001.0,Mall,Pizza,2025-04-14,143.0,17159.97,120.0,4.4,28.0,18.0,92477.72,Cash,Takeaway,Open,Franchise
OUT11380,Wendy'S,Wendy's - Faridabad 24,Faridabad,Haryana,795001.0,Drive-Thru,Donuts,2023-12-24,138.0,15365.48,111.34,4.0,29.0,3.0,118016.14,Wallet,Takeaway,Closed,Franchise
OUT11381,Starbucks,Starbucks - Ranchi 30,Ranchi,Jharkhand,744101.0,High Street,Tacos,2025-08-10,76.0,21896.79,288.12,4.4,24.0,17.0,12000.0,UPI,Drive-thru,Open,Franchise
OUT11382,Mcdonald'S,McDonald's - Puducherry 17,Puducherry,Puducherry,797001.0,Drive-Thru,Coffee & Snacks,2024-08-07,157.0,33628.88,214.2,3.6,12.0,10.0,76878.6,UPI,Takeaway,Open,Franchise
OUT11383,Subway,Subway - Guwahati 10,Guwahati,Assam,248001.0,Drive-Thru,Pizza,2024-06-05,208.0,23181.51,111.45,4.1,17.0,5.0,80442.71,Card,Takeaway,Open,Franchise
OUT11384,Kfc,KFC - Leh 39,Leh,Ladakh,682553.0,Food Court,Sandwich,2024-09-15,176.0,4475.07,25.43,4.9,11.0,9.0,44939.45,Cash,Dine-in,Closed,Franchise
OUT11385,Taco Bell,Taco Bell - Shillong 25,Shillong,Meghalaya,171001.0,Mall,Fried Chicken,2025-09-12,59.0,6173.1,104.63,3.3,4.0,15.0,86067.48,Cash,Dine-in,Renovation,Company Owned
OUT11386,Kfc,KFC - Kochi 38,Kochi,Kerala,744101.0,Mall,Fried Chicken,2025-11-19,182.0,15302.59,84.08,3.2,19.0,11.0,105967.8,UPI,Drive-thru,Open,Franchise
OUT11387,Wendy'S,Wendy's - Gurugram 35,Gurugram,Haryana,682553.0,Standalone,Sandwich,2023-07-30,73.0,21471.87,294.14,3.6,26.0,35.0,90764.84,Cash,Dine-in,Open,Company Owned
OUT11388,Dunkin',Dunkin' - Gurugram 29,Gurugram,Haryana,682001.0,Drive-Thru,Fried Chicken,2023-08-28,135.0,14129.99,104.67,4.9,13.0,22.0,108340.64,Card,Takeaway,Open,Company Owned
OUT11389,Dunkin',Dunkin' - Agartala 22,Agartala,Tripura,737101.0,Food Court,Pizza,2023-08-12,184.0,17296.05,94.0,4.4,29.0,20.0,101436.08,Cash,Takeaway,Renovation,Company Owned
OUT11390,Mcdonald'S,McDonald's - Mysuru 39,Mysuru,Karnataka,560001.0,Mall,Burger,2023-08-12,87.0,20742.79,238.42,4.5,15.0,7.0,62078.22,Card,Dine-in,Open,Franchise
OUT11391,Pizza Hut,Pizza Hut - Kolkata 27,Kolkata,West Bengal,700001.0,Standalone,Pizza,2025-11-25,149.0,26739.11,179.46,3.7,4.0,33.0,145239.79,Cash,Drive-thru,Open,Company Owned
OUT11392,Burger King,Burger King - Coimbatore 18,Coimbatore,Tamil Nadu,600001.0,Mall,Donuts,2023-12-15,121.0,17650.55,145.87,3.6,15.0,21.0,192244.26,Cash,Dine-in,Open,Franchise
OUT11393,Wendy'S,Wendy's - Surat 20,Surat,Gujarat,395001.0,Drive-Thru,Donuts,2025-03-06,95.0,19951.71,210.02,4.2,14.0,22.0,107038.96,Card,Drive-thru,Open,Franchise
OUT11394,Domino'S,Domino's - Vijayawada 2,Vijayawada,Andhra Pradesh,682001.0,Mall,Pizza,2025-06-27,114.0,27588.01,242.0,4.6,27.0,20.0,63859.25,Wallet,Delivery,Open,Company Owned
OUT11395,Taco Bell,Taco Bell - Ranchi 13,Ranchi,Jharkhand,682001.0,High Street,Tacos,2025-06-08,162.0,22909.08,141.41,3.5,18.0,28.0,97328.36,Wallet,Drive-thru,Open,Company Owned
OUT11396,Subway,Subway - Chennai 27,Chennai,Tamil Nadu,600001.0,High Street,Burger,2025-07-01,114.0,12940.81,113.52,3.6,29.0,28.0,116951.48,UPI,Dine-in,Closed,Franchise
OUT11397,Subway,Subway - Gurugram 32,Gurugram,Haryana,403001.0,High Street,Sandwich,2024-07-19,188.0,30117.11,160.2,4.1,30.0,6.0,92684.7,Wallet,Drive-thru,Open,Franchise
OUT11398,Wendy'S,Wendy's - Gurugram 29,Gurugram,Haryana,797001.0,High Street,Donuts,2023-12-03,131.0,25467.22,194.41,3.5,5.0,4.0,107989.79,Cash,Drive-thru,Open,Company Owned
OUT11399,Starbucks,Starbucks - Nashik 5,Nashik,Maharashtra,422001.0,Mall,Pizza,2023-09-10,129.0,3161.3,24.51,4.7,17.0,9.0,136434.13,Card,Delivery,Open,Franchise
OUT11400,Burger King,Burger King - Indore 36,Indore,Madhya Pradesh,171001.0,Food Court,Fried Chicken,2023-12-30,225.0,18657.17,82.92,3.9,20.0,12.0,155136.21,UPI,Drive-thru,Closed,Company Owned
OUT11401,Wendy'S,Wendy's - Dehradun 19,Dehradun,Uttarakhand,492001.0,Standalone,Fried Chicken,2023-04-12,127.0,13398.17,105.5,4.0,19.0,3.0,67907.13,Cash,Delivery,Open,Franchise
OUT11402,Dunkin',Dunkin' - Chandigarh 2,Chandigarh,Chandigarh,492001.0,Standalone,Burger,2024-09-12,157.0,8564.55,54.55,3.6,10.0,2.0,113561.92,Cash,Drive-thru,Renovation,Company Owned
OUT11403,Mcdonald'S,McDonald's - Bhopal 27,Bhopal,Madhya Pradesh,797001.0,High Street,Donuts,2024-03-19,164.0,13271.2,80.92,4.0,30.0,21.0,87479.79,Cash,Takeaway,Open,Company Owned
OUT11404,Burger King,Burger King - Srinagar 13,Srinagar,Jammu And Kashmir,796001.0,Mall,Tacos,2025-03-28,148.0,14332.89,96.84,4.4,5.0,19.0,93913.04,Cash,Drive-thru,Open,Company Owned
OUT11405,Wendy'S,Wendy's - Surat 20,Surat,Gujarat,395001.0,Standalone,Fried Chicken,2023-12-03,196.0,21824.85,111.35,4.4,29.0,26.0,120080.06,Card,Delivery,Renovation,Company Owned
OUT11406,Dunkin',Dunkin' - Bengaluru 32,Bengaluru,Karnataka,570001.0,High Street,Donuts,2024-07-31,176.0,29197.38,165.89,4.6,6.0,26.0,101797.11,Wallet,Dine-in,Renovation,Company Owned
OUT11407,Taco Bell,Taco Bell - Itanagar 2,Itanagar,Arunachal Pradesh,403001.0,Mall,Pizza,2024-11-12,136.0,8612.71,63.33,4.4,24.0,3.0,101276.82,Card,Takeaway,Open,Company Owned
OUT11408,Subway,Subway - Vijayawada 2,Vijayawada,Andhra Pradesh,800001.0,High Street,Pizza,2023-07-13,297.0,19181.17,64.58,3.7,16.0,8.0,54176.84,Wallet,Dine-in,Closed,Company Owned
OUT11409,Burger King,Burger King - Ludhiana 26,Ludhiana,Punjab,143001.0,Food Court,Coffee & Snacks,2025-05-13,86.0,7071.51,82.23,4.4,15.0,34.0,62488.24,UPI,Takeaway,Open,Company Owned
OUT11410,Subway,Subway - Surat 38,Surat,Gujarat,380001.0,Standalone,Burger,2025-08-28,199.0,22940.05,115.28,4.0,21.0,10.0,52016.96,Wallet,Drive-thru,Open,Franchise
OUT11411,Mcdonald'S,McDonald's - Kohima 11,Kohima,Nagaland,492001.0,Drive-Thru,Coffee & Snacks,2024-01-02,164.0,18453.83,112.52,3.6,19.0,33.0,18540.92,Wallet,Drive-thru,Open,Company Owned
OUT11412,Mcdonald'S,McDonald's - Pune 8,Pune,Maharashtra,400601.0,Standalone,Donuts,2023-07-02,198.0,11616.61,58.67,3.9,8.0,12.0,70686.12,UPI,Dine-in,Open,Company Owned
OUT11413,Pizza Hut,Pizza Hut - Imphal 32,Imphal,Manipur,682001.0,Drive-Thru,Sandwich,2024-10-30,117.0,24360.96,208.21,4.5,8.0,27.0,49302.68,UPI,Takeaway,Open,Company Owned
OUT11414,Dunkin',Dunkin' - Faridabad 6,Faridabad,Haryana,795001.0,High Street,Fried Chicken,2023-07-01,85.0,37468.06,440.8,4.0,12.0,13.0,39068.05,Cash,Drive-thru,Open,Company Owned
OUT11415,Subway,Subway - Lucknow 6,Lucknow,Uttar Pradesh,226001.0,High Street,Coffee & Snacks,2024-08-02,211.0,3284.98,15.57,4.2,7.0,2.0,42992.99,UPI,Dine-in,Open,Company Owned
OUT11416,Pizza Hut,Pizza Hut - Daman 23,Daman,Dadra And Nagar Haveli And Daman And Diu,171001.0,Drive-Thru,Pizza,2024-10-28,212.0,17800.61,83.97,3.1,30.0,29.0,77669.89,Wallet,Takeaway,Renovation,Company Owned
OUT11417,Burger King,Burger King - Jaipur 14,Jaipur,Rajasthan,313001.0,High Street,Donuts,2023-01-20,109.0,19657.36,180.34,3.6,9.0,11.0,92406.18,Card,Takeaway,Open,Franchise
OUT11418,Kfc,KFC - Lucknow 34,Lucknow,Uttar Pradesh,226001.0,Standalone,Pizza,2024-12-29,235.0,6169.03,26.25,3.9,12.0,20.0,42291.49,UPI,Delivery,Open,Company Owned
OUT11419,Kfc,KFC - Puducherry 33,Puducherry,Puducherry,682001.0,High Street,Pizza,2023-02-07,126.0,25254.68,200.43,3.8,22.0,10.0,106410.26,Card,Delivery,Open,Company Owned
OUT11420,Starbucks,Starbucks - Ahmedabad 33,Ahmedabad,Gujarat,380001.0,High Street,Fried Chicken,2023-07-24,163.0,18405.05,112.91,4.3,4.0,21.0,99507.84,Card,Drive-thru,Closed,Franchise
OUT11421,Kfc,KFC - Guwahati 12,Guwahati,Assam,737101.0,Food Court,Pizza,2025-02-24,210.0,21840.99,104.0,3.5,17.0,21.0,105657.61,Card,Delivery,Open,Franchise
OUT11422,Subway,Subway - Indore 3,Indore,Madhya Pradesh,682553.0,Drive-Thru,Tacos,2023-03-04,124.0,22510.71,181.54,5.0,9.0,2.0,112587.47,UPI,Delivery,Open,Company Owned
OUT11423,Dunkin',Dunkin' - Indore 32,Indore,Madhya Pradesh,492001.0,Drive-Thru,Pizza,2025-11-14,124.0,12530.38,101.05,3.8,27.0,6.0,76432.09,Cash,Takeaway,Open,Franchise
OUT11424,Pizza Hut,Pizza Hut - Chandigarh 33,Chandigarh,Chandigarh,682001.0,Mall,Tacos,2023-06-03,170.0,8099.23,47.64,3.9,24.0,27.0,12000.0,Cash,Drive-thru,Open,Franchise
OUT11425,Pizza Hut,Pizza Hut - Surat 32,Surat,Gujarat,380001.0,Drive-Thru,Fried Chicken,2024-11-12,231.0,22134.56,95.82,3.4,5.0,22.0,66749.14,UPI,Drive-thru,Renovation,Franchise
OUT11426,Dunkin',Dunkin' - Bhubaneswar 35,Bhubaneswar,Odisha,795001.0,Food Court,Tacos,2025-03-27,215.0,21504.43,100.02,3.4,17.0,24.0,123662.04,Wallet,Dine-in,Open,Franchise
OUT11427,Kfc,KFC - Gangtok 24,Gangtok,Sikkim,793001.0,Food Court,Coffee & Snacks,2024-07-07,233.0,28816.37,123.68,3.6,28.0,15.0,44419.13,Cash,Drive-thru,Open,Company Owned
OUT11428,Dunkin',Dunkin' - Port Blair 16,Port Blair,Andaman And Nicobar Islands,800001.0,Food Court,Burger,2024-01-17,81.0,25176.0,310.81,3.8,28.0,20.0,98062.25,UPI,Delivery,Open,Franchise
OUT11429,Kfc,KFC - Thiruvananthapuram 10,Thiruvananthapuram,Kerala,462001.0,Drive-Thru,Donuts,2025-11-27,130.0,25464.74,195.88,3.2,20.0,20.0,85112.34,Card,Delivery,Closed,Company Owned
OUT11430,Dunkin',Dunkin' - Imphal 27,Imphal,Manipur,834001.0,Drive-Thru,Donuts,2024-11-24,169.0,13750.8,81.37,3.2,16.0,33.0,65219.41,Wallet,Takeaway,Open,Company Owned
OUT11431,Starbucks,Starbucks - Guwahati 4,Guwahati,Assam,799001.0,High Street,Burger,2024-08-16,90.0,13426.27,149.18,2.9,23.0,28.0,107953.21,UPI,Takeaway,Open,Company Owned
OUT11432,Kfc,KFC - Udaipur 21,Udaipur,Rajasthan,560001.0,Drive-Thru,Sandwich,2023-06-01,142.0,11980.74,84.37,4.2,10.0,30.0,113493.77,Card,Takeaway,Open,Franchise
OUT11433,Domino'S,Domino's - Amritsar 9,Amritsar,Punjab,143001.0,Mall,Donuts,2023-12-28,111.0,17867.5,160.97,4.0,8.0,33.0,147334.74,Wallet,Dine-in,Open,Franchise
OUT11434,Domino'S,Domino's - Kochi 24,Kochi,Kerala,682553.0,Drive-Thru,Fried Chicken,2023-09-09,130.0,11486.5,88.36,4.1,30.0,29.0,39502.62,Card,Delivery,Closed,Company Owned
OUT11435,Burger King,Burger King - Ludhiana 37,Ludhiana,Punjab,141001.0,Food Court,Coffee & Snacks,2025-09-01,203.0,8728.99,43.0,3.4,29.0,29.0,69205.83,Wallet,Delivery,Open,Franchise
OUT11436,Kfc,KFC - Port Blair 36,Port Blair,Andaman And Nicobar Islands,834001.0,Mall,Coffee & Snacks,2024-10-28,231.0,27803.25,120.36,4.3,22.0,32.0,131503.2,Cash,Takeaway,Renovation,Company Owned
OUT11437,Wendy'S,Wendy's - Raipur 30,Raipur,Chhattisgarh,800001.0,Standalone,Coffee & Snacks,2025-11-10,101.0,10980.61,108.72,4.4,10.0,4.0,41930.15,Cash,Delivery,Open,Company Owned
OUT11438,Burger King,Burger King - Shimla 12,Shimla,Himachal Pradesh,799001.0,Food Court,Pizza,2023-06-21,159.0,5310.18,33.4,4.8,29.0,19.0,41860.39,Card,Delivery,Open,Company Owned
OUT11439,Burger King,Burger King - Gurugram 10,Gurugram,Haryana,462001.0,High Street,Pizza,2025-12-25,93.0,14731.22,158.4,5.0,13.0,9.0,76542.0,UPI,Dine-in,Open,Company Owned
OUT11440,Kfc,KFC - Shimla 34,Shimla,Himachal Pradesh,781001.0,High Street,Fried Chicken,2024-12-26,113.0,29465.57,260.76,4.1,16.0,20.0,113272.47,UPI,Takeaway,Renovation,Franchise
OUT11441,Dunkin',Dunkin' - Faridabad 35,Faridabad,Haryana,560001.0,High Street,Donuts,2023-10-24,128.0,22550.77,176.18,2.8,21.0,27.0,148310.57,UPI,Drive-thru,Open,Franchise
OUT11442,Kfc,KFC - Dehradun 8,Dehradun,Uttarakhand,248001.0,High Street,Donuts,2025-02-21,153.0,15765.3,103.04,3.8,7.0,13.0,33977.09,Card,Dine-in,Open,Company Owned
OUT11443,Wendy'S,Wendy's - Srinagar 30,Srinagar,Jammu And Kashmir,403001.0,Drive-Thru,Coffee & Snacks,2025-06-01,90.0,22361.46,248.46,3.9,17.0,23.0,110563.58,Card,Dine-in,Open,Company Owned
OUT11444,Wendy'S,Wendy's - Leh 39,Leh,Ladakh,834001.0,Drive-Thru,Pizza,2025-09-21,143.0,18578.35,129.92,3.9,7.0,27.0,24588.25,Card,Drive-thru,Renovation,Franchise
OUT11445,Subway,Subway - Imphal 1,Imphal,Manipur,800001.0,Mall,Donuts,2025-07-04,103.0,11249.66,109.22,4.4,18.0,32.0,139402.13,UPI,Delivery,Renovation,Company Owned
OUT11446,Dunkin',Dunkin' - Surat 25,Surat,Gujarat,395001.0,High Street,Tacos,2025-08-18,168.0,18746.79,111.59,4.5,5.0,25.0,12000.0,UPI,Delivery,Renovation,Franchise
OUT11447,Starbucks,Starbucks - Varanasi 17,Varanasi,Uttar Pradesh,226001.0,Drive-Thru,Coffee & Snacks,2023-10-21,110.0,23982.51,218.02,3.5,24.0,27.0,105924.21,Wallet,Takeaway,Closed,Company Owned
OUT11448,Pizza Hut,Pizza Hut - Kohima 20,Kohima,Nagaland,396210.0,High Street,Coffee & Snacks,2025-02-24,112.0,15904.36,142.0,3.9,22.0,9.0,92924.94,Card,Drive-thru,Open,Franchise
OUT11449,Subway,Subway - Thiruvananthapuram 35,Thiruvananthapuram,Kerala,796001.0,Food Court,Donuts,2025-02-28,97.0,32668.16,336.79,4.0,4.0,5.0,142305.45,Cash,Delivery,Closed,Company Owned
OUT11450,Taco Bell,Taco Bell - Varanasi 39,Varanasi,Uttar Pradesh,201301.0,High Street,Coffee & Snacks,2023-04-21,162.0,22525.92,139.05,4.5,14.0,12.0,103366.0,UPI,Takeaway,Renovation,Company Owned
OUT11451,Domino'S,Domino's - Noida 39,Noida,Uttar Pradesh,201301.0,Standalone,Coffee & Snacks,2023-07-22,156.0,11042.8,70.79,3.3,7.0,28.0,87436.92,Cash,Takeaway,Closed,Company Owned
OUT11452,Subway,Subway - Agartala 37,Agartala,Tripura,171001.0,Standalone,Tacos,2025-07-08,159.0,15461.48,97.24,3.0,14.0,33.0,77543.4,Wallet,Drive-thru,Open,Franchise
OUT11453,Dunkin',Dunkin' - Noida 40,Noida,Uttar Pradesh,560001.0,Standalone,Burger,2025-07-02,241.0,27294.18,113.25,4.0,29.0,29.0,109013.2,UPI,Delivery,Renovation,Company Owned
OUT11454,Pizza Hut,Pizza Hut - Shimla 31,Shimla,Himachal Pradesh,462001.0,Drive-Thru,Pizza,2024-10-15,301.0,16434.41,54.6,4.9,30.0,19.0,123063.94,UPI,Delivery,Closed,Franchise
OUT11455,Pizza Hut,Pizza Hut - Coimbatore 6,Coimbatore,Tamil Nadu,600001.0,Food Court,Pizza,2025-11-20,175.0,20786.84,118.78,3.1,9.0,14.0,74312.85,Wallet,Takeaway,Closed,Franchise
OUT11456,Wendy'S,Wendy's - Pune 7,Pune,Maharashtra,422001.0,Mall,Fried Chicken,2024-09-04,39.0,15429.68,395.63,5.0,5.0,15.0,124408.63,Cash,Takeaway,Closed,Franchise
OUT11457,Domino'S,Domino's - New Delhi 27,New Delhi,Delhi,110017.0,Mall,Pizza,2024-04-30,170.0,28150.5,165.59,4.3,23.0,24.0,80328.15,UPI,Dine-in,Open,Company Owned
OUT11458,Mcdonald'S,McDonald's - Panaji 16,Panaji,Goa,492001.0,High Street,Tacos,2024-05-09,99.0,14197.95,143.41,3.2,17.0,26.0,47262.92,UPI,Drive-thru,Open,Company Owned
OUT11459,Subway,Subway - Kohima 27,Kohima,Nagaland,248001.0,Standalone,Donuts,2024-11-13,56.0,21634.13,386.32,3.3,23.0,26.0,102689.08,UPI,Drive-thru,Open,Company Owned
OUT11460,Starbucks,Starbucks - Leh 7,Leh,Ladakh,492001.0,Drive-Thru,Burger,2024-07-03,70.0,18296.58,261.38,3.3,11.0,23.0,12000.0,Cash,Dine-in,Open,Company Owned
OUT11461,Dunkin',Dunkin' - Indore 21,Indore,Madhya Pradesh,737101.0,Drive-Thru,Pizza,2025-05-30,90.0,20354.69,226.16,4.0,8.0,9.0,110014.3,UPI,Delivery,Open,Company Owned
OUT11462,Taco Bell,Taco Bell - Mysuru 12,Mysuru,Karnataka,560001.0,Drive-Thru,Fried Chicken,2023-12-12,159.0,10561.58,66.43,4.5,15.0,15.0,81761.36,Wallet,Dine-in,Renovation,Company Owned
OUT11463,Domino'S,Domino's - Ahmedabad 38,Ahmedabad,Gujarat,380001.0,Standalone,Tacos,2025-07-11,132.0,20440.62,154.85,4.2,30.0,24.0,88066.31,Cash,Dine-in,Renovation,Company Owned
OUT11464,Mcdonald'S,McDonald's - Aizawl 36,Aizawl,Mizoram,171001.0,Standalone,Donuts,2024-02-06,131.0,25067.89,191.36,4.6,18.0,17.0,106454.68,UPI,Drive-thru,Open,Company Owned
OUT11465,Domino'S,Domino's - Gangtok 26,Gangtok,Sikkim,462001.0,High Street,Pizza,2024-11-20,140.0,16708.28,119.34,3.0,9.0,7.0,152161.55,Card,Takeaway,Closed,Company Owned
OUT11466,Burger King,Burger King - Chennai 4,Chennai,Tamil Nadu,600001.0,Mall,Sandwich,2023-06-07,100.0,24629.73,246.3,4.4,12.0,13.0,88584.81,Card,Delivery,Open,Company Owned
OUT11467,Domino'S,Domino's - Thiruvananthapuram 6,Thiruvananthapuram,Kerala,834001.0,Standalone,Pizza,2025-08-16,232.0,13773.41,59.37,4.0,24.0,30.0,56856.62,Cash,Dine-in,Open,Franchise
OUT11468,Dunkin',Dunkin' - Noida 3,Noida,Uttar Pradesh,221001.0,Mall,Tacos,2024-12-12,90.0,12195.22,135.5,5.0,28.0,31.0,144925.78,Card,Delivery,Open,Franchise
OUT11469,Domino'S,Domino's - Bhopal 1,Bhopal,Madhya Pradesh,797001.0,Food Court,Tacos,2025-09-18,65.0,25116.91,386.41,3.8,9.0,12.0,63397.82,Card,Dine-in,Closed,Company Owned
OUT11470,Burger King,Burger King - New Delhi 27,New Delhi,Delhi,110025.0,High Street,Fried Chicken,2025-07-13,126.0,32986.13,261.79,4.3,7.0,9.0,66277.82,Wallet,Takeaway,Open,Company Owned
OUT11471,Kfc,KFC - Chennai 14,Chennai,Tamil Nadu,600001.0,Drive-Thru,Fried Chicken,2024-05-08,115.0,13264.28,115.34,3.7,20.0,6.0,124291.48,Card,Takeaway,Open,Franchise
OUT11472,Wendy'S,Wendy's - Bengaluru 2,Bengaluru,Karnataka,570001.0,Mall,Pizza,2025-09-29,204.0,27838.52,136.46,3.5,27.0,35.0,103302.06,UPI,Drive-thru,Open,Franchise
OUT11473,Mcdonald'S,McDonald's - Thiruvananthapuram 20,Thiruvananthapuram,Kerala,799001.0,Drive-Thru,Coffee & Snacks,2025-01-29,187.0,14605.24,78.1,4.0,14.0,2.0,102485.37,Card,Takeaway,Open,Franchise
OUT11474,Mcdonald'S,McDonald's - Chandigarh 28,Chandigarh,Chandigarh,171001.0,Standalone,Fried Chicken,2024-07-24,210.0,5284.73,25.17,4.6,11.0,12.0,51331.1,Cash,Takeaway,Open,Company Owned
OUT11475,Pizza Hut,Pizza Hut - Hyderabad 35,Hyderabad,Telangana,500032.0,High Street,Fried Chicken,2025-06-18,121.0,10279.15,84.95,4.3,11.0,4.0,111936.0,Cash,Dine-in,Renovation,Company Owned
OUT11476,Burger King,Burger King - Amritsar 8,Amritsar,Punjab,143001.0,Mall,Coffee & Snacks,2024-07-30,104.0,15761.96,151.56,4.0,18.0,14.0,77367.25,Card,Takeaway,Renovation,Company Owned
OUT11477,Mcdonald'S,McDonald's - Dehradun 39,Dehradun,Uttarakhand,797001.0,Standalone,Coffee & Snacks,2024-03-06,152.0,11800.05,77.63,4.1,24.0,8.0,56698.92,Card,Drive-thru,Closed,Company Owned
OUT11478,Subway,Subway - Udaipur 8,Udaipur,Rajasthan,302001.0,Food Court,Sandwich,2024-10-08,181.0,31092.47,171.78,4.1,7.0,35.0,20859.83,UPI,Drive-thru,Open,Company Owned
OUT11479,Domino'S,Domino's - Nagpur 11,Nagpur,Maharashtra,400001.0,Drive-Thru,Fried Chicken,2023-12-22,126.0,18043.8,143.2,4.3,5.0,14.0,83940.28,Card,Drive-thru,Open,Franchise
OUT11480,Pizzahut,Pizza Hut - Gangtok 20,Gangtok,Sikkim,396210.0,Drive-Thru,Sandwich,2023-08-12,140.0,4380.03,31.29,3.4,21.0,25.0,57591.1,Cash,Drive-thru,Open,Franchise
OUT11481,Taco Bell,Taco Bell - Mysuru 31,Mysuru,Karnataka,570001.0,Food Court,Burger,2023-04-26,191.0,25164.85,131.75,4.3,6.0,29.0,108333.25,Card,Delivery,Renovation,Company Owned
OUT11482,Domino'S,Domino's - Puducherry 27,Puducherry,Puducherry,737101.0,Mall,Coffee & Snacks,2024-04-09,273.0,18094.57,66.28,4.0,25.0,2.0,65428.57,Wallet,Dine-in,Renovation,Company Owned
OUT11483,Kfc,KFC - Jammu 23,Jammu,Jammu And Kashmir,396210.0,High Street,Sandwich,2023-06-17,152.0,15765.46,103.72,4.1,5.0,17.0,102073.15,Wallet,Delivery,Open,Company Owned
OUT11484,Dunkin',Dunkin' - Thane 16,Thane,Maharashtra,422001.0,High Street,Sandwich,2025-03-31,157.0,14708.21,93.68,4.4,4.0,24.0,136001.23,Cash,Dine-in,Open,Franchise
OUT11485,Starbucks,Starbucks - Raipur 36,Raipur,Chhattisgarh,492001.0,Mall,Sandwich,2024-03-18,195.0,21147.23,108.45,3.2,22.0,19.0,39725.55,Cash,Takeaway,Open,Company Owned
OUT11486,Wendy'S,Wendy's - Leh 19,Leh,Ladakh,682001.0,Drive-Thru,Pizza,2025-05-13,159.0,16321.91,102.65,4.0,11.0,20.0,98922.48,Card,Delivery,Open,Franchise
OUT11487,Mcdonald'S,McDonald's - Shimla 33,Shimla,Himachal Pradesh,797001.0,High Street,Coffee & Snacks,2025-01-22,199.0,7903.0,39.71,3.6,22.0,29.0,143411.3,Card,Dine-in,Closed,Franchise
OUT11488,Pizza Hut,Pizza Hut - Ahmedabad 36,Ahmedabad,Gujarat,395001.0,Food Court,Burger,2023-11-14,231.0,14080.22,60.95,3.9,21.0,28.0,44392.58,Card,Takeaway,Renovation,Franchise
OUT11489,Domino'S,Domino's - Puducherry 18,Puducherry,Puducherry,396210.0,Standalone,Donuts,2023-04-14,130.0,15967.15,122.82,4.2,6.0,9.0,53412.71,Card,Takeaway,Closed,Franchise
OUT11490,Dunkin',Dunkin' - Srinagar 33,Srinagar,Jammu And Kashmir,795001.0,Mall,Coffee & Snacks,2025-05-02,142.0,27719.21,195.21,4.1,21.0,20.0,40968.9,Wallet,Takeaway,Renovation,Franchise
OUT11491,Mcdonald'S,McDonald's - Pune 16,Pune,Maharashtra,400001.0,Standalone,Fried Chicken,2023-01-14,139.0,24164.81,173.85,4.5,13.0,20.0,94387.73,UPI,Drive-thru,Closed,Company Owned
OUT11492,Burger King,Burger King - Raipur 14,Raipur,Chhattisgarh,682001.0,High Street,Coffee & Snacks,2023-07-07,103.0,18377.12,178.42,4.0,11.0,13.0,125202.61,Wallet,Delivery,Closed,Company Owned
OUT11493,Dunkin',Dunkin' - Nagpur 20,Nagpur,Maharashtra,440001.0,Mall,Tacos,2024-08-23,10.0,25999.36,2599.94,4.0,9.0,5.0,54408.09,UPI,Delivery,Open,Franchise
OUT11494,Pizzahut,Pizza Hut - Vijayawada 17,Vijayawada,Andhra Pradesh,751001.0,Mall,Donuts,2024-02-16,50.0,30234.27,604.69,3.4,22.0,8.0,38138.97,Cash,Drive-thru,Open,Franchise
OUT11495,Taco Bell,Taco Bell - Srinagar 3,Srinagar,Jammu And Kashmir,834001.0,High Street,Sandwich,2025-12-08,172.0,29432.74,171.12,3.9,28.0,20.0,45304.6,UPI,Dine-in,Open,Franchise
OUT11496,Domino'S,Domino's - Kohima 23,Kohima,Nagaland,800001.0,Mall,Burger,2024-07-27,103.0,22512.54,218.57,3.4,29.0,11.0,138240.51,UPI,Delivery,Open,Company Owned
OUT11497,Starbucks,Starbucks - Chennai 24,Chennai,Tamil Nadu,600001.0,Standalone,Pizza,2024-07-11,130.0,51139.67,393.38,4.1,12.0,21.0,100825.56,UPI,Dine-in,Open,Company Owned
OUT11498,Starbucks,Starbucks - Ranchi 25,Ranchi,Jharkhand,737101.0,Mall,Coffee & Snacks,2025-12-13,199.0,13813.68,69.42,3.4,12.0,13.0,122300.07,Cash,Dine-in,Open,Franchise
OUT11499,Subway,Subway - Daman 1,Daman,Dadra And Nagar Haveli And Daman And Diu,800001.0,High Street,Fried Chicken,2023-01-28,74.0,26832.81,362.61,3.0,23.0,13.0,152081.36,Wallet,Delivery,Closed,Franchise
OUT11500,Dunkin',Dunkin' - Ahmedabad 1,Ahmedabad,Gujarat,395001.0,Drive-Thru,Coffee & Snacks,2023-09-18,157.0,9129.02,58.15,4.2,16.0,25.0,144591.32,Cash,Delivery,Open,Company Owned
OUT11501,Kfc,KFC - Faridabad 36,Faridabad,Haryana,560001.0,Drive-Thru,Donuts,2023-07-12,68.0,20812.19,306.06,4.3,18.0,4.0,79261.06,UPI,Delivery,Open,Franchise
OUT11502,Mcdonald'S,McDonald's - Coimbatore 36,Coimbatore,Tamil Nadu,600001.0,Food Court,Donuts,2025-01-11,136.0,16920.47,124.42,3.8,16.0,14.0,105406.95,UPI,Delivery,Renovation,Franchise
OUT11503,Mcdonald'S,McDonald's - Lucknow 36,Lucknow,Uttar Pradesh,221001.0,Drive-Thru,Tacos,2023-07-31,226.0,15923.09,70.46,3.1,4.0,15.0,63584.92,Card,Drive-thru,Closed,Company Owned
OUT11504,Kfc,KFC - Srinagar 1,Srinagar,Jammu And Kashmir,403001.0,Mall,Pizza,2024-09-17,193.0,28059.58,145.39,3.2,12.0,32.0,85881.86,Wallet,Delivery,Open,Company Owned
OUT11505,Mcdonald'S,McDonald's - Ranchi 38,Ranchi,Jharkhand,396210.0,High Street,Burger,2024-12-25,128.0,31915.45,249.34,2.7,24.0,28.0,73773.11,UPI,Drive-thru,Renovation,Company Owned
OUT11506,Kfc,KFC - Gurugram 27,Gurugram,Haryana,248001.0,Drive-Thru,Sandwich,2024-07-25,60.0,21303.61,355.06,4.8,24.0,21.0,82626.31,Card,Delivery,Closed,Franchise
OUT11507,Starbucks,Starbucks - Hyderabad 24,Hyderabad,Telangana,500001.0,Food Court,Fried Chicken,2024-03-02,193.0,7592.56,39.34,3.8,17.0,32.0,114921.55,UPI,Takeaway,Renovation,Company Owned
OUT11508,Dunkin',Dunkin' - Bhopal 2,Bhopal,Madhya Pradesh,682553.0,Mall,Fried Chicken,2024-09-05,103.0,8728.04,84.74,3.8,24.0,9.0,133898.26,Wallet,Dine-in,Open,Franchise
OUT11509,Taco Bell,Taco Bell - Gangtok 2,Gangtok,Sikkim,462001.0,High Street,Tacos,2025-10-28,71.0,37677.5,530.67,4.0,11.0,18.0,12000.0,UPI,Drive-thru,Open,Franchise
OUT11510,Dunkin',Dunkin' - Surat 15,Surat,Gujarat,395001.0,High Street,Burger,2023-12-03,166.0,8817.42,53.12,4.3,21.0,35.0,26858.91,Wallet,Delivery,Open,Company Owned
OUT11511,Burger King,Burger King - Itanagar 14,Itanagar,Arunachal Pradesh,682001.0,Standalone,Fried Chicken,2024-08-14,185.0,15561.76,84.12,3.9,19.0,15.0,71643.75,Cash,Delivery,Open,Franchise
OUT11512,Starbucks,Starbucks - Lucknow 32,Lucknow,Uttar Pradesh,226001.0,Mall,Fried Chicken,2025-03-26,199.0,7939.48,39.9,3.0,24.0,24.0,142003.09,UPI,Dine-in,Open,Company Owned
OUT11513,Burger King,Burger King - Leh 14,Leh,Ladakh,834001.0,Food Court,Burger,2025-08-15,62.0,18068.33,291.42,5.0,4.0,3.0,133525.67,Card,Drive-thru,Open,Franchise
OUT11514,Domino'S,Domino's - Agartala 14,Agartala,Tripura,800001.0,Standalone,Tacos,2023-05-31,234.0,11829.78,50.55,3.4,11.0,24.0,161381.52,Card,Delivery,Open,Company Owned
OUT11515,Burger King,Burger King - Ranchi 10,Ranchi,Jharkhand,403001.0,Drive-Thru,Fried Chicken,2025-07-02,120.0,13318.72,110.99,5.0,21.0,22.0,142540.71,Cash,Takeaway,Open,Franchise
OUT11516,Starbucks,Starbucks - Nashik 37,Nashik,Maharashtra,400001.0,Drive-Thru,Burger,2025-02-07,93.0,8165.1,87.8,4.2,18.0,33.0,77224.49,Wallet,Dine-in,Open,Company Owned
OUT11517,Mcdonald'S,McDonald's - Patna 2,Patna,Bihar,462001.0,Food Court,Burger,2025-05-21,253.0,14699.65,58.1,4.3,26.0,20.0,76789.2,Card,Drive-thru,Renovation,Franchise
OUT11518,Dunkin',Dunkin' - Gurugram 19,Gurugram,Haryana,834001.0,Food Court,Tacos,2024-09-23,164.0,14196.3,86.56,3.3,22.0,28.0,56293.55,Cash,Delivery,Renovation,Company Owned
OUT11519,Subway,Subway - Guwahati 13,Guwahati,Assam,795001.0,Drive-Thru,Tacos,2025-02-18,117.0,3413.55,29.18,2.9,21.0,21.0,63454.51,Cash,Dine-in,Open,Franchise
OUT11520,Dunkin',Dunkin' - Shillong 33,Shillong,Meghalaya,171001.0,Drive-Thru,Donuts,2023-06-25,101.0,5029.8,49.8,4.8,22.0,6.0,132191.69,UPI,Delivery,Open,Franchise
OUT11521,Subway,Subway - New Delhi 34,New Delhi,Delhi,110025.0,Drive-Thru,Burger,2023-03-19,119.0,27619.1,232.09,3.2,5.0,14.0,119045.24,Wallet,Drive-thru,Open,Company Owned
OUT11522,Subway,Subway - Nashik 25,Nashik,Maharashtra,422001.0,Standalone,Sandwich,2023-04-11,184.0,25151.03,136.69,4.1,25.0,33.0,88249.22,Wallet,Drive-thru,Renovation,Franchise
OUT11523,Taco Bell,Taco Bell - Kochi 14,Kochi,Kerala,834001.0,Drive-Thru,Pizza,2024-10-13,141.0,28349.8,201.06,3.8,29.0,6.0,124665.86,Wallet,Takeaway,Open,Franchise
OUT11524,Pizza Hut,Pizza Hut - Amritsar 38,Amritsar,Punjab,141001.0,Drive-Thru,Sandwich,2024-12-04,132.0,18526.34,140.35,3.6,29.0,23.0,83943.47,Wallet,Dine-in,Closed,Franchise
OUT11525,Taco Bell,Taco Bell - New Delhi 16,New Delhi,Delhi,110025.0,Drive-Thru,Sandwich,2023-06-27,176.0,17486.96,99.36,4.0,7.0,8.0,109601.39,UPI,Drive-thru,Open,Franchise
OUT11526,Wendy'S,Wendy's - Jammu 26,Jammu,Jammu And Kashmir,492001.0,High Street,Pizza,2025-05-07,164.0,14542.19,88.67,4.3,23.0,24.0,93906.7,UPI,Delivery,Open,Franchise
OUT11527,Burger King,Burger King - Imphal 9,Imphal,Manipur,171001.0,High Street,Burger,2023-02-16,87.0,23959.97,275.4,3.7,20.0,10.0,107738.68,Wallet,Drive-thru,Renovation,Franchise
OUT11528,Starbucks,Starbucks - Ahmedabad 39,Ahmedabad,Gujarat,395001.0,Drive-Thru,Donuts,2023-12-06,82.0,10705.89,130.56,4.3,28.0,3.0,158175.38,Card,Dine-in,Open,Company Owned
OUT11529,Starbucks,Starbucks - Mysuru 18,Mysuru,Karnataka,570001.0,Drive-Thru,Burger,2025-07-08,106.0,28020.27,264.34,3.6,6.0,22.0,89627.33,Card,Takeaway,Open,Company Owned
OUT11530,Kfc,KFC - Guwahati 27,Guwahati,Assam,834001.0,High Street,Sandwich,2023-11-24,183.0,19345.64,105.71,3.6,22.0,5.0,82897.23,Cash,Delivery,Open,Franchise
OUT11531,Burger King,Burger King - Aizawl 10,Aizawl,Mizoram,797001.0,Standalone,Coffee & Snacks,2025-01-29,272.0,5215.84,19.18,5.0,27.0,23.0,125483.42,Wallet,Drive-thru,Open,Company Owned
OUT11532,Dunkin',Dunkin' - Bhubaneswar 22,Bhubaneswar,Odisha,171001.0,Food Court,Sandwich,2024-01-28,214.0,20710.44,96.78,2.9,11.0,13.0,78307.18,UPI,Takeaway,Closed,Company Owned
OUT11533,Subway,Subway - Ludhiana 40,Ludhiana,Punjab,143001.0,High Street,Burger,2023-07-08,52.0,27364.07,526.23,3.7,15.0,12.0,128400.89,UPI,Dine-in,Renovation,Company Owned
OUT11534,Subway,Subway - Itanagar 7,Itanagar,Arunachal Pradesh,492001.0,Food Court,Coffee & Snacks,2025-10-30,169.0,19757.24,116.91,3.7,10.0,13.0,128774.58,Cash,Takeaway,Open,Company Owned
OUT11535,Mc Donalds,McDonald's - Leh 27,Leh,Ladakh,682553.0,Drive-Thru,Burger,2025-09-25,194.0,22552.46,116.25,3.3,13.0,24.0,53322.19,Cash,Dine-in,Renovation,Franchise
OUT11536,Mcdonald'S,McDonald's - Kavaratti 30,Kavaratti,Lakshadweep,682001.0,Mall,Tacos,2025-10-02,251.0,19265.5,76.75,4.2,21.0,26.0,93142.76,Wallet,Takeaway,Open,Franchise
OUT11537,Wendy'S,Wendy's - Visakhapatnam 1,Visakhapatnam,Andhra Pradesh,682553.0,Mall,Donuts,2024-06-06,135.0,8238.07,61.02,5.0,14.0,32.0,109241.6,UPI,Dine-in,Open,Franchise
OUT11538,Starbucks,Starbucks - Patna 23,Patna,Bihar,744101.0,Drive-Thru,Pizza,2025-08-25,190.0,25882.2,136.22,4.3,30.0,22.0,65507.22,Wallet,Drive-thru,Open,Company Owned
OUT11539,Mcdonald'S,McDonald's - Bengaluru 4,Bengaluru,Karnataka,560001.0,Mall,Sandwich,2023-10-16,182.0,26224.84,144.09,4.0,9.0,16.0,93647.09,Card,Dine-in,Renovation,Company Owned
OUT11540,Mcdonald'S,McDonald's - Dehradun 4,Dehradun,Uttarakhand,248001.0,Standalone,Pizza,2025-01-20,163.0,19086.8,117.1,3.6,11.0,7.0,32266.35,Wallet,Takeaway,Open,Company Owned
OUT11541,Burger King,Burger King - Puducherry 40,Puducherry,Puducherry,797001.0,High Street,Burger,2024-02-08,204.0,17339.4,85.0,3.7,25.0,13.0,74432.36,Cash,Dine-in,Open,Franchise
OUT11542,Taco Bell,Taco Bell - Bengaluru 35,Bengaluru,Karnataka,570001.0,Drive-Thru,Fried Chicken,2025-01-03,170.0,15616.03,91.86,3.8,7.0,13.0,49361.73,UPI,Drive-thru,Renovation,Franchise
OUT11543,Domino'S,Domino's - Kochi 39,Kochi,Kerala,797001.0,Food Court,Tacos,2023-02-15,178.0,23749.47,133.42,3.4,15.0,13.0,136768.32,Card,Takeaway,Open,Franchise
OUT11544,Pizza Hut,Pizza Hut - Gurugram 22,Gurugram,Haryana,795001.0,Standalone,Fried Chicken,2024-04-29,145.0,17191.4,118.56,4.1,28.0,24.0,66323.18,Card,Takeaway,Open,Company Owned
OUT11545,Starbucks,Starbucks - Varanasi 26,Varanasi,Uttar Pradesh,226001.0,High Street,Sandwich,2025-12-22,245.0,21769.8,88.86,4.0,22.0,25.0,36738.52,UPI,Drive-thru,Open,Franchise
OUT11546,Dunkin',Dunkin' - Mysuru 38,Mysuru,Karnataka,560001.0,Standalone,Donuts,2025-08-05,150.0,2490.51,16.6,3.2,21.0,19.0,74103.25,UPI,Dine-in,Open,Company Owned
OUT11547,Taco Bell,Taco Bell - Patna 4,Patna,Bihar,248001.0,High Street,Tacos,2025-05-15,76.0,18676.07,245.74,4.6,10.0,19.0,82623.0,Cash,Delivery,Renovation,Company Owned
OUT11548,Mcdonald'S,McDonald's - Ludhiana 4,Ludhiana,Punjab,143001.0,Drive-Thru,Burger,2024-05-10,121.0,21594.97,178.47,4.5,6.0,29.0,116663.1,Wallet,Dine-in,Open,Franchise
OUT11549,Wendy'S,Wendy's - Port Blair 1,Port Blair,Andaman And Nicobar Islands,800001.0,Food Court,Burger,2025-05-17,197.0,19487.58,98.92,3.7,26.0,7.0,77748.02,Wallet,Takeaway,Open,Franchise
OUT11550,Starbucks,Starbucks - Ahmedabad 22,Ahmedabad,Gujarat,395001.0,Mall,Pizza,2024-04-13,175.0,18153.1,103.73,4.0,27.0,14.0,140925.97,Wallet,Dine-in,Open,Company Owned
OUT11551,Taco Bell,Taco Bell - Panaji 10,Panaji,Goa,799001.0,Drive-Thru,Coffee & Snacks,2025-05-22,105.0,22914.51,218.23,3.9,4.0,5.0,71529.48,UPI,Drive-thru,Open,Franchise
OUT11552,Starbucks,Starbucks - Kolkata 37,Kolkata,West Bengal,700001.0,Mall,Sandwich,2023-10-20,138.0,28221.34,204.5,4.0,6.0,34.0,41012.38,Card,Delivery,Open,Franchise
OUT11553,Wendy'S,Wendy's - Itanagar 34,Itanagar,Arunachal Pradesh,795001.0,Standalone,Fried Chicken,2025-02-07,37.0,16519.13,446.46,4.6,20.0,28.0,56013.29,Cash,Takeaway,Open,Franchise
OUT11554,Taco Bell,Taco Bell - Thiruvananthapuram 13,Thiruvananthapuram,Kerala,800001.0,Drive-Thru,Donuts,2025-03-28,166.0,23698.59,142.76,3.3,21.0,32.0,119454.47,Wallet,Dine-in,Closed,Franchise
OUT11555,Wendy'S,Wendy's - Kohima 38,Kohima,Nagaland,171001.0,Standalone,Tacos,2025-02-13,197.0,21194.67,107.59,4.0,13.0,28.0,143264.81,Wallet,Dine-in,Open,Franchise
OUT11556,Burger King,Burger King - Visakhapatnam 10,Visakhapatnam,Andhra Pradesh,396210.0,Standalone,Donuts,2025-11-09,124.0,9645.78,77.79,3.8,16.0,26.0,92876.8,UPI,Dine-in,Open,Company Owned
OUT11557,Burger King,Burger King - Thane 3,Thane,Maharashtra,560001.0,High Street,Sandwich,2024-01-06,203.0,16970.04,83.6,4.7,8.0,16.0,49873.31,Card,Dine-in,Closed,Franchise
OUT11558,Kfc,KFC - Chennai 32,Chennai,Tamil Nadu,600001.0,Mall,Tacos,2023-01-28,174.0,22589.09,129.82,4.3,17.0,14.0,93163.58,Wallet,Drive-thru,Open,Franchise
OUT11559,Kfc,KFC - Udaipur 13,Udaipur,Rajasthan,302001.0,Standalone,Sandwich,2024-02-12,1500.0,750000.0,132.73,3.5,17.0,11.0,124477.03,Cash,Drive-thru,Open,Company Owned
OUT11560,Kfc,KFC - Kochi 33,Kochi,Kerala,800001.0,Standalone,Tacos,2024-11-01,108.0,2884.8,26.71,4.0,28.0,4.0,92029.19,Wallet,Dine-in,Open,Company Owned
OUT11561,Wendy'S,Wendy's - Kohima 36,Kohima,Nagaland,800001.0,Food Court,Donuts,2024-09-24,151.0,15129.03,100.19,4.3,25.0,3.0,95765.23,Card,Delivery,Closed,Company Owned
OUT11562,Starbucks,Starbucks - Chandigarh 16,Chandigarh,Chandigarh,744101.0,Standalone,Burger,2023-10-08,143.0,18197.5,127.26,2.9,20.0,15.0,126443.8,Unknown,Takeaway,Open,Company Owned
OUT11563,Kfc,KFC - Visakhapatnam 16,Visakhapatnam,Andhra Pradesh,682553.0,Mall,Burger,2023-03-09,76.0,13878.79,182.62,4.2,7.0,16.0,139258.72,UPI,Takeaway,Open,Company Owned
OUT11564,Taco Bell,Taco Bell - Coimbatore 38,Coimbatore,Tamil Nadu,600001.0,Mall,Fried Chicken,2023-11-26,128.0,11649.58,91.01,3.7,28.0,7.0,125378.71,Cash,Drive-thru,Open,Franchise
OUT11565,Burger King,Burger King - Chandigarh 32,Chandigarh,Chandigarh,744101.0,Standalone,Coffee & Snacks,2025-04-20,128.0,21477.15,167.79,4.0,10.0,33.0,109311.72,UPI,Drive-thru,Open,Franchise
OUT11566,Wendy'S,Wendy's - Lucknow 23,Lucknow,Uttar Pradesh,226001.0,High Street,Pizza,2025-06-22,134.0,26770.67,199.78,3.6,20.0,32.0,43526.79,UPI,Drive-thru,Open,Company Owned
OUT11567,Wendy'S,Wendy's - Faridabad 18,Faridabad,Haryana,682553.0,Mall,Sandwich,2025-08-25,194.0,28727.2,148.08,3.7,5.0,22.0,128479.03,Wallet,Dine-in,Open,Franchise
OUT11568,Domino'S,Domino's - Itanagar 12,Itanagar,Arunachal Pradesh,682553.0,Mall,Pizza,2024-10-22,257.0,14228.17,55.36,3.4,22.0,23.0,65610.9,Cash,Delivery,Open,Franchise
OUT11569,Mcdonald'S,McDonald's - Imphal 27,Imphal,Manipur,403001.0,High Street,Fried Chicken,2024-09-11,183.0,20654.47,112.87,3.6,15.0,6.0,12000.0,Card,Delivery,Renovation,Franchise
OUT11570,Starbucks,Starbucks - Agartala 24,Agartala,Tripura,800001.0,High Street,Burger,2025-12-02,143.0,20957.95,146.56,3.3,15.0,14.0,31558.23,UPI,Dine-in,Renovation,Franchise
OUT11571,Taco Bell,Taco Bell - Chennai 13,Chennai,Tamil Nadu,600001.0,High Street,Coffee & Snacks,2025-03-08,162.0,27804.52,171.63,4.4,30.0,24.0,75193.72,Cash,Drive-thru,Open,Franchise
OUT11572,Dunkin',Dunkin' - Udaipur 32,Udaipur,Rajasthan,313001.0,Food Court,Fried Chicken,2025-02-22,157.0,8999.12,57.32,4.6,12.0,9.0,87030.06,Wallet,Takeaway,Open,Company Owned
OUT11573,Subway,Subway - Port Blair 22,Port Blair,Andaman And Nicobar Islands,751001.0,Standalone,Coffee & Snacks,2025-03-21,105.0,22609.68,215.33,4.6,17.0,20.0,90498.25,Card,Dine-in,Renovation,Company Owned
OUT11574,Burger King,Burger King - Puducherry 23,Puducherry,Puducherry,796001.0,Drive-Thru,Pizza,2023-05-29,116.0,35500.58,306.04,4.2,25.0,19.0,69667.76,Card,Drive-thru,Closed,Franchise
OUT11575,Domino'S,Domino's - Vijayawada 12,Vijayawada,Andhra Pradesh,793001.0,Food Court,Tacos,2025-01-05,165.0,15150.11,91.82,3.1,20.0,34.0,47190.48,Cash,Takeaway,Open,Franchise
OUT11576,Wendy'S,Wendy's - Amritsar 26,Amritsar,Punjab,143001.0,Food Court,Coffee & Snacks,2025-09-04,187.0,7996.29,42.76,4.1,20.0,14.0,98814.76,Card,Dine-in,Open,Company Owned
OUT11577,Kfc,KFC - Nagpur 3,Nagpur,Maharashtra,440001.0,Drive-Thru,Pizza,2024-08-17,156.0,35641.18,228.47,4.2,4.0,29.0,73049.38,Cash,Drive-thru,Open,Company Owned
OUT11578,Mcdonald'S,McDonald's - Guwahati 33,Guwahati,Assam,682553.0,Mall,Donuts,2023-09-19,214.0,17730.11,82.85,4.0,23.0,23.0,100956.85,UPI,Dine-in,Open,Company Owned
OUT11579,Burger King,Burger King - Shillong 27,Shillong,Meghalaya,797001.0,Standalone,Coffee & Snacks,2025-09-08,137.0,11873.81,86.67,3.6,16.0,12.0,103756.48,Card,Delivery,Open,Company Owned
OUT11580,Domino'S,Domino's - Nagpur 38,Nagpur,Maharashtra,400001.0,Mall,Sandwich,2023-11-24,107.0,17044.64,159.3,3.5,18.0,28.0,148398.58,UPI,Delivery,Open,Franchise
OUT11581,Pizza Hut,Pizza Hut - Jaipur 2,Jaipur,Rajasthan,302001.0,High Street,Donuts,2025-09-02,57.0,24066.76,422.22,3.8,23.0,10.0,60902.42,Wallet,Takeaway,Closed,Company Owned
OUT11582,Dunkin',Dunkin' - Varanasi 22,Varanasi,Uttar Pradesh,226001.0,Mall,Donuts,2024-06-15,155.0,10830.87,69.88,4.5,12.0,7.0,88081.52,UPI,Drive-thru,Closed,Company Owned
OUT11583,Mcdonald'S,McDonald's - Puducherry 38,Puducherry,Puducherry,781001.0,Mall,Donuts,2023-05-19,113.0,11951.87,105.77,3.5,27.0,5.0,48375.21,Card,Dine-in,Closed,Company Owned
OUT11584,Kfc,KFC - Dehradun 3,Dehradun,Uttarakhand,796001.0,High Street,Coffee & Snacks,2024-08-02,146.0,20305.77,139.08,3.4,16.0,14.0,52409.58,UPI,Drive-thru,Open,Franchise
OUT11585,Wendy'S,Wendy's - Jaipur 38,Jaipur,Rajasthan,313001.0,Drive-Thru,Tacos,2024-10-21,136.0,13838.88,101.76,3.3,30.0,29.0,142180.77,Cash,Takeaway,Open,Company Owned
OUT11586,Taco Bell,Taco Bell - Kochi 7,Kochi,Kerala,248001.0,Food Court,Pizza,2024-07-15,188.0,6244.23,33.21,4.5,10.0,16.0,94804.44,UPI,Takeaway,Closed,Company Owned
OUT11587,Dunkin',Dunkin' - Vijayawada 13,Vijayawada,Andhra Pradesh,834001.0,High Street,Fried Chicken,2024-06-07,83.0,23123.1,278.59,3.0,19.0,31.0,33588.57,Wallet,Drive-thru,Open,Franchise
OUT11588,Kfc,KFC - Kolkata 11,Kolkata,West Bengal,700091.0,Drive-Thru,Burger,2023-04-19,182.0,12832.12,70.51,4.1,6.0,9.0,67057.64,Wallet,Dine-in,Open,Company Owned
OUT11589,Kfc,KFC - Puducherry 14,Puducherry,Puducherry,248001.0,Drive-Thru,Sandwich,2025-09-14,108.0,21873.24,202.53,3.9,14.0,20.0,76998.02,Card,Takeaway,Closed,Company Owned
OUT11590,Starbucks,Starbucks - Itanagar 33,Itanagar,Arunachal Pradesh,462001.0,Standalone,Sandwich,2025-04-02,144.0,32547.36,226.02,4.3,20.0,32.0,132634.89,UPI,Delivery,Open,Franchise
OUT11591,Wendy'S,Wendy's - Pune 30,Pune,Maharashtra,400601.0,High Street,Sandwich,2025-08-03,139.0,28714.57,206.58,4.2,21.0,4.0,88832.35,Cash,Takeaway,Open,Franchise
OUT11592,Burger King,Burger King - Gangtok 7,Gangtok,Sikkim,751001.0,Food Court,Coffee & Snacks,2025-08-07,215.0,10211.92,47.5,4.3,7.0,7.0,79178.49,Card,Takeaway,Renovation,Franchise
OUT11593,Pizza Hut,Pizza Hut - Kolkata 22,Kolkata,West Bengal,700091.0,High Street,Donuts,2024-06-21,188.0,14212.12,75.6,3.3,26.0,35.0,52751.99,Cash,Takeaway,Closed,Company Owned
OUT11594,Starbucks,Starbucks - Ranchi 23,Ranchi,Jharkhand,171001.0,Drive-Thru,Sandwich,2023-07-26,90.0,6448.96,71.66,3.4,16.0,18.0,53816.18,Cash,Drive-thru,Open,Company Owned
OUT11595,Wendy'S,Wendy's - Port Blair 12,Port Blair,Andaman And Nicobar Islands,799001.0,Mall,Tacos,2023-08-10,128.0,28495.98,222.62,4.5,26.0,29.0,62834.82,UPI,Dine-in,Closed,Franchise
OUT11596,Starbucks,Starbucks - Itanagar 32,Itanagar,Arunachal Pradesh,781001.0,Drive-Thru,Donuts,2023-08-04,132.0,10659.03,80.75,5.0,28.0,7.0,138322.35,Card,Delivery,Open,Franchise
OUT11597,Dunkin',Dunkin' - Chandigarh 26,Chandigarh,Chandigarh,403001.0,Standalone,Donuts,2024-04-20,148.0,8755.11,59.16,2.3,16.0,11.0,55636.21,Wallet,Dine-in,Renovation,Company Owned
OUT11598,Taco Bell,Taco Bell - Bengaluru 17,Bengaluru,Karnataka,560001.0,Standalone,Fried Chicken,2024-10-06,126.0,15510.61,123.1,4.2,22.0,10.0,145714.54,Cash,Dine-in,Renovation,Company Owned
OUT11599,Kfc,KFC - New Delhi 33,New Delhi,Delhi,110025.0,Drive-Thru,Sandwich,2024-02-23,122.0,14745.69,120.87,3.8,9.0,2.0,85711.87,Cash,Delivery,Open,Franchise
OUT11600,Wendy'S,Wendy's - Leh 29,Leh,Ladakh,795001.0,Drive-Thru,Burger,2024-01-03,173.0,24435.03,141.24,4.2,25.0,8.0,67113.1,Card,Dine-in,Renovation,Company Owned
OUT11601,Taco Bell,Taco Bell - Vijayawada 2,Vijayawada,Andhra Pradesh,737101.0,High Street,Coffee & Snacks,2024-06-26,136.0,28858.93,212.2,4.9,23.0,34.0,36300.36,Wallet,Delivery,Open,Franchise
OUT11602,Pizza Hut,Pizza Hut - Panaji 24,Panaji,Goa,799001.0,Drive-Thru,Tacos,2025-02-23,121.0,20356.11,168.23,4.2,6.0,33.0,89261.76,UPI,Takeaway,Open,Franchise
OUT11603,Pizza Hut,Pizza Hut - Jammu 7,Jammu,Jammu And Kashmir,800001.0,Drive-Thru,Fried Chicken,2023-02-28,131.0,15949.53,121.75,3.8,20.0,34.0,63567.49,Cash,Drive-thru,Open,Franchise
OUT11604,Wendy'S,Wendy's - Nagpur 17,Nagpur,Maharashtra,400001.0,High Street,Pizza,2023-04-07,115.0,16490.81,143.4,4.2,7.0,14.0,44419.67,Card,Delivery,Closed,Franchise
OUT11605,Dunkin',Dunkin' - Vijayawada 9,Vijayawada,Andhra Pradesh,751001.0,Standalone,Tacos,2024-05-13,141.0,22767.8,161.47,3.5,19.0,25.0,108042.73,Card,Delivery,Renovation,Franchise
OUT11606,Burger King,Burger King - Guwahati 34,Guwahati,Assam,796001.0,Standalone,Coffee & Snacks,2023-07-14,207.0,26056.96,125.88,3.2,7.0,26.0,116817.16,Card,Drive-thru,Renovation,Company Owned
OUT11607,Pizza Hut,Pizza Hut - Daman 9,Daman,Dadra And Nagar Haveli And Daman And Diu,737101.0,Mall,Burger,2023-11-04,214.0,18740.33,87.57,4.1,6.0,22.0,104577.39,Cash,Takeaway,Closed,Franchise
OUT11608,Dunkin',Dunkin' - Ahmedabad 6,Ahmedabad,Gujarat,395001.0,Drive-Thru,Pizza,2025-02-09,159.0,5777.91,36.34,4.4,19.0,11.0,110370.12,Cash,Dine-in,Open,Company Owned
OUT11609,Kfc,KFC - Udaipur 32,Udaipur,Rajasthan,313001.0,High Street,Coffee & Snacks,2025-02-16,109.0,15113.22,138.65,3.6,12.0,14.0,71960.9,Cash,Takeaway,Open,Franchise
OUT11610,Mcdonald'S,McDonald's - Thiruvananthapuram 10,Thiruvananthapuram,Kerala,800001.0,Food Court,Fried Chicken,2024-02-26,239.0,24400.77,102.1,4.0,27.0,9.0,79883.66,UPI,Drive-thru,Open,Franchise
OUT11611,Subway,Subway - Udaipur 2,Udaipur,Rajasthan,302001.0,Standalone,Sandwich,2025-10-27,235.0,22240.78,94.64,3.1,27.0,3.0,125709.19,Card,Delivery,Open,Franchise
OUT11612,Burger King,Burger King - Hyderabad 16,Hyderabad,Telangana,500032.0,Standalone,Sandwich,2024-12-05,134.0,10276.15,76.69,4.0,13.0,30.0,102836.8,Cash,Delivery,Renovation,Franchise
OUT11613,Starbucks,Starbucks - Patna 4,Patna,Bihar,737101.0,Food Court,Sandwich,2025-05-04,178.0,16968.14,95.33,3.2,9.0,18.0,34894.82,Card,Drive-thru,Open,Franchise
OUT11614,Dunkin',Dunkin' - Guwahati 6,Guwahati,Assam,744101.0,Mall,Burger,2025-09-10,96.0,26678.17,277.9,4.0,4.0,33.0,37699.32,UPI,Dine-in,Open,Company Owned
OUT11615,Pizza Hut,Pizza Hut - Varanasi 21,Varanasi,Uttar Pradesh,221001.0,Food Court,Sandwich,2025-08-30,153.0,23322.14,152.43,4.5,21.0,29.0,28367.54,Wallet,Takeaway,Closed,Company Owned
OUT11616,Dunkin',Dunkin' - Thiruvananthapuram 24,Thiruvananthapuram,Kerala,396210.0,Standalone,Pizza,2024-06-28,93.0,16331.49,175.61,3.4,25.0,3.0,74042.27,Cash,Takeaway,Closed,Franchise
OUT11617,Subway,Subway - Noida 13,Noida,Uttar Pradesh,221001.0,Standalone,Pizza,2023-12-29,166.0,16031.07,96.57,4.1,22.0,8.0,105367.97,Wallet,Drive-thru,Open,Company Owned
OUT11618,Domino'S,Domino's - Ahmedabad 24,Ahmedabad,Gujarat,395001.0,High Street,Fried Chicken,2023-02-13,216.0,9404.45,43.54,4.4,27.0,33.0,74886.41,Wallet,Takeaway,Open,Franchise
OUT11619,Mcdonald'S,McDonald's - Hyderabad 4,Hyderabad,Telangana,500001.0,Mall,Pizza,2025-01-14,196.0,12382.77,63.18,3.9,22.0,12.0,124463.25,Wallet,Delivery,Open,Company Owned
OUT11620,Burger King,Burger King - Mysuru 19,Mysuru,Karnataka,560001.0,Mall,Tacos,2023-06-15,124.0,24052.56,193.97,5.0,15.0,23.0,81323.4,UPI,Drive-thru,Open,Company Owned
OUT11621,Burger King,Burger King - Jammu 18,Jammu,Jammu And Kashmir,462001.0,Drive-Thru,Sandwich,2023-06-21,47.0,3183.72,67.74,3.9,10.0,13.0,75144.97,Cash,Delivery,Closed,Franchise
OUT11622,Dunkin',Dunkin' - Shimla 10,Shimla,Himachal Pradesh,744101.0,Standalone,Sandwich,2023-01-18,205.0,8905.91,43.44,4.4,27.0,33.0,103804.49,UPI,Delivery,Open,Company Owned
OUT11623,Wendy'S,Wendy's - Noida 29,Noida,Uttar Pradesh,221001.0,Mall,Pizza,2023-10-06,179.0,23186.32,129.53,4.3,23.0,18.0,55847.28,Wallet,Delivery,Closed,Company Owned
OUT11624,Starbucks,Starbucks - Thiruvananthapuram 34,Thiruvananthapuram,Kerala,248001.0,Standalone,Sandwich,2024-04-17,235.0,4370.22,18.6,4.1,10.0,16.0,84739.32,UPI,Drive-thru,Closed,Company Owned
OUT11625,Kfc,KFC - Ahmedabad 33,Ahmedabad,Gujarat,395001.0,Mall,Sandwich,2025-03-15,143.0,33588.55,234.88,3.8,15.0,30.0,90003.6,Card,Takeaway,Closed,Company Owned
OUT11626,Starbucks,Starbucks - New Delhi 27,New Delhi,Delhi,110025.0,High Street,Tacos,2023-05-08,156.0,8822.92,56.56,3.8,19.0,25.0,90498.25,Card,Delivery,Renovation,Company Owned
OUT11627,Subway,Subway - Gurugram 17,Gurugram,Haryana,796001.0,Food Court,Donuts,2024-01-17,80.0,29700.4,371.25,3.5,9.0,5.0,61386.43,Card,Delivery,Renovation,Franchise
OUT11628,Subway,Subway - Patna 33,Patna,Bihar,799001.0,High Street,Donuts,2023-07-12,98.0,16308.55,166.41,4.6,5.0,23.0,65254.22,UPI,Delivery,Open,Franchise
OUT11629,Subway,Subway - Bengaluru 8,Bengaluru,Karnataka,570001.0,Standalone,Coffee & Snacks,2023-06-10,211.0,30267.04,143.45,4.1,18.0,27.0,124900.13,Cash,Takeaway,Renovation,Franchise
OUT11630,Pizza Hut,Pizza Hut - Srinagar 5,Srinagar,Jammu And Kashmir,462001.0,Mall,Pizza,2025-03-02,145.0,11693.13,80.64,4.3,29.0,30.0,69656.67,Card,Delivery,Open,Company Owned
OUT11631,Kfc,KFC - Faridabad 18,Faridabad,Haryana,492001.0,Food Court,Tacos,2024-03-15,134.0,16419.17,122.53,4.6,21.0,21.0,138042.63,UPI,Delivery,Renovation,Franchise
OUT11632,Burger King,Burger King - Chennai 23,Chennai,Tamil Nadu,641001.0,Standalone,Burger,2023-07-31,250.0,11525.74,46.1,4.5,19.0,18.0,90498.25,UPI,Dine-in,Open,Franchise
OUT11633,Pizza Hut,Pizza Hut - Amritsar 21,Amritsar,Punjab,143001.0,Standalone,Tacos,2023-05-21,125.0,14617.75,116.94,3.5,28.0,34.0,87063.24,Cash,Drive-thru,Open,Company Owned
OUT11634,Dunkin',Dunkin' - Ranchi 5,Ranchi,Jharkhand,800001.0,Drive-Thru,Coffee & Snacks,2023-10-28,149.0,18685.92,125.41,4.1,30.0,31.0,66438.49,Card,Takeaway,Open,Franchise
OUT11635,Domino'S,Domino's - Jaipur 1,Jaipur,Rajasthan,302001.0,Drive-Thru,Coffee & Snacks,2023-08-15,170.0,22152.91,130.31,4.2,9.0,31.0,139919.13,UPI,Drive-thru,Renovation,Company Owned
OUT11636,Domino'S,Domino's - Visakhapatnam 24,Visakhapatnam,Andhra Pradesh,171001.0,Drive-Thru,Coffee & Snacks,2025-03-12,188.0,29080.94,154.69,4.6,9.0,33.0,49087.2,Wallet,Delivery,Open,Company Owned
OUT11637,Starbucks,Starbucks - Vijayawada 15,Vijayawada,Andhra Pradesh,737101.0,Food Court,Donuts,2024-10-25,95.0,15842.8,166.77,3.9,15.0,23.0,44801.18,Cash,Delivery,Open,Company Owned
OUT11638,Wendy'S,Wendy's - Imphal 5,Imphal,Manipur,682553.0,High Street,Donuts,2024-11-11,123.0,27999.21,227.64,3.7,21.0,34.0,82941.71,Card,Delivery,Renovation,Company Owned
OUT11639,Burger King,Burger King - Ludhiana 26,Ludhiana,Punjab,143001.0,High Street,Fried Chicken,2023-10-24,82.0,22826.91,278.38,3.8,30.0,20.0,107148.1,UPI,Drive-thru,Open,Company Owned
OUT11640,Taco Bell,Taco Bell - Chennai 3,Chennai,Tamil Nadu,600001.0,Food Court,Tacos,2023-05-22,113.0,19592.32,173.38,3.8,16.0,12.0,97793.32,Wallet,Dine-in,Open,Company Owned
OUT11641,Taco Bell,Taco Bell - Puducherry 2,Puducherry,Puducherry,396210.0,Standalone,Donuts,2024-08-04,166.0,16572.0,99.83,4.9,15.0,11.0,85521.54,UPI,Dine-in,Open,Company Owned
OUT11642,Domino'S,Domino's - Nagpur 31,Nagpur,Maharashtra,400001.0,Food Court,Fried Chicken,2025-07-16,114.0,22487.08,197.26,3.6,15.0,15.0,121203.73,Wallet,Takeaway,Open,Franchise
OUT11643,Wendy'S,Wendy's - Raipur 32,Raipur,Chhattisgarh,795001.0,Drive-Thru,Burger,2024-04-23,135.0,13156.91,97.46,4.1,8.0,18.0,117686.74,UPI,Delivery,Open,Company Owned
OUT11644,Domino'S,Domino's - Chennai 16,Chennai,Tamil Nadu,600001.0,Standalone,Pizza,2025-05-26,185.0,21264.74,114.94,4.9,21.0,4.0,82473.05,Cash,Dine-in,Renovation,Company Owned
OUT11645,Mcdonald'S,McDonald's - Coimbatore 4,Coimbatore,Tamil Nadu,641001.0,Standalone,Donuts,2025-05-20,137.0,30505.12,222.67,3.7,28.0,5.0,118644.24,UPI,Takeaway,Open,Franchise
OUT11646,Pizzahut,Pizza Hut - Jammu 3,Jammu,Jammu And Kashmir,403001.0,High Street,Burger,2023-04-07,191.0,9725.53,50.92,4.3,16.0,17.0,60980.29,UPI,Takeaway,Closed,Franchise
OUT11647,Mcdonald'S,McDonald's - Vijayawada 24,Vijayawada,Andhra Pradesh,682553.0,Food Court,Burger,2023-12-17,147.0,15437.28,105.02,3.6,23.0,29.0,64050.9,UPI,Delivery,Open,Franchise
OUT11648,Domino'S,Domino's - Bhopal 32,Bhopal,Madhya Pradesh,682553.0,Drive-Thru,Tacos,2025-05-18,120.0,20974.6,174.79,3.9,15.0,5.0,82729.4,UPI,Takeaway,Renovation,Franchise
OUT11649,Wendy'S,Wendy's - Puducherry 26,Puducherry,Puducherry,744101.0,Standalone,Donuts,2024-12-12,218.0,17727.99,81.32,3.2,23.0,7.0,133924.67,Card,Takeaway,Renovation,Franchise
OUT11650,Starbucks,Starbucks - Guwahati 33,Guwahati,Assam,797001.0,Drive-Thru,Donuts,2025-11-13,142.0,10897.53,76.74,3.6,23.0,29.0,64755.38,Card,Dine-in,Open,Franchise
OUT11651,Mcdonald'S,McDonald's - Gangtok 1,Gangtok,Sikkim,682001.0,Mall,Sandwich,2024-02-06,223.0,23278.62,104.39,4.3,12.0,21.0,116670.17,Wallet,Drive-thru,Renovation,Franchise
OUT11652,Burger King,Burger King - Hyderabad 32,Hyderabad,Telangana,500001.0,Standalone,Coffee & Snacks,2024-02-22,117.0,17695.49,151.24,2.9,14.0,12.0,79354.47,Card,Delivery,Open,Company Owned
OUT11653,Kfc,KFC - Guwahati 1,Guwahati,Assam,793001.0,High Street,Donuts,2024-05-17,110.0,20040.83,182.19,3.7,8.0,12.0,74607.47,UPI,Dine-in,Open,Company Owned
OUT11654,Domino'S,Domino's - Shimla 6,Shimla,Himachal Pradesh,744101.0,Drive-Thru,Coffee & Snacks,2023-11-26,160.0,14123.65,88.27,3.0,18.0,17.0,155487.35,Card,Takeaway,Open,Franchise
OUT11655,Dunkin',Dunkin' - Port Blair 15,Port Blair,Andaman And Nicobar Islands,737101.0,Drive-Thru,Tacos,2024-10-08,132.0,16929.07,128.25,3.3,29.0,25.0,71152.26,Card,Takeaway,Open,Franchise
OUT11656,Taco Bell,Taco Bell - Ludhiana 13,Ludhiana,Punjab,141001.0,Drive-Thru,Burger,2024-06-12,167.0,27765.1,166.26,4.0,16.0,5.0,124274.14,Card,Drive-thru,Open,Company Owned
OUT11657,Kfc,KFC - Bengaluru 8,Bengaluru,Karnataka,570001.0,High Street,Donuts,2025-04-21,143.0,20756.69,145.15,3.6,12.0,18.0,28355.29,Wallet,Dine-in,Open,Franchise
OUT11658,Burger King,Burger King - Gangtok 33,Gangtok,Sikkim,248001.0,Drive-Thru,Burger,2024-02-21,138.0,13136.74,95.19,3.9,26.0,2.0,39255.64,Wallet,Drive-thru,Open,Company Owned
OUT11659,Burger King,Burger King - Kochi 28,Kochi,Kerala,682553.0,Standalone,Donuts,2024-01-04,159.0,26080.91,164.03,4.1,9.0,32.0,80112.65,Card,Takeaway,Open,Franchise
OUT11660,Wendy'S,Wendy's - Kochi 29,Kochi,Kerala,781001.0,Standalone,Burger,2024-05-06,176.0,28925.05,164.35,4.4,30.0,11.0,109903.28,Card,Delivery,Renovation,Company Owned
OUT11661,Kfc,KFC - Thiruvananthapuram 7,Thiruvananthapuram,Kerala,682553.0,Drive-Thru,Pizza,2023-03-11,169.0,26623.8,157.54,4.1,8.0,15.0,99261.07,Wallet,Drive-thru,Open,Company Owned
OUT11662,Dunkin',Dunkin' - Port Blair 3,Port Blair,Andaman And Nicobar Islands,795001.0,Drive-Thru,Coffee & Snacks,2023-10-20,35.0,20793.76,594.11,3.2,18.0,7.0,95000.52,Card,Delivery,Closed,Franchise
OUT11663,Taco Bell,Taco Bell - Mysuru 34,Mysuru,Karnataka,560001.0,Food Court,Tacos,2025-04-25,185.0,20956.48,113.28,4.0,20.0,31.0,50510.99,Wallet,Drive-thru,Renovation,Company Owned
OUT11664,Subway,Subway - Daman 29,Daman,Dadra And Nagar Haveli And Daman And Diu,403001.0,High Street,Sandwich,2023-08-01,120.0,11153.51,92.95,3.6,14.0,16.0,67042.62,Cash,Dine-in,Renovation,Company Owned
OUT11665,Wendy'S,Wendy's - Shimla 20,Shimla,Himachal Pradesh,796001.0,Drive-Thru,Coffee & Snacks,2024-10-08,169.0,24320.19,143.91,3.9,17.0,19.0,144833.1,UPI,Dine-in,Open,Company Owned
OUT11666,Wendy'S,Wendy's - Chandigarh 25,Chandigarh,Chandigarh,682001.0,Food Court,Donuts,2024-01-25,33.0,8452.1,256.12,4.3,26.0,5.0,145789.78,Card,Takeaway,Open,Company Owned
OUT11667,Mcdonald'S,McDonald's - Faridabad 24,Faridabad,Haryana,396210.0,Drive-Thru,Fried Chicken,2023-06-17,141.0,6015.89,42.67,3.8,30.0,13.0,105560.45,Card,Dine-in,Open,Franchise
OUT11668,Burger King,Burger King - New Delhi 38,New Delhi,Delhi,110017.0,Mall,Donuts,2024-04-24,143.0,10182.92,71.21,3.4,29.0,7.0,120078.29,UPI,Takeaway,Open,Franchise
OUT11669,Subway,Subway - Ludhiana 15,Ludhiana,Punjab,143001.0,Standalone,Pizza,2024-05-03,112.0,24699.06,220.53,3.9,7.0,31.0,61916.37,Card,Dine-in,Closed,Franchise
OUT11670,Subway,Subway - Imphal 39,Imphal,Manipur,248001.0,Food Court,Coffee & Snacks,2024-09-30,122.0,22618.01,185.39,4.0,9.0,28.0,148503.1,Card,Takeaway,Open,Company Owned
OUT11671,Burger King,Burger King - Dehradun 19,Dehradun,Uttarakhand,396210.0,High Street,Coffee & Snacks,2023-07-01,50.0,20431.94,408.64,4.2,6.0,7.0,126659.47,UPI,Takeaway,Closed,Company Owned
OUT11672,Mcdonald'S,McDonald's - Kavaratti 17,Kavaratti,Lakshadweep,795001.0,Drive-Thru,Sandwich,2025-05-19,107.0,12585.01,117.62,4.6,27.0,33.0,115267.99,Card,Takeaway,Closed,Company Owned
OUT11673,Domino'S,Domino's - Srinagar 21,Srinagar,Jammu And Kashmir,781001.0,High Street,Coffee & Snacks,2025-02-28,172.0,26266.9,152.71,3.9,12.0,2.0,93461.59,UPI,Dine-in,Open,Company Owned
OUT11674,Pizza Hut,Pizza Hut - Shimla 37,Shimla,Himachal Pradesh,396210.0,High Street,Donuts,2025-12-26,155.0,7645.8,49.33,4.7,28.0,21.0,130967.2,UPI,Dine-in,Open,Franchise
OUT11675,Mcdonald'S,McDonald's - Visakhapatnam 40,Visakhapatnam,Andhra Pradesh,800001.0,Food Court,Donuts,2024-01-15,235.0,22658.98,96.42,4.3,21.0,27.0,119982.99,UPI,Dine-in,Closed,Company Owned
OUT11676,Taco Bell,Taco Bell - Ranchi 22,Ranchi,Jharkhand,682553.0,Drive-Thru,Sandwich,2024-01-26,157.0,9064.95,57.74,3.4,20.0,25.0,75225.5,Wallet,Takeaway,Renovation,Company Owned
OUT11677,Dunkin',Dunkin' - Gurugram 28,Gurugram,Haryana,793001.0,Mall,Fried Chicken,2023-07-13,256.0,13527.86,52.84,4.2,12.0,34.0,140397.04,Wallet,Drive-thru,Closed,Company Owned
OUT11678,Mcdonald'S,McDonald's - Srinagar 33,Srinagar,Jammu And Kashmir,171001.0,Drive-Thru,Donuts,2024-01-12,223.0,5202.7,23.33,3.8,28.0,35.0,44737.64,Card,Delivery,Open,Franchise
OUT11679,Wendy'S,Wendy's - Guwahati 22,Guwahati,Assam,797001.0,Food Court,Fried Chicken,2023-07-28,39.0,24789.46,635.63,4.7,20.0,27.0,34324.86,UPI,Takeaway,Open,Franchise
OUT11680,Subway,Subway - Port Blair 19,Port Blair,Andaman And Nicobar Islands,248001.0,Drive-Thru,Pizza,2024-02-15,84.0,23372.55,278.24,3.7,7.0,12.0,105345.71,Wallet,Delivery,Renovation,Franchise
OUT11681,Dunkin',Dunkin' - Surat 40,Surat,Gujarat,395001.0,Food Court,Tacos,2023-05-06,119.0,23423.04,196.83,4.0,7.0,18.0,98276.13,UPI,Dine-in,Closed,Franchise
OUT11682,Taco Bell,Taco Bell - Udaipur 11,Udaipur,Rajasthan,302001.0,Mall,Donuts,2023-11-10,154.0,22947.76,149.01,3.1,8.0,4.0,98733.27,Cash,Drive-thru,Open,Franchise
OUT11683,Wendy'S,Wendy's - Aizawl 5,Aizawl,Mizoram,744101.0,Standalone,Coffee & Snacks,2025-03-01,127.0,14487.61,114.08,4.3,5.0,19.0,150878.21,Card,Drive-thru,Closed,Franchise
OUT11684,Subway,Subway - Thane 18,Thane,Maharashtra,440001.0,Standalone,Pizza,2023-05-11,105.0,20798.92,198.08,3.9,23.0,18.0,38355.33,Card,Dine-in,Open,Company Owned
OUT11685,Kfc,KFC - Bhubaneswar 34,Bhubaneswar,Odisha,751001.0,Drive-Thru,Coffee & Snacks,2025-12-07,178.0,6185.27,34.75,3.4,17.0,30.0,134275.24,Cash,Takeaway,Open,Franchise
OUT11686,Kfc,KFC - Port Blair 10,Port Blair,Andaman And Nicobar Islands,403001.0,High Street,Donuts,2023-10-17,165.0,6154.1,37.3,4.0,22.0,14.0,121294.12,Card,Takeaway,Open,Company Owned
OUT11687,Dunkin',Dunkin' - Pune 9,Pune,Maharashtra,411001.0,High Street,Pizza,2025-05-14,222.0,15185.3,68.4,4.0,16.0,23.0,85207.65,UPI,Delivery,Open,Company Owned
OUT11688,Burger King,Burger King - Puducherry 1,Puducherry,Puducherry,462001.0,Food Court,Donuts,2023-03-14,170.0,5979.84,35.18,3.9,30.0,12.0,62699.36,Wallet,Dine-in,Open,Company Owned
OUT11689,Pizza Hut,Pizza Hut - Amritsar 39,Amritsar,Punjab,143001.0,Food Court,Pizza,2024-09-13,201.0,5866.61,29.19,2.4,20.0,19.0,78026.07,Wallet,Dine-in,Closed,Franchise
OUT11690,Starbucks,Starbucks - Srinagar 38,Srinagar,Jammu And Kashmir,744101.0,Food Court,Tacos,2025-11-03,181.0,18711.59,103.38,4.8,18.0,23.0,64098.17,UPI,Takeaway,Open,Company Owned
OUT11691,Taco Bell,Taco Bell - Faridabad 17,Faridabad,Haryana,403001.0,Standalone,Burger,2024-04-22,110.0,30673.75,278.85,3.5,30.0,32.0,72704.09,Wallet,Delivery,Open,Franchise
OUT11692,Pizza Hut,Pizza Hut - Shillong 22,Shillong,Meghalaya,781001.0,Mall,Burger,2023-04-22,152.0,23368.95,153.74,3.5,13.0,30.0,124084.74,Card,Delivery,Closed,Franchise
OUT11693,Subway,Subway - Visakhapatnam 8,Visakhapatnam,Andhra Pradesh,682553.0,Food Court,Burger,2023-08-04,207.0,19810.2,95.7,4.4,27.0,34.0,86467.77,Wallet,Drive-thru,Open,Company Owned
OUT11694,Mcdonald'S,McDonald's - Bengaluru 27,Bengaluru,Karnataka,570001.0,Food Court,Sandwich,2024-07-23,176.0,22385.59,127.19,3.8,12.0,21.0,58821.99,Card,Takeaway,Open,Company Owned
OUT11695,Mcdonald'S,McDonald's - Kochi 2,Kochi,Kerala,797001.0,High Street,Burger,2024-08-06,209.0,26541.69,126.99,4.0,13.0,28.0,38233.6,Wallet,Delivery,Open,Franchise
OUT11696,Pizza Hut,Pizza Hut - Chennai 37,Chennai,Tamil Nadu,641001.0,Food Court,Fried Chicken,2025-12-25,178.0,32138.1,180.55,4.2,29.0,7.0,103079.74,UPI,Dine-in,Closed,Company Owned
OUT11697,Kfc,KFC - Gurugram 29,Gurugram,Haryana,793001.0,High Street,Fried Chicken,2025-01-21,191.0,23066.9,120.77,3.4,10.0,21.0,99742.9,Card,Dine-in,Open,Franchise
OUT11698,Subway,Subway - Ahmedabad 3,Ahmedabad,Gujarat,380001.0,Mall,Sandwich,2024-10-26,162.0,11326.85,69.92,4.5,28.0,22.0,107544.17,Wallet,Takeaway,Open,Company Owned
OUT11699,Starbucks,Starbucks - Jammu 36,Jammu,Jammu And Kashmir,737101.0,Standalone,Pizza,2023-04-23,139.0,22827.68,164.23,5.0,13.0,13.0,98649.98,Card,Delivery,Open,Franchise
OUT11700,Kfc,KFC - Gurugram 22,Gurugram,Haryana,796001.0,Mall,Tacos,2025-11-23,141.0,11234.42,79.68,4.3,13.0,31.0,86563.2,UPI,Takeaway,Renovation,Company Owned
OUT11701,Wendy'S,Wendy's - Shillong 38,Shillong,Meghalaya,171001.0,Food Court,Pizza,2023-10-14,179.0,17528.2,97.92,5.0,14.0,15.0,126541.34,Cash,Drive-thru,Open,Franchise
OUT11702,Starbucks,Starbucks - Indore 38,Indore,Madhya Pradesh,248001.0,Food Court,Donuts,2023-08-08,94.0,16564.86,176.22,4.2,25.0,24.0,73105.44,Cash,Delivery,Open,Franchise
OUT11703,Kfc,KFC - Varanasi 34,Varanasi,Uttar Pradesh,201301.0,Food Court,Burger,2023-08-30,153.0,15561.25,101.71,4.4,28.0,30.0,90498.25,UPI,Dine-in,Open,Company Owned
OUT11704,Domino'S,Domino's - Agartala 20,Agartala,Tripura,795001.0,Mall,Coffee & Snacks,2023-05-28,148.0,15851.56,107.11,4.0,9.0,24.0,77473.56,UPI,Dine-in,Open,Franchise
OUT11705,Dunkin',Dunkin' - Kohima 13,Kohima,Nagaland,682553.0,Drive-Thru,Fried Chicken,2024-03-15,102.0,8581.93,84.14,4.9,7.0,4.0,68705.55,UPI,Dine-in,Open,Company Owned
OUT11706,Domino'S,Domino's - Shimla 5,Shimla,Himachal Pradesh,744101.0,Standalone,Tacos,2023-01-11,136.0,20653.98,151.87,4.2,28.0,3.0,116236.49,Wallet,Dine-in,Open,Franchise
OUT11707,Wendy'S,Wendy's - Agartala 13,Agartala,Tripura,492001.0,Mall,Burger,2024-05-15,194.0,24682.95,127.23,4.7,10.0,26.0,93560.67,Cash,Takeaway,Closed,Company Owned
OUT11708,Taco Bell,Taco Bell - Udaipur 38,Udaipur,Rajasthan,302001.0,Standalone,Tacos,2023-07-21,109.0,23440.7,215.05,3.2,13.0,14.0,113374.07,Card,Drive-thru,Open,Company Owned
OUT11709,Kfc,KFC - Leh 1,Leh,Ladakh,492001.0,Standalone,Tacos,2025-06-07,156.0,18893.39,121.11,4.2,15.0,18.0,76888.81,UPI,Delivery,Open,Company Owned
OUT11710,Kfc,KFC - Gangtok 12,Gangtok,Sikkim,737101.0,Food Court,Coffee & Snacks,2023-06-21,34.0,25151.92,739.76,4.5,30.0,26.0,93271.05,UPI,Takeaway,Open,Company Owned
OUT11711,Kfc,KFC - Gangtok 17,Gangtok,Sikkim,834001.0,Food Court,Tacos,2023-03-06,187.0,31120.17,166.42,3.5,9.0,8.0,73300.26,Cash,Dine-in,Open,Company Owned
OUT11712,Subway,Subway - Gangtok 40,Gangtok,Sikkim,751001.0,High Street,Pizza,2025-04-10,123.0,27972.89,227.42,3.8,24.0,15.0,67433.37,Card,Drive-thru,Open,Franchise
OUT11713,Kfc,KFC - Bhopal 28,Bhopal,Madhya Pradesh,781001.0,Drive-Thru,Coffee & Snacks,2025-02-20,127.0,3664.77,28.86,3.7,12.0,24.0,105049.66,Cash,Drive-thru,Open,Franchise
OUT11714,Subway,Subway - Surat 35,Surat,Gujarat,395001.0,Drive-Thru,Donuts,2024-04-17,123.0,23987.45,195.02,4.9,21.0,25.0,119291.87,Wallet,Takeaway,Closed,Franchise
OUT11715,Taco Bell,Taco Bell - Guwahati 37,Guwahati,Assam,795001.0,Standalone,Sandwich,2025-12-12,282.0,20784.84,73.71,3.6,15.0,34.0,79276.05,Card,Delivery,Open,Franchise
OUT11716,Domino'S,Domino's - Itanagar 27,Itanagar,Arunachal Pradesh,462001.0,Mall,Pizza,2024-07-31,139.0,23259.77,167.34,4.1,30.0,15.0,96418.26,Cash,Takeaway,Open,Franchise
OUT11717,Domino'S,Domino's - Visakhapatnam 24,Visakhapatnam,Andhra Pradesh,781001.0,High Street,Coffee & Snacks,2024-06-30,86.0,19406.26,225.65,4.6,10.0,9.0,100008.56,UPI,Drive-thru,Open,Company Owned
OUT11718,Domino'S,Domino's - Hyderabad 11,Hyderabad,Telangana,500032.0,Mall,Coffee & Snacks,2025-10-06,141.0,27701.42,196.46,3.9,15.0,28.0,54548.82,Wallet,Takeaway,Open,Company Owned
OUT11719,Kfc,KFC - Mysuru 8,Mysuru,Karnataka,570001.0,Standalone,Pizza,2025-04-22,223.0,19971.62,89.56,3.6,21.0,11.0,96305.79,UPI,Drive-thru,Open,Franchise
OUT11720,Domino'S,Domino's - Dehradun 28,Dehradun,Uttarakhand,751001.0,Drive-Thru,Burger,2024-07-11,110.0,16951.44,154.1,3.4,19.0,7.0,73240.94,Card,Dine-in,Renovation,Franchise
OUT11721,Pizza Hut,Pizza Hut - Agartala 11,Agartala,Tripura,248001.0,Mall,Tacos,2023-10-14,91.0,23766.76,261.17,3.3,27.0,8.0,94942.95,UPI,Takeaway,Closed,Franchise
OUT11722,Burger King,Burger King - Thiruvananthapuram 8,Thiruvananthapuram,Kerala,799001.0,High Street,Pizza,2023-12-10,10.0,25062.15,2506.22,3.8,6.0,19.0,81026.74,Card,Takeaway,Closed,Franchise
OUT11723,Mcdonald'S,McDonald's - Visakhapatnam 5,Visakhapatnam,Andhra Pradesh,396210.0,Standalone,Pizza,2025-08-06,160.0,7505.28,46.91,3.3,28.0,25.0,100791.61,Cash,Drive-thru,Open,Company Owned
OUT11724,Burger King,Burger King - Nashik 26,Nashik,Maharashtra,422001.0,Drive-Thru,Tacos,2024-07-26,157.0,20658.31,131.58,4.1,25.0,11.0,124562.8,Wallet,Dine-in,Open,Franchise
OUT11725,Burger King,Burger King - Bhopal 1,Bhopal,Madhya Pradesh,682553.0,Mall,Pizza,2025-03-25,130.0,10577.51,81.37,3.5,14.0,11.0,69983.76,Card,Delivery,Open,Franchise
OUT11726,Taco Bell,Taco Bell - New Delhi 12,New Delhi,Delhi,110001.0,High Street,Fried Chicken,2023-11-28,157.0,15697.21,99.98,4.3,11.0,2.0,135970.66,Wallet,Takeaway,Open,Franchise
OUT11727,Kfc,KFC - Dehradun 36,Dehradun,Uttarakhand,781001.0,Food Court,Donuts,2023-08-18,129.0,22067.61,171.07,4.2,24.0,13.0,81397.87,Card,Takeaway,Closed,Franchise
OUT11728,Taco Bell,Taco Bell - Bhopal 5,Bhopal,Madhya Pradesh,737101.0,Food Court,Burger,2025-01-23,106.0,21264.08,200.6,3.3,24.0,4.0,84488.78,UPI,Takeaway,Closed,Company Owned
OUT11729,Pizza Hut,Pizza Hut - Noida 20,Noida,Uttar Pradesh,201301.0,Drive-Thru,Sandwich,2025-10-20,71.0,40078.68,564.49,3.4,5.0,23.0,78851.16,Wallet,Delivery,Renovation,Franchise
OUT11730,Kfc,KFC - Jaipur 24,Jaipur,Rajasthan,313001.0,High Street,Fried Chicken,2024-09-07,218.0,500.0,2.29,4.4,19.0,18.0,94031.55,Card,Drive-thru,Closed,Company Owned
OUT11731,Starbucks,Starbucks - Faridabad 6,Faridabad,Haryana,737101.0,Mall,Sandwich,2024-02-13,143.0,33586.37,234.87,3.5,20.0,30.0,80976.93,UPI,Drive-thru,Open,Franchise
OUT11732,Starbucks,Starbucks - Surat 3,Surat,Gujarat,395001.0,Drive-Thru,Burger,2023-09-01,163.0,36043.53,221.13,4.1,22.0,29.0,122732.64,Wallet,Takeaway,Renovation,Franchise
OUT11733,Pizza Hut,Pizza Hut - Visakhapatnam 40,Visakhapatnam,Andhra Pradesh,396210.0,Mall,Burger,2025-10-15,155.0,29390.0,189.61,4.0,21.0,32.0,94008.18,Cash,Dine-in,Open,Franchise
OUT11734,Starbucks,Starbucks - Leh 33,Leh,Ladakh,796001.0,Standalone,Sandwich,2024-10-04,122.0,19527.84,160.06,3.8,26.0,33.0,66665.14,UPI,Delivery,Open,Franchise
OUT11735,Kfc,KFC - Patna 1,Patna,Bihar,796001.0,Drive-Thru,Burger,2025-11-05,258.0,16659.02,64.57,4.3,15.0,27.0,107999.1,Wallet,Dine-in,Closed,Company Owned
OUT11736,Pizza Hut,Pizza Hut - Visakhapatnam 4,Visakhapatnam,Andhra Pradesh,795001.0,Mall,Pizza,2025-11-29,158.0,9402.74,59.51,3.5,24.0,28.0,120665.34,UPI,Delivery,Open,Company Owned
OUT11737,Wendy'S,Wendy's - Daman 27,Daman,Dadra And Nagar Haveli And Daman And Diu,403001.0,High Street,Pizza,2024-07-13,112.0,5568.97,49.72,4.7,10.0,27.0,49186.64,Card,Takeaway,Renovation,Company Owned
OUT11738,Domino'S,Domino's - Shimla 12,Shimla,Himachal Pradesh,248001.0,Food Court,Sandwich,2024-11-03,137.0,16670.86,121.69,3.4,13.0,35.0,109819.38,Card,Delivery,Closed,Franchise
OUT11739,Burger King,Burger King - Kochi 6,Kochi,Kerala,171001.0,Food Court,Sandwich,2024-12-12,121.0,28736.85,237.49,3.6,22.0,15.0,74692.99,Wallet,Delivery,Open,Franchise
OUT11740,Kfc,KFC - Itanagar 15,Itanagar,Arunachal Pradesh,793001.0,Food Court,Fried Chicken,2025-06-08,101.0,10427.64,103.24,4.0,16.0,24.0,74749.02,UPI,Takeaway,Open,Franchise
OUT11741,Wendy'S,Wendy's - Coimbatore 21,Coimbatore,Tamil Nadu,600001.0,Mall,Pizza,2024-08-05,203.0,7721.64,38.04,3.7,17.0,33.0,64423.55,Cash,Delivery,Renovation,Franchise
OUT11742,Pizza Hut,Pizza Hut - Visakhapatnam 19,Visakhapatnam,Andhra Pradesh,396210.0,Standalone,Donuts,2023-09-27,179.0,12102.45,67.61,4.4,26.0,21.0,114954.13,Card,Takeaway,Closed,Company Owned
OUT11743,Dunkin',Dunkin' - Agartala 36,Agartala,Tripura,560001.0,Drive-Thru,Pizza,2023-08-11,140.0,21331.52,152.37,4.9,7.0,34.0,110898.27,Wallet,Drive-thru,Open,Franchise
OUT11744,Mcdonald'S,McDonald's - Surat 30,Surat,Gujarat,380001.0,High Street,Fried Chicken,2025-10-28,92.0,18094.64,196.68,4.3,10.0,17.0,79489.26,Card,Drive-thru,Open,Company Owned
OUT11745,Wendy'S,Wendy's - Patna 13,Patna,Bihar,682553.0,Standalone,Sandwich,2025-07-30,234.0,19962.06,85.31,4.0,24.0,12.0,12000.0,Wallet,Takeaway,Open,Franchise
OUT11746,Domino'S,Domino's - Kohima 17,Kohima,Nagaland,793001.0,Drive-Thru,Donuts,2024-10-10,156.0,12803.82,82.08,3.8,17.0,30.0,101927.39,Card,Delivery,Renovation,Franchise
OUT11747,Pizza Hut,Pizza Hut - Noida 32,Noida,Uttar Pradesh,226001.0,Drive-Thru,Fried Chicken,2023-05-08,134.0,4287.31,31.99,3.3,13.0,3.0,128628.89,Wallet,Drive-thru,Renovation,Franchise
OUT11748,Starbucks,Starbucks - Puducherry 17,Puducherry,Puducherry,781001.0,High Street,Pizza,2024-01-12,120.0,23767.69,198.06,4.5,30.0,29.0,124178.17,Card,Delivery,Closed,Franchise
OUT11749,Wendy'S,Wendy's - Chennai 35,Chennai,Tamil Nadu,641001.0,Food Court,Coffee & Snacks,2025-03-04,252.0,17960.58,71.27,3.6,23.0,22.0,100977.71,Cash,Dine-in,Open,Franchise
OUT11750,Burger King,Burger King - Leh 1,Leh,Ladakh,403001.0,High Street,Coffee & Snacks,2025-03-16,186.0,29945.4,161.0,4.1,14.0,21.0,105047.11,Cash,Dine-in,Renovation,Franchise
OUT11751,Mcdonald'S,McDonald's - Kohima 27,Kohima,Nagaland,744101.0,Drive-Thru,Tacos,2025-06-17,167.0,11334.17,67.87,3.5,30.0,9.0,55801.65,Cash,Dine-in,Open,Franchise
OUT11752,Mcdonald'S,McDonald's - Imphal 40,Imphal,Manipur,682553.0,Food Court,Sandwich,2024-07-17,79.0,29980.24,379.5,4.1,11.0,13.0,96133.83,Wallet,Dine-in,Renovation,Company Owned
OUT11753,Subway,Subway - Daman 25,Daman,Dadra And Nagar Haveli And Daman And Diu,462001.0,Drive-Thru,Tacos,2025-07-07,151.0,20211.88,133.85,3.8,30.0,35.0,166026.72,UPI,Takeaway,Open,Company Owned
OUT11754,Mcdonald'S,McDonald's - Bengaluru 4,Bengaluru,Karnataka,560001.0,Mall,Pizza,2025-06-05,213.0,17722.04,83.2,4.8,24.0,3.0,45598.16,Wallet,Takeaway,Closed,Company Owned
OUT11755,Taco Bell,Taco Bell - Bhopal 17,Bhopal,Madhya Pradesh,800001.0,High Street,Donuts,2023-10-21,108.0,16750.15,155.09,4.0,13.0,25.0,93228.96,UPI,Drive-thru,Open,Franchise
OUT11756,Pizza Hut,Pizza Hut - Raipur 29,Raipur,Chhattisgarh,403001.0,High Street,Tacos,2025-12-14,124.0,13445.24,108.43,3.1,21.0,22.0,70777.5,Card,Drive-thru,Open,Company Owned
OUT11757,Taco Bell,Taco Bell - Noida 38,Noida,Uttar Pradesh,226001.0,Standalone,Tacos,2025-12-23,229.0,25711.57,112.28,2.9,10.0,7.0,75482.05,UPI,Takeaway,Open,Company Owned
OUT11758,Burger King,Burger King - Faridabad 23,Faridabad,Haryana,799001.0,Drive-Thru,Donuts,2025-12-04,236.0,4308.45,18.26,3.8,22.0,5.0,25367.95,UPI,Drive-thru,Open,Franchise
OUT11759,Dunkin',Dunkin' - Kavaratti 33,Kavaratti,Lakshadweep,248001.0,Food Court,Burger,2025-10-29,99.0,13511.09,136.48,4.4,22.0,16.0,69050.57,Card,Dine-in,Open,Franchise
OUT11760,Burger King,Burger King - Gangtok 8,Gangtok,Sikkim,799001.0,Standalone,Fried Chicken,2025-06-24,155.0,25344.27,163.51,4.2,7.0,12.0,120850.55,UPI,Dine-in,Open,Company Owned
OUT11761,Subway,Subway - Agartala 30,Agartala,Tripura,492001.0,Food Court,Pizza,2025-11-29,146.0,25005.69,171.27,3.8,25.0,4.0,101378.61,UPI,Delivery,Open,Franchise
OUT11762,Burger King,Burger King - Daman 13,Daman,Dadra And Nagar Haveli And Daman And Diu,171001.0,Food Court,Donuts,2025-04-30,84.0,19140.55,227.86,3.1,24.0,6.0,128718.6,UPI,Dine-in,Closed,Company Owned
OUT11763,Wendy'S,Wendy's - Bengaluru 10,Bengaluru,Karnataka,560001.0,Drive-Thru,Burger,2023-12-21,41.0,23781.4,580.03,4.0,27.0,19.0,105506.11,Cash,Dine-in,Open,Franchise
OUT11764,Mcdonald'S,McDonald's - Coimbatore 25,Coimbatore,Tamil Nadu,641001.0,Drive-Thru,Sandwich,2025-11-23,72.0,21285.01,295.63,4.0,19.0,17.0,176143.53,Cash,Dine-in,Open,Company Owned
OUT11765,Pizza Hut,Pizza Hut - Udaipur 8,Udaipur,Rajasthan,313001.0,Mall,Fried Chicken,2025-09-12,133.0,19054.78,143.27,3.2,23.0,19.0,97122.37,Cash,Takeaway,Open,Franchise
OUT11766,Dunkin',Dunkin' - Jaipur 23,Jaipur,Rajasthan,302001.0,Drive-Thru,Fried Chicken,2025-05-29,184.0,22161.46,120.44,4.0,30.0,14.0,40025.04,Cash,Delivery,Renovation,Franchise
OUT11767,Pizza Hut,Pizza Hut - Nagpur 9,Nagpur,Maharashtra,422001.0,Standalone,Donuts,2025-05-01,163.0,4972.17,30.5,3.0,9.0,31.0,52261.18,Card,Drive-thru,Open,Company Owned
OUT11768,Subway,Subway - Nagpur 4,Nagpur,Maharashtra,411001.0,Mall,Burger,2025-03-14,196.0,15842.87,80.83,4.0,6.0,26.0,34973.81,UPI,Drive-thru,Closed,Company Owned
OUT11769,Mcdonald'S,McDonald's - Pune 10,Pune,Maharashtra,560001.0,Standalone,Coffee & Snacks,2024-04-22,165.0,14108.54,85.51,4.5,26.0,13.0,38703.59,UPI,Dine-in,Open,Company Owned
OUT11770,Subway,Subway - Panaji 27,Panaji,Goa,800001.0,Food Court,Donuts,2024-01-02,152.0,12737.66,83.8,4.0,30.0,30.0,170202.52,UPI,Dine-in,Closed,Franchise
OUT11771,Mcdonald'S,McDonald's - Shillong 16,Shillong,Meghalaya,834001.0,High Street,Sandwich,2025-03-03,86.0,18110.68,210.59,4.1,15.0,27.0,63284.42,UPI,Drive-thru,Open,Company Owned
OUT11772,Starbucks,Starbucks - Pune 6,Pune,Maharashtra,411001.0,Drive-Thru,Sandwich,2025-06-22,217.0,29231.58,134.71,4.9,19.0,24.0,36269.08,Card,Drive-thru,Closed,Company Owned
OUT11773,Wendy'S,Wendy's - Patna 17,Patna,Bihar,799001.0,High Street,Sandwich,2025-02-05,114.0,31262.28,274.23,4.5,6.0,15.0,49993.75,Card,Drive-thru,Open,Franchise
OUT11774,Dunkin',Dunkin' - Guwahati 21,Guwahati,Assam,682001.0,Food Court,Burger,2023-01-08,215.0,27133.9,126.2,4.3,8.0,28.0,56559.88,Cash,Dine-in,Renovation,Franchise
OUT11775,Wendy'S,Wendy's - Mumbai 20,Mumbai,Maharashtra,400001.0,High Street,Fried Chicken,2023-06-12,331.0,20651.8,62.39,4.6,5.0,21.0,90387.79,UPI,Delivery,Open,Franchise
OUT11776,Taco Bell,Taco Bell - Kolkata 24,Kolkata,West Bengal,700001.0,Mall,Coffee & Snacks,2024-02-03,101.0,25147.3,248.98,3.8,18.0,17.0,169908.06,UPI,Delivery,Open,Franchise
OUT11777,Mcdonald'S,McDonald's - Ahmedabad 19,Ahmedabad,Gujarat,395001.0,Drive-Thru,Tacos,2024-10-18,191.0,10354.83,54.21,4.4,20.0,26.0,117046.22,Wallet,Drive-thru,Open,Company Owned
OUT11778,Burger King,Burger King - Udaipur 30,Udaipur,Rajasthan,302001.0,Mall,Burger,2023-08-04,192.0,27406.18,142.74,4.1,19.0,20.0,109241.34,UPI,Delivery,Closed,Franchise
OUT11779,Taco Bell,Taco Bell - Ludhiana 14,Ludhiana,Punjab,143001.0,Food Court,Sandwich,2025-11-26,134.0,11956.71,89.23,3.5,30.0,3.0,74374.66,UPI,Takeaway,Closed,Franchise
OUT11780,Kfc,KFC - Srinagar 10,Srinagar,Jammu And Kashmir,403001.0,Drive-Thru,Burger,2024-04-15,132.0,18820.02,142.58,4.6,25.0,5.0,85598.41,Card,Drive-thru,Open,Franchise
OUT11781,Taco Bell,Taco Bell - Mumbai 31,Mumbai,Maharashtra,411001.0,High Street,Fried Chicken,2024-05-28,141.0,17035.02,120.82,3.9,4.0,30.0,148526.14,UPI,Dine-in,Closed,Franchise
OUT11782,Taco Bell,Taco Bell - Thiruvananthapuram 23,Thiruvananthapuram,Kerala,462001.0,Mall,Pizza,2024-03-26,216.0,18457.17,85.45,3.4,18.0,32.0,107734.53,Card,Drive-thru,Closed,Company Owned
OUT11783,Burger King,Burger King - Visakhapatnam 33,Visakhapatnam,Andhra Pradesh,751001.0,Mall,Coffee & Snacks,2025-12-16,135.0,15744.35,116.62,4.5,25.0,4.0,133497.97,UPI,Dine-in,Closed,Franchise
OUT11784,Dunkin',Dunkin' - Dehradun 37,Dehradun,Uttarakhand,795001.0,High Street,Donuts,2023-08-08,70.0,26786.27,382.66,3.8,29.0,35.0,84206.45,Card,Drive-thru,Open,Franchise
OUT11785,Domino'S,Domino's - Aizawl 26,Aizawl,Mizoram,396210.0,High Street,Fried Chicken,2025-02-16,103.0,7333.92,71.2,4.5,28.0,16.0,74793.95,UPI,Takeaway,Open,Franchise
OUT11786,Kfc,KFC - Indore 27,Indore,Madhya Pradesh,797001.0,High Street,Coffee & Snacks,2024-05-25,166.0,500.0,3.01,5.0,25.0,33.0,42333.07,UPI,Drive-thru,Renovation,Franchise
OUT11787,Mcdonald'S,McDonald's - Chandigarh 40,Chandigarh,Chandigarh,744101.0,Mall,Sandwich,2023-08-18,149.0,27542.04,184.85,4.0,18.0,13.0,56114.41,Card,Drive-thru,Closed,Franchise
OUT11788,Kfc,KFC - Jammu 34,Jammu,Jammu And Kashmir,462001.0,Mall,Burger,2025-04-15,149.0,17708.63,118.85,4.9,10.0,4.0,106936.5,UPI,Drive-thru,Renovation,Franchise
OUT11789,Subway,Subway - Lucknow 13,Lucknow,Uttar Pradesh,201301.0,Mall,Sandwich,2024-05-26,116.0,30772.34,265.28,3.4,19.0,17.0,33241.8,Wallet,Takeaway,Closed,Company Owned
OUT11790,Burger King,Burger King - Nagpur 20,Nagpur,Maharashtra,400001.0,Standalone,Tacos,2024-07-10,108.0,31964.44,295.97,3.6,29.0,3.0,124246.45,Card,Drive-thru,Open,Company Owned
OUT11791,Subway,Subway - Gangtok 19,Gangtok,Sikkim,396210.0,Standalone,Sandwich,2024-09-06,157.0,36586.94,233.04,4.2,29.0,3.0,141943.9,UPI,Takeaway,Open,Company Owned
OUT11792,Mcdonald'S,McDonald's - Kochi 12,Kochi,Kerala,799001.0,Drive-Thru,Tacos,2025-06-14,103.0,13120.62,127.38,3.6,17.0,8.0,128988.53,Cash,Takeaway,Open,Franchise
OUT11793,Starbucks,Starbucks - Noida 14,Noida,Uttar Pradesh,221001.0,High Street,Burger,2025-10-08,142.0,29147.78,205.27,3.7,24.0,24.0,128816.84,UPI,Dine-in,Closed,Company Owned
OUT11794,Mcdonald'S,McDonald's - Faridabad 16,Faridabad,Haryana,799001.0,Mall,Burger,2024-12-12,166.0,16211.34,97.66,4.6,25.0,12.0,43225.32,Wallet,Takeaway,Open,Company Owned
OUT11795,Subway,Subway - Shimla 37,Shimla,Himachal Pradesh,171001.0,Drive-Thru,Pizza,2023-12-13,95.0,17732.28,186.66,4.7,14.0,24.0,98844.78,Card,Dine-in,Open,Franchise
OUT11796,Subway,Subway - Puducherry 1,Puducherry,Puducherry,737101.0,Food Court,Coffee & Snacks,2023-03-06,110.0,23917.76,217.43,4.0,11.0,3.0,92750.58,UPI,Delivery,Open,Company Owned
OUT11797,Mcdonald'S,McDonald's - Nagpur 1,Nagpur,Maharashtra,440001.0,Standalone,Tacos,2023-07-13,104.0,9210.96,88.57,3.5,18.0,13.0,56420.71,Card,Takeaway,Closed,Franchise
OUT11798,Domino'S,Domino's - Port Blair 8,Port Blair,Andaman And Nicobar Islands,682001.0,Mall,Tacos,2025-10-04,84.0,19932.4,237.29,3.7,20.0,9.0,130919.32,Cash,Takeaway,Closed,Company Owned
OUT11799,Starbucks,Starbucks - Vijayawada 6,Vijayawada,Andhra Pradesh,171001.0,High Street,Burger,2025-10-31,151.0,27111.95,179.55,3.9,25.0,6.0,49142.9,Card,Delivery,Closed,Company Owned
OUT11800,Burger King,Burger King - Itanagar 6,Itanagar,Arunachal Pradesh,682001.0,Standalone,Donuts,2023-12-12,109.0,12114.67,111.14,2.7,4.0,14.0,119412.42,Wallet,Drive-thru,Open,Company Owned
OUT11801,Kfc,KFC - Kolkata 2,Kolkata,West Bengal,700001.0,Food Court,Pizza,2024-01-20,127.0,29976.36,236.03,4.5,12.0,30.0,12142.48,Card,Drive-thru,Open,Franchise
OUT11802,Subway,Subway - Nashik 37,Nashik,Maharashtra,400601.0,Standalone,Pizza,2025-08-15,129.0,13828.82,107.2,4.8,11.0,33.0,80429.94,Wallet,Delivery,Closed,Company Owned
OUT11803,Burger King,Burger King - Kolkata 11,Kolkata,West Bengal,700091.0,Mall,Burger,2024-11-19,226.0,22796.12,100.87,3.9,20.0,23.0,78193.17,Cash,Delivery,Open,Company Owned
OUT11804,Taco Bell,Taco Bell - Nagpur 7,Nagpur,Maharashtra,400601.0,Food Court,Sandwich,2025-12-28,244.0,14783.46,60.59,5.0,23.0,13.0,164537.65,Cash,Drive-thru,Closed,Franchise
OUT11805,Kfc,KFC - Pune 3,Pune,Maharashtra,422001.0,High Street,Coffee & Snacks,2025-06-15,146.0,26895.99,184.22,3.7,10.0,24.0,69860.28,Card,Delivery,Open,Franchise
OUT11806,Taco Bell,Taco Bell - Kohima 4,Kohima,Nagaland,797001.0,Mall,Pizza,2023-08-29,151.0,8450.92,55.97,3.6,28.0,14.0,154614.74,Card,Delivery,Open,Franchise
OUT11807,Domino'S,Domino's - Ahmedabad 19,Ahmedabad,Gujarat,380001.0,Drive-Thru,Sandwich,2025-01-26,215.0,10025.0,46.63,4.3,18.0,30.0,57540.15,UPI,Dine-in,Renovation,Franchise
OUT11808,Domino'S,Domino's - Hyderabad 5,Hyderabad,Telangana,500001.0,Standalone,Coffee & Snacks,2023-08-11,164.0,18581.05,113.3,4.2,19.0,27.0,120226.05,Wallet,Delivery,Open,Franchise
OUT11809,Starbucks,Starbucks - Varanasi 23,Varanasi,Uttar Pradesh,201301.0,Drive-Thru,Sandwich,2024-02-14,115.0,20895.81,181.7,3.7,6.0,13.0,58804.42,UPI,Delivery,Renovation,Franchise
OUT11810,Wendy'S,Wendy's - Udaipur 13,Udaipur,Rajasthan,313001.0,Mall,Coffee & Snacks,2023-02-28,103.0,27785.05,269.76,4.9,11.0,4.0,114931.25,Card,Takeaway,Open,Company Owned
OUT11811,Taco Bell,Taco Bell - Agartala 1,Agartala,Tripura,799001.0,Mall,Tacos,2025-11-01,159.0,30687.52,193.0,3.8,9.0,20.0,124549.38,Cash,Drive-thru,Closed,Company Owned
OUT11812,Pizza Hut,Pizza Hut - Raipur 26,Raipur,Chhattisgarh,737101.0,Standalone,Sandwich,2023-09-17,160.0,20426.28,127.66,4.4,7.0,17.0,71852.14,UPI,Drive-thru,Renovation,Franchise
OUT11813,Kfc,KFC - Hyderabad 37,Hyderabad,Telangana,500001.0,High Street,Coffee & Snacks,2024-12-28,192.0,18571.18,96.72,3.6,23.0,25.0,88905.29,Card,Delivery,Open,Company Owned
OUT11814,Kfc,KFC - Varanasi 19,Varanasi,Uttar Pradesh,201301.0,Drive-Thru,Coffee & Snacks,2025-03-21,175.0,32950.12,188.29,4.0,19.0,13.0,87862.52,Wallet,Dine-in,Open,Franchise
OUT11815,Pizza Hut,Pizza Hut - Amritsar 6,Amritsar,Punjab,141001.0,Mall,Donuts,2023-08-12,161.0,28933.85,179.71,2.9,8.0,6.0,36682.54,Wallet,Dine-in,Open,Company Owned
OUT11816,Taco Bell,Taco Bell - Itanagar 29,Itanagar,Arunachal Pradesh,799001.0,Drive-Thru,Pizza,2024-05-08,165.0,21846.18,132.4,3.4,21.0,4.0,64621.09,Card,Drive-thru,Open,Franchise
OUT11817,Burger King,Burger King - Kohima 13,Kohima,Nagaland,800001.0,High Street,Donuts,2024-10-27,94.0,29068.63,309.24,4.5,6.0,12.0,96028.69,Cash,Dine-in,Open,Company Owned
OUT11818,Domino'S,Domino's - Lucknow 25,Lucknow,Uttar Pradesh,201301.0,Mall,Donuts,2025-07-27,197.0,33334.39,169.21,4.9,11.0,13.0,89367.81,UPI,Dine-in,Open,Franchise
OUT11819,Domino'S,Domino's - Thane 30,Thane,Maharashtra,400601.0,Food Court,Fried Chicken,2025-09-01,76.0,23344.69,307.17,3.9,26.0,24.0,30914.45,Cash,Dine-in,Open,Franchise
OUT11820,Starbucks,Starbucks - Ranchi 40,Ranchi,Jharkhand,793001.0,Mall,Burger,2025-12-04,100.0,22149.06,221.49,4.6,11.0,2.0,84949.23,Cash,Delivery,Open,Franchise
OUT11821,Starbucks,Starbucks - Faridabad 9,Faridabad,Haryana,560001.0,Drive-Thru,Burger,2024-02-08,94.0,22953.86,244.19,4.3,24.0,10.0,113642.97,UPI,Dine-in,Renovation,Company Owned
OUT11822,Starbucks,Starbucks - Nagpur 37,Nagpur,Maharashtra,422001.0,Food Court,Donuts,2024-04-20,201.0,20628.11,102.63,3.8,12.0,18.0,87913.93,UPI,Drive-thru,Closed,Franchise
OUT11823,Burger King,Burger King - Itanagar 15,Itanagar,Arunachal Pradesh,834001.0,Drive-Thru,Tacos,2025-11-10,164.0,15742.03,95.99,3.5,18.0,21.0,95569.05,Card,Delivery,Open,Company Owned
OUT11824,Starbucks,Starbucks - Visakhapatnam 23,Visakhapatnam,Andhra Pradesh,171001.0,Mall,Fried Chicken,2024-11-10,212.0,32256.27,152.15,4.2,4.0,17.0,102208.0,Cash,Delivery,Open,Company Owned
OUT11825,Subway,Subway - Jaipur 9,Jaipur,Rajasthan,313001.0,High Street,Pizza,2024-11-30,171.0,21721.69,127.03,4.0,22.0,35.0,26060.86,UPI,Delivery,Open,Franchise
OUT11826,Domino'S,Domino's - Jammu 24,Jammu,Jammu And Kashmir,799001.0,High Street,Pizza,2024-10-01,82.0,9581.62,116.85,2.9,29.0,23.0,116267.34,UPI,Drive-thru,Open,Company Owned
OUT11827,Wendy'S,Wendy's - Puducherry 27,Puducherry,Puducherry,793001.0,Mall,Pizza,2025-03-04,153.0,10412.81,68.06,4.0,17.0,17.0,131791.99,Card,Delivery,Renovation,Franchise
OUT11828,Dunkin',Dunkin' - Thiruvananthapuram 19,Thiruvananthapuram,Kerala,744101.0,Standalone,Sandwich,2024-06-03,151.0,29449.5,195.03,4.7,18.0,19.0,107408.34,Wallet,Drive-thru,Open,Franchise
OUT11829,Taco Bell,Taco Bell - Agartala 32,Agartala,Tripura,796001.0,Standalone,Donuts,2024-12-14,174.0,24056.71,138.26,3.8,13.0,12.0,84483.31,Cash,Delivery,Open,Franchise
OUT11830,Mcdonald'S,McDonald's - Gurugram 37,Gurugram,Haryana,799001.0,High Street,Burger,2024-12-10,139.0,22426.1,161.34,3.8,12.0,23.0,74975.47,Card,Takeaway,Closed,Franchise
OUT11831,Subway,Subway - Daman 1,Daman,Dadra And Nagar Haveli And Daman And Diu,781001.0,Mall,Burger,2025-07-14,139.0,21293.82,153.19,4.8,22.0,16.0,114083.24,Card,Takeaway,Open,Franchise
OUT11832,Burger King,Burger King - Patna 35,Patna,Bihar,682001.0,Mall,Sandwich,2024-06-16,101.0,14934.14,147.86,3.3,13.0,33.0,147010.41,UPI,Takeaway,Closed,Franchise
OUT11833,Subway,Subway - New Delhi 19,New Delhi,Delhi,110001.0,Food Court,Pizza,2024-06-16,126.0,13215.37,104.88,3.9,12.0,10.0,85302.73,Card,Takeaway,Open,Company Owned
OUT11834,Pizza Hut,Pizza Hut - Gangtok 10,Gangtok,Sikkim,781001.0,Food Court,Coffee & Snacks,2023-09-03,74.0,12638.1,170.79,4.5,6.0,25.0,40856.31,Card,Drive-thru,Closed,Franchise
OUT11835,Taco Bell,Taco Bell - Guwahati 25,Guwahati,Assam,462001.0,Standalone,Fried Chicken,2023-06-15,154.0,8596.36,55.82,5.0,16.0,10.0,79201.38,UPI,Takeaway,Open,Company Owned
OUT11836,Wendy'S,Wendy's - Raipur 40,Raipur,Chhattisgarh,799001.0,Standalone,Fried Chicken,2023-02-04,86.0,23933.69,278.3,4.4,12.0,23.0,55385.34,UPI,Drive-thru,Renovation,Company Owned
OUT11837,Kfc,KFC - Amritsar 33,Amritsar,Punjab,141001.0,Drive-Thru,Fried Chicken,2023-09-29,145.0,24819.44,171.17,4.2,16.0,15.0,123805.26,Cash,Takeaway,Open,Franchise
OUT11838,Dunkin',Dunkin' - Imphal 29,Imphal,Manipur,834001.0,Food Court,Coffee & Snacks,2023-10-09,187.0,26293.56,140.61,4.7,5.0,24.0,114119.34,Wallet,Takeaway,Open,Franchise
OUT11839,Domino'S,Domino's - Ranchi 20,Ranchi,Jharkhand,403001.0,Mall,Burger,2025-08-07,181.0,22687.15,125.34,3.7,10.0,16.0,58106.2,Card,Delivery,Closed,Company Owned
OUT11840,Dunkin',Dunkin' - Gangtok 15,Gangtok,Sikkim,793001.0,Drive-Thru,Tacos,2023-02-03,251.0,9227.98,36.76,4.3,8.0,14.0,83359.23,Card,Takeaway,Open,Company Owned
OUT11841,Burger King,Burger King - New Delhi 32,New Delhi,Delhi,110025.0,Standalone,Pizza,2024-06-01,172.0,28683.79,166.77,3.3,4.0,16.0,86107.73,Cash,Dine-in,Closed,Franchise
OUT11842,Pizza Hut,Pizza Hut - Varanasi 30,Varanasi,Uttar Pradesh,201301.0,High Street,Donuts,2024-11-12,132.0,19336.78,146.49,4.3,27.0,32.0,91127.37,Cash,Drive-thru,Closed,Company Owned
OUT11843,Domino'S,Domino's - Shimla 9,Shimla,Himachal Pradesh,796001.0,High Street,Coffee & Snacks,2025-06-18,143.0,12672.23,88.62,4.6,12.0,18.0,122843.41,Card,Takeaway,Closed,Franchise
OUT11844,Dunkin',Dunkin' - Srinagar 28,Srinagar,Jammu And Kashmir,682001.0,Drive-Thru,Donuts,2025-12-01,51.0,15529.06,304.49,3.6,15.0,27.0,90777.2,Card,Takeaway,Closed,Franchise
OUT11845,Taco Bell,Taco Bell - Kavaratti 21,Kavaratti,Lakshadweep,797001.0,High Street,Pizza,2024-05-01,210.0,27579.92,131.33,3.6,28.0,26.0,60683.95,UPI,Takeaway,Closed,Company Owned
OUT11846,Pizza Hut,Pizza Hut - Ahmedabad 31,Ahmedabad,Gujarat,395001.0,High Street,Coffee & Snacks,2024-12-27,208.0,22497.35,108.16,4.2,17.0,8.0,55207.34,Wallet,Dine-in,Open,Company Owned
OUT11847,Starbucks,Starbucks - Puducherry 11,Puducherry,Puducherry,799001.0,Drive-Thru,Burger,2024-08-12,178.0,10392.68,58.39,4.7,12.0,23.0,179237.83,Wallet,Delivery,Open,Company Owned
OUT11848,Mcdonald'S,McDonald's - Leh 38,Leh,Ladakh,682001.0,High Street,Burger,2025-01-05,143.0,20415.84,142.77,4.4,26.0,15.0,82507.44,Wallet,Delivery,Renovation,Company Owned
OUT11849,Domino'S,Domino's - Udaipur 38,Udaipur,Rajasthan,313001.0,Mall,Sandwich,2025-08-09,146.0,17809.4,121.98,4.3,16.0,8.0,74528.62,Wallet,Drive-thru,Open,Company Owned
OUT11850,Starbucks,Starbucks - Surat 17,Surat,Gujarat,380001.0,Standalone,Fried Chicken,2025-03-20,10.0,7101.78,710.18,4.6,6.0,15.0,106036.54,Wallet,Drive-thru,Renovation,Company Owned
OUT11851,Mcdonald'S,McDonald's - Amritsar 39,Amritsar,Punjab,143001.0,High Street,Donuts,2025-09-17,73.0,20657.45,282.98,5.0,22.0,19.0,125767.48,UPI,Drive-thru,Closed,Franchise
OUT11852,Taco Bell,Taco Bell - Panaji 17,Panaji,Goa,396210.0,Drive-Thru,Burger,2025-06-19,58.0,13171.37,227.09,4.7,10.0,11.0,140467.3,Wallet,Dine-in,Open,Franchise
OUT11853,Subway,Subway - Shillong 3,Shillong,Meghalaya,462001.0,Food Court,Pizza,2025-12-05,199.0,18504.68,92.99,3.8,5.0,32.0,94902.19,UPI,Takeaway,Open,Franchise
OUT11854,Domino'S,Domino's - Panaji 19,Panaji,Goa,682001.0,Drive-Thru,Pizza,2024-01-26,214.0,16211.24,75.75,3.3,10.0,29.0,108493.32,Cash,Dine-in,Open,Franchise
OUT11855,Kfc,KFC - Hyderabad 10,Hyderabad,Telangana,500001.0,Drive-Thru,Tacos,2024-09-21,54.0,12989.32,240.54,4.5,15.0,28.0,117164.3,Card,Delivery,Open,Franchise
OUT11856,Subway,Subway - Patna 32,Patna,Bihar,403001.0,Standalone,Fried Chicken,2024-06-12,183.0,16942.44,92.58,4.5,7.0,35.0,12000.0,UPI,Delivery,Open,Company Owned
OUT11857,Wendy'S,Wendy's - Surat 9,Surat,Gujarat,380001.0,High Street,Fried Chicken,2023-07-03,139.0,31262.55,224.91,4.3,4.0,16.0,65822.69,Wallet,Takeaway,Open,Company Owned
OUT11858,Wendy'S,Wendy's - Ludhiana 38,Ludhiana,Punjab,143001.0,Drive-Thru,Pizza,2024-09-19,130.0,7873.77,60.57,3.4,26.0,10.0,91077.44,Card,Drive-thru,Open,Company Owned
OUT11859,Mc Donalds,McDonald's - Surat 2,Surat,Gujarat,395001.0,Food Court,Tacos,2024-11-19,66.0,15624.55,236.74,4.0,21.0,7.0,57684.75,Cash,Dine-in,Closed,Company Owned
OUT11860,Pizza Hut,Pizza Hut - Ahmedabad 35,Ahmedabad,Gujarat,380001.0,Drive-Thru,Pizza,2024-12-27,156.0,20851.12,133.66,3.8,12.0,10.0,69337.49,Wallet,Takeaway,Open,Company Owned
OUT11861,Kfc,KFC - Mysuru 17,Mysuru,Karnataka,560001.0,Drive-Thru,Donuts,2025-02-02,103.0,24522.31,238.08,4.4,24.0,10.0,56340.92,Cash,Dine-in,Closed,Company Owned
OUT11862,Taco Bell,Taco Bell - Nashik 12,Nashik,Maharashtra,400601.0,High Street,Sandwich,2024-04-06,198.0,27032.54,136.53,4.6,23.0,35.0,180991.6,UPI,Takeaway,Closed,Franchise
OUT11863,Dunkin',Dunkin' - Gurugram 9,Gurugram,Haryana,737101.0,Food Court,Fried Chicken,2023-05-12,181.0,19462.86,107.53,3.5,5.0,10.0,52300.26,Wallet,Dine-in,Open,Franchise
OUT11864,Mcdonald'S,McDonald's - Puducherry 32,Puducherry,Puducherry,797001.0,Mall,Sandwich,2023-08-05,144.0,31113.99,216.07,4.3,10.0,13.0,27547.8,UPI,Dine-in,Open,Company Owned
OUT11865,Starbucks,Starbucks - Kolkata 17,Kolkata,West Bengal,700001.0,High Street,Coffee & Snacks,2025-11-24,202.0,8961.64,44.36,4.5,22.0,6.0,66184.72,UPI,Takeaway,Open,Company Owned
OUT11866,Domino'S,Domino's - Kochi 20,Kochi,Kerala,751001.0,Standalone,Pizza,2023-07-20,127.0,24982.3,196.71,4.0,26.0,26.0,50349.66,Cash,Takeaway,Renovation,Company Owned
OUT11867,Mcdonald'S,McDonald's - Visakhapatnam 28,Visakhapatnam,Andhra Pradesh,737101.0,Food Court,Pizza,2023-12-04,207.0,9747.57,47.09,4.4,16.0,21.0,84926.71,UPI,Takeaway,Renovation,Franchise
OUT11868,Pizza Hut,Pizza Hut - Patna 35,Patna,Bihar,396210.0,Standalone,Coffee & Snacks,2025-04-18,160.0,9402.3,58.76,4.0,30.0,20.0,81275.79,UPI,Drive-thru,Renovation,Company Owned
OUT11869,Burger King,Burger King - Leh 10,Leh,Ladakh,396210.0,Standalone,Donuts,2023-05-23,102.0,14321.32,140.41,4.1,29.0,8.0,105263.66,Card,Delivery,Closed,Franchise
OUT11870,Mcdonald'S,McDonald's - Leh 24,Leh,Ladakh,781001.0,Food Court,Pizza,2024-12-06,168.0,20554.21,122.35,3.4,18.0,20.0,148614.88,Cash,Drive-thru,Open,Company Owned
OUT11871,Mcdonald'S,McDonald's - Mysuru 8,Mysuru,Karnataka,560001.0,Food Court,Donuts,2024-07-31,222.0,6601.74,29.74,3.8,15.0,35.0,135737.1,UPI,Delivery,Renovation,Franchise
OUT11872,Mcdonald'S,McDonald's - Imphal 36,Imphal,Manipur,797001.0,Mall,Donuts,2024-01-30,149.0,24621.13,165.24,4.4,24.0,29.0,98433.24,UPI,Drive-thru,Open,Company Owned
OUT11873,Taco Bell,Taco Bell - Nashik 35,Nashik,Maharashtra,400001.0,Mall,Pizza,2025-05-02,229.0,33971.25,148.35,3.4,27.0,28.0,99829.66,Cash,Takeaway,Renovation,Franchise
OUT11874,Dunkin',Dunkin' - Kochi 27,Kochi,Kerala,797001.0,Standalone,Tacos,2024-08-30,177.0,35816.39,202.35,3.8,20.0,29.0,162286.94,UPI,Takeaway,Renovation,Company Owned
OUT11875,Subway,Subway - Bhubaneswar 30,Bhubaneswar,Odisha,800001.0,Standalone,Sandwich,2024-12-22,89.0,27116.04,304.67,5.0,11.0,32.0,147956.44,UPI,Delivery,Open,Franchise
OUT11876,Dunkin',Dunkin' - Srinagar 2,Srinagar,Jammu And Kashmir,751001.0,Standalone,Donuts,2025-03-09,155.0,18194.28,117.38,5.0,8.0,25.0,83624.48,UPI,Delivery,Closed,Company Owned
OUT11877,Pizza Hut,Pizza Hut - New Delhi 14,New Delhi,Delhi,110001.0,Standalone,Tacos,2024-09-04,60.0,19002.06,316.7,4.2,15.0,29.0,43976.21,Card,Takeaway,Renovation,Franchise
OUT11878,Starbucks,Starbucks - Chandigarh 10,Chandigarh,Chandigarh,834001.0,Food Court,Fried Chicken,2024-04-27,179.0,3896.74,21.77,3.4,22.0,30.0,33864.07,Cash,Takeaway,Open,Franchise
OUT11879,Pizza Hut,Pizza Hut - Guwahati 12,Guwahati,Assam,795001.0,High Street,Fried Chicken,2025-11-26,179.0,24155.4,134.95,3.2,10.0,11.0,83317.0,Card,Takeaway,Open,Franchise
OUT11880,Starbucks,Starbucks - Bhopal 2,Bhopal,Madhya Pradesh,797001.0,Mall,Tacos,2024-07-16,206.0,19409.27,94.22,5.0,25.0,31.0,46846.26,Wallet,Takeaway,Open,Franchise
OUT11881,Dunkin',Dunkin' - Vijayawada 27,Vijayawada,Andhra Pradesh,796001.0,Food Court,Burger,2024-07-11,112.0,28345.23,253.08,3.9,16.0,23.0,51245.47,Cash,Delivery,Renovation,Company Owned
OUT11882,Mcdonald'S,McDonald's - Thane 24,Thane,Maharashtra,411001.0,Food Court,Sandwich,2023-05-07,112.0,21182.01,189.13,4.6,16.0,24.0,83589.73,Wallet,Delivery,Closed,Company Owned
OUT11883,Mcdonald'S,McDonald's - Bengaluru 34,Bengaluru,Karnataka,570001.0,Mall,Pizza,2023-08-10,154.0,27921.89,181.31,3.7,11.0,7.0,94916.82,Cash,Takeaway,Open,Franchise
OUT11884,Domino'S,Domino's - Nashik 12,Nashik,Maharashtra,422001.0,Food Court,Donuts,2023-04-28,107.0,19710.61,184.21,4.5,7.0,28.0,46104.79,Wallet,Takeaway,Renovation,Company Owned
OUT11885,Burger King,Burger King - Coimbatore 27,Coimbatore,Tamil Nadu,600001.0,Mall,Burger,2023-09-06,108.0,24149.93,223.61,3.7,15.0,18.0,126441.07,Cash,Drive-thru,Open,Franchise
OUT11886,Kfc,KFC - Dehradun 21,Dehradun,Uttarakhand,492001.0,Mall,Burger,2025-04-13,142.0,18197.98,128.15,3.5,20.0,2.0,107823.7,Cash,Delivery,Open,Franchise
OUT11887,Domino'S,Domino's - Dehradun 1,Dehradun,Uttarakhand,396210.0,Food Court,Fried Chicken,2023-03-30,205.0,20234.72,98.71,4.9,18.0,29.0,136626.35,Cash,Takeaway,Open,Company Owned
OUT11888,Kfc,KFC - Patna 25,Patna,Bihar,751001.0,Mall,Fried Chicken,2024-05-22,166.0,12394.11,74.66,4.6,25.0,13.0,12000.0,Wallet,Delivery,Closed,Company Owned
OUT11889,Starbucks,Starbucks - Bengaluru 26,Bengaluru,Karnataka,560001.0,Mall,Coffee & Snacks,2024-04-21,186.0,26274.95,141.26,3.2,19.0,15.0,70178.53,Card,Drive-thru,Open,Franchise
OUT11890,Mcdonald'S,McDonald's - Raipur 31,Raipur,Chhattisgarh,682553.0,Standalone,Tacos,2024-05-14,122.0,25476.18,208.82,3.9,4.0,8.0,146322.78,Card,Dine-in,Open,Company Owned
OUT11891,Burger King,Burger King - Nashik 2,Nashik,Maharashtra,400001.0,Drive-Thru,Sandwich,2024-08-15,123.0,18679.57,151.87,4.6,25.0,16.0,126632.6,Cash,Dine-in,Open,Franchise
OUT11892,Starbucks,Starbucks - Coimbatore 18,Coimbatore,Tamil Nadu,641001.0,Food Court,Tacos,2024-09-30,123.0,16996.6,138.18,3.3,25.0,23.0,113896.69,Card,Dine-in,Closed,Company Owned
OUT11893,Domino'S,Domino's - Panaji 36,Panaji,Goa,403001.0,Drive-Thru,Pizza,2024-09-08,225.0,18979.24,84.35,3.4,25.0,12.0,110299.65,Wallet,Drive-thru,Open,Franchise
OUT11894,Mcdonald'S,McDonald's - Shimla 40,Shimla,Himachal Pradesh,834001.0,Standalone,Coffee & Snacks,2025-07-05,176.0,23456.51,133.28,4.9,11.0,31.0,57401.95,UPI,Drive-thru,Open,Company Owned
OUT11895,Kfc,KFC - Indore 16,Indore,Madhya Pradesh,797001.0,High Street,Sandwich,2024-05-18,168.0,19045.81,113.37,4.5,6.0,14.0,12000.0,UPI,Delivery,Open,Franchise
OUT11896,Starbucks,Starbucks - Aizawl 1,Aizawl,Mizoram,796001.0,Mall,Sandwich,2023-07-29,196.0,6678.23,34.07,3.2,6.0,14.0,97303.81,UPI,Drive-thru,Closed,Company Owned
OUT11897,Kfc,KFC - Udaipur 30,Udaipur,Rajasthan,313001.0,Drive-Thru,Pizza,2025-05-26,140.0,16940.46,121.0,4.0,12.0,14.0,89405.84,Cash,Takeaway,Open,Company Owned
OUT11898,Pizza Hut,Pizza Hut - Kavaratti 2,Kavaratti,Lakshadweep,403001.0,Standalone,Donuts,2025-03-16,168.0,14405.25,85.75,3.8,13.0,10.0,117715.05,Cash,Drive-thru,Open,Franchise
OUT11899,Dunkin',Dunkin' - Mumbai 23,Mumbai,Maharashtra,411001.0,High Street,Fried Chicken,2023-02-05,174.0,6644.46,38.19,5.0,6.0,12.0,146532.11,UPI,Dine-in,Renovation,Company Owned
OUT11900,Dunkin',Dunkin' - Ahmedabad 25,Ahmedabad,Gujarat,380001.0,Mall,Sandwich,2023-11-11,125.0,20041.03,160.33,3.8,18.0,6.0,49646.15,Card,Dine-in,Open,Franchise
OUT11901,Taco Bell,Taco Bell - Dehradun 30,Dehradun,Uttarakhand,799001.0,Food Court,Sandwich,2023-01-22,207.0,16672.51,80.54,4.1,27.0,15.0,90498.25,Cash,Drive-thru,Open,Franchise
OUT11902,Dunkin',Dunkin' - Mysuru 25,Mysuru,Karnataka,570001.0,Drive-Thru,Tacos,2023-12-01,198.0,23694.37,119.67,3.4,16.0,31.0,115545.06,Card,Dine-in,Open,Franchise
OUT11903,Burger King,Burger King - Chandigarh 26,Chandigarh,Chandigarh,751001.0,Standalone,Pizza,2025-07-27,120.0,22419.33,186.83,4.3,13.0,25.0,78130.98,UPI,Drive-thru,Closed,Franchise
OUT11904,Pizza Hut,Pizza Hut - Mysuru 10,Mysuru,Karnataka,560001.0,Standalone,Fried Chicken,2023-03-26,153.0,22014.5,143.89,4.1,12.0,9.0,96616.03,Cash,Delivery,Renovation,Franchise
OUT11905,Kfc,KFC - Nashik 6,Nashik,Maharashtra,411001.0,Standalone,Sandwich,2024-12-22,262.0,17980.09,68.63,4.2,18.0,26.0,85098.93,Cash,Takeaway,Closed,Franchise
OUT11906,Taco Bell,Taco Bell - Chennai 21,Chennai,Tamil Nadu,641001.0,Standalone,Sandwich,2024-07-19,172.0,26549.89,154.36,4.3,25.0,4.0,77450.66,UPI,Dine-in,Open,Franchise
OUT11907,Pizza Hut,Pizza Hut - Ahmedabad 4,Ahmedabad,Gujarat,395001.0,Standalone,Donuts,2025-04-03,88.0,28268.45,321.23,4.7,5.0,21.0,109902.03,Card,Takeaway,Open,Company Owned
OUT11908,Mcdonald'S,McDonald's - Thane 5,Thane,Maharashtra,400001.0,Mall,Donuts,2024-10-24,14.0,20959.2,1497.09,4.0,22.0,17.0,109030.75,UPI,Takeaway,Renovation,Franchise
OUT11909,Burger King,Burger King - Shimla 19,Shimla,Himachal Pradesh,171001.0,Mall,Burger,2025-03-30,114.0,21533.07,188.89,4.1,22.0,24.0,66540.85,Wallet,Takeaway,Open,Franchise
OUT11910,Starbucks,Starbucks - Visakhapatnam 30,Visakhapatnam,Andhra Pradesh,737101.0,Food Court,Tacos,2023-09-05,176.0,15359.99,87.27,4.1,26.0,34.0,66130.81,Cash,Dine-in,Open,Company Owned
OUT11911,Mcdonald'S,McDonald's - Pune 22,Pune,Maharashtra,440001.0,Standalone,Coffee & Snacks,2023-02-03,164.0,19479.1,118.77,3.1,26.0,8.0,77050.25,Wallet,Takeaway,Open,Franchise
OUT11912,Taco Bell,Taco Bell - Daman 24,Daman,Dadra And Nagar Haveli And Daman And Diu,737101.0,Food Court,Burger,2023-10-04,112.0,11953.87,106.73,4.2,21.0,22.0,35250.69,Card,Takeaway,Open,Franchise
OUT11913,Subway,Subway - Raipur 15,Raipur,Chhattisgarh,781001.0,Food Court,Fried Chicken,2024-02-10,165.0,16796.14,101.79,3.5,30.0,6.0,109839.19,Card,Dine-in,Closed,Franchise
OUT11914,Starbucks,Starbucks - Lucknow 35,Lucknow,Uttar Pradesh,201301.0,Mall,Fried Chicken,2024-04-28,127.0,32457.33,255.57,4.8,4.0,28.0,46718.68,Card,Takeaway,Closed,Company Owned
OUT11915,Dunkin',Dunkin' - Udaipur 35,Udaipur,Rajasthan,313001.0,Drive-Thru,Tacos,2023-09-23,106.0,19209.76,181.22,3.7,28.0,13.0,20537.03,Cash,Drive-thru,Open,Company Owned
OUT11916,Dunkin',Dunkin' - Jaipur 11,Jaipur,Rajasthan,313001.0,Standalone,Coffee & Snacks,2025-03-04,200.0,19388.1,96.94,3.9,19.0,2.0,62394.63,UPI,Dine-in,Open,Company Owned
OUT11917,Wendy'S,Wendy's - Gurugram 29,Gurugram,Haryana,737101.0,Mall,Burger,2024-07-13,73.0,20206.12,276.8,4.4,5.0,33.0,79412.22,Wallet,Delivery,Closed,Company Owned
OUT11918,Dunkin',Dunkin' - Jaipur 37,Jaipur,Rajasthan,313001.0,Mall,Donuts,2024-11-16,102.0,14202.99,139.25,3.8,9.0,20.0,48192.41,Wallet,Delivery,Open,Franchise
OUT11919,Mcdonald'S,McDonald's - Itanagar 20,Itanagar,Arunachal Pradesh,797001.0,High Street,Sandwich,2024-01-13,112.0,13928.84,124.36,3.0,10.0,6.0,50186.56,Wallet,Delivery,Open,Franchise
OUT11920,Burger King,Burger King - Ahmedabad 40,Ahmedabad,Gujarat,380001.0,Food Court,Tacos,2025-07-20,171.0,500.0,2.92,3.8,14.0,26.0,86235.57,Wallet,Takeaway,Open,Company Owned
OUT11921,Kfc,KFC - Dehradun 36,Dehradun,Uttarakhand,795001.0,Mall,Coffee & Snacks,2025-01-17,156.0,18742.12,120.14,3.5,7.0,6.0,111816.23,Card,Drive-thru,Open,Franchise
OUT11922,Wendy'S,Wendy's - Ahmedabad 20,Ahmedabad,Gujarat,380001.0,Standalone,Donuts,2025-07-22,75.0,23215.35,309.54,3.4,15.0,18.0,89567.35,UPI,Dine-in,Open,Franchise
OUT11923,Starbucks,Starbucks - Udaipur 24,Udaipur,Rajasthan,313001.0,Food Court,Burger,2025-05-25,200.0,31148.34,155.74,4.4,27.0,34.0,27631.72,Cash,Drive-thru,Open,Franchise
OUT11924,Taco Bell,Taco Bell - Faridabad 12,Faridabad,Haryana,492001.0,High Street,Coffee & Snacks,2024-05-12,22.0,10038.31,456.29,4.1,30.0,24.0,32468.53,Card,Drive-thru,Closed,Company Owned
OUT11925,Mcdonald'S,McDonald's - Lucknow 39,Lucknow,Uttar Pradesh,226001.0,Mall,Sandwich,2023-11-01,120.0,18118.39,150.99,4.1,14.0,4.0,73111.04,Wallet,Drive-thru,Closed,Company Owned
OUT11926,Pizza Hut,Pizza Hut - Udaipur 15,Udaipur,Rajasthan,313001.0,Drive-Thru,Burger,2025-07-31,1500.0,350000.0,97.74,4.7,23.0,11.0,105097.31,UPI,Takeaway,Open,Company Owned
OUT11927,Wendy'S,Wendy's - Gurugram 32,Gurugram,Haryana,462001.0,Mall,Coffee & Snacks,2025-07-06,159.0,11409.92,71.76,4.1,28.0,3.0,91747.36,Wallet,Dine-in,Closed,Franchise
OUT11928,Starbucks,Starbucks - Noida 5,Noida,Uttar Pradesh,221001.0,Food Court,Coffee & Snacks,2023-04-01,191.0,9263.7,48.5,4.3,11.0,20.0,122931.34,Cash,Delivery,Open,Company Owned
OUT11929,Wendy'S,Wendy's - Coimbatore 34,Coimbatore,Tamil Nadu,641001.0,Standalone,Donuts,2023-05-30,250.0,33240.59,132.96,3.2,10.0,17.0,13080.98,Wallet,Drive-thru,Open,Company Owned
OUT11930,Burger King,Burger King - Agartala 16,Agartala,Tripura,793001.0,Standalone,Donuts,2023-02-23,206.0,17774.02,86.28,2.7,29.0,9.0,114287.84,Cash,Delivery,Renovation,Franchise
OUT11931,Wendy'S,Wendy's - Mysuru 17,Mysuru,Karnataka,560001.0,Mall,Burger,2024-01-04,174.0,32356.58,185.96,4.1,10.0,30.0,36954.45,Card,Dine-in,Renovation,Company Owned
OUT11932,Taco Bell,Taco Bell - Itanagar 33,Itanagar,Arunachal Pradesh,462001.0,Mall,Burger,2024-02-06,185.0,31695.88,171.33,4.3,18.0,4.0,85112.69,UPI,Delivery,Closed,Franchise
OUT11933,Starbucks,Starbucks - Surat 16,Surat,Gujarat,380001.0,Food Court,Fried Chicken,2024-06-17,200.0,13492.67,67.46,3.8,12.0,26.0,116181.31,Wallet,Delivery,Open,Franchise
OUT11934,Kfc,KFC - Imphal 30,Imphal,Manipur,834001.0,Mall,Sandwich,2024-11-12,37.0,23019.6,622.15,4.4,10.0,18.0,79389.04,Wallet,Delivery,Open,Company Owned
OUT11935,Dunkin',Dunkin' - Udaipur 13,Udaipur,Rajasthan,302001.0,Mall,Donuts,2023-04-25,223.0,29873.5,133.96,4.3,5.0,14.0,58838.74,Cash,Dine-in,Open,Company Owned
OUT11936,Burger King,Burger King - Mysuru 29,Mysuru,Karnataka,560001.0,Standalone,Burger,2025-04-14,134.0,14165.57,105.71,4.4,27.0,28.0,115043.11,UPI,Drive-thru,Open,Company Owned
OUT11937,Mcdonald'S,McDonald's - Itanagar 5,Itanagar,Arunachal Pradesh,793001.0,Standalone,Tacos,2025-04-28,127.0,12326.74,97.06,3.7,17.0,24.0,75240.29,Wallet,Dine-in,Open,Company Owned
OUT11938,Subway,Subway - Hyderabad 31,Hyderabad,Telangana,500001.0,Food Court,Burger,2024-06-02,98.0,23389.4,238.67,3.5,11.0,9.0,80197.16,UPI,Takeaway,Closed,Company Owned
OUT11939,Mcdonald'S,McDonald's - Nashik 39,Nashik,Maharashtra,411001.0,Mall,Burger,2023-03-13,165.0,17144.36,103.91,4.2,23.0,31.0,76100.86,UPI,Dine-in,Open,Company Owned
OUT11940,Starbucks,Starbucks - Shillong 35,Shillong,Meghalaya,396210.0,Food Court,Coffee & Snacks,2025-08-28,165.0,14677.87,88.96,3.4,21.0,15.0,93512.48,Wallet,Drive-thru,Closed,Franchise
OUT11941,Domino'S,Domino's - Lucknow 8,Lucknow,Uttar Pradesh,226001.0,High Street,Burger,2023-05-05,50.0,14703.0,294.06,4.8,16.0,21.0,75094.11,Wallet,Drive-thru,Open,Franchise
OUT11942,Domino'S,Domino's - Gangtok 4,Gangtok,Sikkim,737101.0,Food Court,Burger,2024-01-22,74.0,22365.77,302.24,4.2,10.0,29.0,105413.03,Card,Drive-thru,Closed,Company Owned
OUT11943,Subway,Subway - Bhubaneswar 12,Bhubaneswar,Odisha,744101.0,Standalone,Donuts,2025-04-18,148.0,20558.89,138.91,4.6,24.0,35.0,145862.96,Wallet,Takeaway,Renovation,Company Owned
OUT11944,Subway,Subway - Mumbai 17,Mumbai,Maharashtra,440001.0,High Street,Fried Chicken,2023-07-08,109.0,29345.63,269.23,2.1,6.0,24.0,109606.48,Cash,Delivery,Open,Company Owned
OUT11945,Dunkin',Dunkin' - Dehradun 12,Dehradun,Uttarakhand,682553.0,Drive-Thru,Coffee & Snacks,2023-02-01,139.0,25778.68,185.46,4.1,26.0,11.0,90498.25,Cash,Dine-in,Closed,Company Owned
OUT11946,Burger King,Burger King - Srinagar 14,Srinagar,Jammu And Kashmir,797001.0,Standalone,Sandwich,2024-07-11,175.0,24206.16,138.32,4.1,11.0,4.0,107656.1,Cash,Delivery,Open,Franchise
OUT11947,Starbucks,Starbucks - Shimla 38,Shimla,Himachal Pradesh,171001.0,Drive-Thru,Coffee & Snacks,2025-05-15,160.0,19250.79,120.32,4.2,19.0,15.0,52187.05,UPI,Drive-thru,Open,Company Owned
OUT11948,Domino'S,Domino's - Daman 5,Daman,Dadra And Nagar Haveli And Daman And Diu,800001.0,Standalone,Donuts,2024-03-15,83.0,21162.1,254.97,3.9,10.0,14.0,96190.34,UPI,Delivery,Open,Company Owned
OUT11949,Taco Bell,Taco Bell - Noida 29,Noida,Uttar Pradesh,221001.0,Drive-Thru,Coffee & Snacks,2025-05-21,140.0,18190.17,129.93,3.5,25.0,2.0,53245.62,Card,Delivery,Open,Company Owned
OUT11950,Taco Bell,Taco Bell - Mumbai 22,Mumbai,Maharashtra,440001.0,Food Court,Sandwich,2025-12-13,111.0,19068.95,171.79,3.2,15.0,31.0,33331.55,Card,Drive-thru,Open,Franchise
OUT11951,Subway,Subway - Guwahati 28,Guwahati,Assam,799001.0,Drive-Thru,Pizza,2025-06-11,210.0,14988.61,71.37,4.4,14.0,24.0,82620.52,Cash,Dine-in,Closed,Company Owned
OUT11952,Taco Bell,Taco Bell - Guwahati 25,Guwahati,Assam,744101.0,Standalone,Pizza,2025-09-07,96.0,16625.73,173.18,3.4,23.0,17.0,117905.38,Card,Drive-thru,Open,Franchise
OUT11953,Taco Bell,Taco Bell - New Delhi 21,New Delhi,Delhi,110025.0,Drive-Thru,Pizza,2025-04-06,161.0,28364.9,176.18,4.5,30.0,28.0,138778.39,Wallet,Delivery,Closed,Company Owned
OUT11954,Mcdonald'S,McDonald's - Chennai 37,Chennai,Tamil Nadu,600001.0,High Street,Fried Chicken,2023-12-11,224.0,10134.12,45.24,4.0,9.0,20.0,76962.26,Wallet,Takeaway,Open,Franchise
OUT11955,Subway,Subway - Coimbatore 8,Coimbatore,Tamil Nadu,641001.0,High Street,Tacos,2023-11-21,209.0,17343.22,82.98,3.0,25.0,8.0,113367.88,UPI,Dine-in,Open,Company Owned
OUT11956,Burger King,Burger King - Shillong 34,Shillong,Meghalaya,797001.0,Mall,Pizza,2023-03-12,151.0,19662.35,130.21,3.0,13.0,6.0,168305.57,Wallet,Dine-in,Renovation,Franchise
OUT11957,Kfc,KFC - Nashik 22,Nashik,Maharashtra,411001.0,Food Court,Fried Chicken,2025-06-22,112.0,16476.69,147.11,4.3,29.0,31.0,115464.43,UPI,Dine-in,Open,Company Owned
OUT11958,Wendy'S,Wendy's - Agartala 32,Agartala,Tripura,492001.0,Standalone,Pizza,2024-04-27,106.0,36754.11,346.74,3.9,5.0,9.0,69629.2,UPI,Dine-in,Open,Franchise
OUT11959,Subway,Subway - Ahmedabad 17,Ahmedabad,Gujarat,395001.0,Standalone,Pizza,2023-03-04,79.0,14860.37,188.11,4.7,29.0,7.0,113004.99,Wallet,Delivery,Renovation,Franchise
OUT11960,Pizza Hut,Pizza Hut - Varanasi 3,Varanasi,Uttar Pradesh,201301.0,Mall,Donuts,2024-02-08,134.0,32406.72,241.84,3.6,16.0,15.0,110348.62,UPI,Dine-in,Open,Franchise
OUT11961,Taco Bell,Taco Bell - Kolkata 18,Kolkata,West Bengal,700091.0,Food Court,Fried Chicken,2025-10-24,211.0,26039.82,123.41,3.4,10.0,12.0,68196.12,Wallet,Dine-in,Open,Company Owned
OUT11962,Kfc,KFC - Shillong 29,Shillong,Meghalaya,248001.0,Mall,Sandwich,2023-09-21,95.0,14969.84,157.58,3.3,23.0,17.0,107131.12,UPI,Delivery,Open,Franchise
OUT11963,Wendy'S,Wendy's - Lucknow 18,Lucknow,Uttar Pradesh,226001.0,Standalone,Coffee & Snacks,2025-12-28,183.0,38556.98,210.69,3.6,16.0,18.0,67288.74,Wallet,Takeaway,Open,Company Owned
OUT11964,Taco Bell,Taco Bell - Thiruvananthapuram 9,Thiruvananthapuram,Kerala,751001.0,Food Court,Coffee & Snacks,2025-06-30,146.0,31910.68,218.57,3.9,8.0,3.0,72621.85,Wallet,Delivery,Open,Franchise
OUT11965,Mcdonald'S,McDonald's - Thane 11,Thane,Maharashtra,400601.0,Food Court,Burger,2023-09-25,106.0,17052.33,160.87,3.5,9.0,16.0,72208.93,Cash,Drive-thru,Closed,Franchise
OUT11966,Subway,Subway - Gangtok 26,Gangtok,Sikkim,781001.0,Drive-Thru,Fried Chicken,2025-11-08,85.0,17127.49,201.5,3.9,26.0,17.0,123874.29,Wallet,Delivery,Renovation,Franchise
OUT11967,Taco Bell,Taco Bell - Daman 24,Daman,Dadra And Nagar Haveli And Daman And Diu,796001.0,Food Court,Tacos,2024-05-05,138.0,20441.87,148.13,4.2,13.0,4.0,139932.66,Cash,Delivery,Closed,Company Owned
OUT11968,Pizza Hut,Pizza Hut - Ludhiana 18,Ludhiana,Punjab,143001.0,Drive-Thru,Burger,2024-09-09,188.0,26130.8,138.99,3.8,10.0,21.0,126525.32,UPI,Delivery,Closed,Company Owned
OUT11969,Domino'S,Domino's - Gangtok 36,Gangtok,Sikkim,796001.0,Food Court,Pizza,2025-02-28,69.0,20808.07,301.57,3.6,19.0,22.0,54520.94,UPI,Takeaway,Open,Company Owned
OUT11970,Dunkin',Dunkin' - Patna 18,Patna,Bihar,682001.0,Food Court,Sandwich,2025-11-05,90.0,23854.73,265.05,3.8,17.0,6.0,139032.54,Cash,Takeaway,Open,Franchise
OUT11971,Kfc,KFC - Port Blair 35,Port Blair,Andaman And Nicobar Islands,682001.0,Food Court,Donuts,2024-12-28,244.0,14507.21,59.46,4.0,14.0,8.0,12000.0,UPI,Takeaway,Closed,Company Owned
OUT11972,Kfc,KFC - Dehradun 7,Dehradun,Uttarakhand,751001.0,High Street,Unknown,2025-05-27,173.0,23196.48,134.08,3.8,22.0,13.0,73642.08,Card,Drive-thru,Open,Franchise
OUT11973,Pizza Hut,Pizza Hut - Jaipur 35,Jaipur,Rajasthan,302001.0,Drive-Thru,Burger,2023-12-09,110.0,17895.43,162.69,4.4,13.0,5.0,90233.92,Card,Drive-thru,Open,Franchise
OUT11974,Domino'S,Domino's - Nagpur 10,Nagpur,Maharashtra,422001.0,Standalone,Coffee & Snacks,2024-08-28,121.0,23297.67,192.54,4.5,27.0,21.0,57551.0,Wallet,Drive-thru,Closed,Company Owned
OUT11975,Dunkin',Dunkin' - Kavaratti 1,Kavaratti,Lakshadweep,800001.0,Mall,Donuts,2023-02-12,159.0,16643.99,104.68,4.6,25.0,19.0,130130.0,Card,Drive-thru,Open,Company Owned
OUT11976,Burger King,Burger King - Bhopal 6,Bhopal,Madhya Pradesh,248001.0,Standalone,Burger,2025-09-17,102.0,18075.93,177.22,3.9,15.0,23.0,168211.76,Wallet,Dine-in,Open,Company Owned
OUT11977,Taco Bell,Taco Bell - Amritsar 1,Amritsar,Punjab,141001.0,Drive-Thru,Tacos,2023-09-03,139.0,29407.54,211.57,3.2,21.0,16.0,114124.97,UPI,Delivery,Open,Franchise
OUT11978,Taco Bell,Taco Bell - Hyderabad 10,Hyderabad,Telangana,500032.0,Drive-Thru,Burger,2025-03-14,237.0,11215.36,47.32,4.0,12.0,25.0,111139.12,Card,Drive-thru,Renovation,Franchise
OUT11979,Dunkin',Dunkin' - Jammu 17,Jammu,Jammu And Kashmir,682001.0,Drive-Thru,Tacos,2024-07-07,171.0,18058.81,105.61,5.0,25.0,4.0,110538.67,Cash,Drive-thru,Renovation,Franchise
OUT11980,Subway,Subway - Surat 26,Surat,Gujarat,380001.0,Standalone,Coffee & Snacks,2025-07-09,149.0,32770.09,219.93,4.1,16.0,6.0,105083.56,UPI,Delivery,Renovation,Company Owned
OUT11981,Mcdonald'S,McDonald's - Pune 1,Pune,Maharashtra,422001.0,Standalone,Tacos,2025-05-26,75.0,11657.88,155.44,3.9,11.0,32.0,104223.89,UPI,Delivery,Renovation,Company Owned
OUT11982,Taco Bell,Taco Bell - Coimbatore 7,Coimbatore,Tamil Nadu,600001.0,High Street,Sandwich,2025-09-09,173.0,24198.45,139.88,3.7,26.0,5.0,79462.73,UPI,Drive-thru,Open,Company Owned
OUT11983,Taco Bell,Taco Bell - Faridabad 16,Faridabad,Haryana,248001.0,Mall,Fried Chicken,2023-05-02,130.0,22492.21,173.02,4.0,27.0,2.0,81490.68,Cash,Takeaway,Closed,Company Owned
OUT11984,Dunkin',Dunkin' - Kochi 31,Kochi,Kerala,795001.0,Food Court,Coffee & Snacks,2023-02-14,211.0,19528.93,92.55,4.4,27.0,29.0,78920.13,Card,Drive-thru,Open,Franchise
OUT11985,Kfc,KFC - Port Blair 4,Port Blair,Andaman And Nicobar Islands,492001.0,Food Court,Fried Chicken,2025-06-14,100.0,21080.52,210.81,4.3,28.0,33.0,143307.83,Cash,Dine-in,Open,Franchise
OUT11986,Taco Bell,Taco Bell - Kolkata 15,Kolkata,West Bengal,700091.0,Mall,Coffee & Snacks,2025-08-19,120.0,26970.92,224.76,3.8,9.0,11.0,165102.23,Wallet,Delivery,Open,Franchise
OUT11987,Kfc,KFC - Nagpur 22,Nagpur,Maharashtra,400601.0,Standalone,Fried Chicken,2025-09-16,164.0,15069.03,91.88,4.2,25.0,24.0,82839.13,Card,Delivery,Open,Franchise
OUT11988,Subway,Subway - Bhopal 25,Bhopal,Madhya Pradesh,248001.0,Mall,Pizza,2023-02-11,172.0,24266.47,141.08,4.2,30.0,3.0,52678.99,Card,Delivery,Open,Company Owned
OUT11989,Taco Bell,Taco Bell - Shimla 25,Shimla,Himachal Pradesh,751001.0,Drive-Thru,Pizza,2025-01-04,144.0,27999.82,194.44,3.6,22.0,8.0,90619.46,Cash,Dine-in,Open,Company Owned
OUT11990,Pizza Hut,Pizza Hut - Thane 25,Thane,Maharashtra,400001.0,High Street,Pizza,2024-01-16,136.0,6131.26,45.08,3.1,16.0,25.0,81646.61,Wallet,Drive-thru,Renovation,Franchise
OUT11991,Pizza Hut,Pizza Hut - Leh 35,Leh,Ladakh,403001.0,Food Court,Coffee & Snacks,2025-09-30,130.0,3578.38,27.53,5.0,20.0,28.0,83754.57,Wallet,Drive-thru,Renovation,Franchise
OUT11992,Mcdonald'S,McDonald's - Chennai 2,Chennai,Tamil Nadu,600001.0,High Street,Pizza,2024-12-13,143.0,14431.33,100.92,3.6,23.0,2.0,94406.99,Card,Dine-in,Open,Company Owned
OUT11993,Subway,Subway - Hyderabad 7,Hyderabad,Telangana,500032.0,High Street,Fried Chicken,2023-03-12,241.0,24548.16,101.86,3.5,6.0,33.0,118253.97,Wallet,Dine-in,Closed,Franchise
OUT11994,Dunkin',Dunkin' - Lucknow 40,Lucknow,Uttar Pradesh,221001.0,High Street,Tacos,2025-09-09,67.0,9128.14,136.24,4.2,30.0,33.0,65133.19,Cash,Delivery,Open,Company Owned
OUT11995,Subway,Subway - Visakhapatnam 11,Visakhapatnam,Andhra Pradesh,795001.0,Standalone,Tacos,2023-10-18,213.0,19384.69,91.01,3.6,9.0,5.0,93864.76,UPI,Drive-thru,Open,Company Owned
OUT11996,Subway,Subway - Shillong 16,Shillong,Meghalaya,796001.0,Mall,Fried Chicken,2023-11-10,125.0,19718.63,157.75,3.1,27.0,9.0,90327.66,UPI,Drive-thru,Open,Franchise
OUT11997,Wendy'S,Wendy's - Chandigarh 2,Chandigarh,Chandigarh,682001.0,Standalone,Tacos,2024-02-27,141.0,40322.52,285.98,4.7,27.0,19.0,72250.9,Card,Dine-in,Closed,Company Owned
OUT11998,Dunkin',Dunkin' - Jaipur 3,Jaipur,Rajasthan,313001.0,Mall,Tacos,2025-12-30,152.0,13388.2,88.08,4.4,30.0,6.0,86360.94,Card,Takeaway,Open,Company Owned
OUT11999,Taco Bell,Taco Bell - Nagpur 31,Nagpur,Maharashtra,422001.0,High Street,Burger,2023-06-07,226.0,23991.62,106.16,4.0,13.0,34.0,112818.76,Cash,Takeaway,Open,Company Owned
OUT12000,Pizza Hut,Pizza Hut - Varanasi 28,Varanasi,Uttar Pradesh,226001.0,Food Court,Coffee & Snacks,2024-12-20,237.0,9102.28,38.41,3.7,22.0,27.0,79037.07,Wallet,Takeaway,Closed,Company Owned
OUT12001,Starbucks,Starbucks - Mysuru 40,Mysuru,Karnataka,570001.0,Drive-Thru,Burger,2025-04-03,151.0,20623.48,136.58,3.7,8.0,9.0,96169.35,Wallet,Delivery,Open,Franchise
OUT12002,Subway,Subway - Bhopal 35,Bhopal,Madhya Pradesh,737101.0,Mall,Burger,2023-05-17,172.0,8310.2,48.32,3.3,19.0,3.0,83438.88,Wallet,Dine-in,Closed,Franchise
OUT12003,Subway,Subway - Jammu 32,Jammu,Jammu And Kashmir,796001.0,High Street,Coffee & Snacks,2024-02-09,135.0,21153.45,156.69,3.0,11.0,24.0,117773.21,Card,Delivery,Closed,Franchise
OUT12004,Pizza Hut,Pizza Hut - Shimla 22,Shimla,Himachal Pradesh,560001.0,Standalone,Sandwich,2023-04-25,122.0,13801.85,113.13,3.3,11.0,7.0,22340.51,Cash,Delivery,Open,Franchise
OUT12005,Kfc,KFC - Leh 32,Leh,Ladakh,797001.0,Standalone,Burger,2024-12-25,145.0,14700.77,101.38,3.0,7.0,33.0,120742.05,Card,Drive-thru,Open,Franchise
OUT12006,Burger King,Burger King - Guwahati 21,Guwahati,Assam,492001.0,Drive-Thru,Tacos,2023-06-11,105.0,20575.69,195.96,3.9,8.0,19.0,115703.42,Cash,Drive-thru,Closed,Franchise
OUT12007,Wendy'S,Wendy's - Jaipur 4,Jaipur,Rajasthan,313001.0,High Street,Pizza,2023-12-03,147.0,9201.46,62.59,4.0,27.0,15.0,124416.61,Wallet,Takeaway,Open,Franchise
OUT12008,Mcdonald'S,McDonald's - New Delhi 35,New Delhi,Delhi,110017.0,Drive-Thru,Sandwich,2025-02-23,110.0,8601.58,78.2,4.9,7.0,28.0,84385.44,UPI,Drive-thru,Open,Company Owned
OUT12009,Subway,Subway - Imphal 27,Imphal,Manipur,682553.0,Drive-Thru,Sandwich,2024-05-16,130.0,22660.89,174.31,4.4,15.0,18.0,123141.33,Wallet,Takeaway,Open,Company Owned
OUT12010,Wendy'S,Wendy's - Ahmedabad 32,Ahmedabad,Gujarat,395001.0,Mall,Fried Chicken,2025-10-04,158.0,33460.48,211.78,4.8,7.0,10.0,74432.77,Wallet,Dine-in,Renovation,Franchise
OUT12011,Dunkin',Dunkin' - Visakhapatnam 36,Visakhapatnam,Andhra Pradesh,248001.0,Food Court,Sandwich,2025-01-27,195.0,18528.4,95.02,4.0,11.0,29.0,45340.75,UPI,Delivery,Open,Company Owned
OUT12012,Dunkin',Dunkin' - Udaipur 33,Udaipur,Rajasthan,313001.0,Drive-Thru,Fried Chicken,2023-08-25,10.0,12209.25,1220.92,3.1,23.0,30.0,69907.82,Card,Dine-in,Open,Company Owned
OUT12013,Taco Bell,Taco Bell - Thiruvananthapuram 24,Thiruvananthapuram,Kerala,751001.0,Food Court,Pizza,2025-05-17,156.0,23137.34,148.32,3.5,6.0,14.0,127356.04,Wallet,Dine-in,Open,Franchise
OUT12014,Subway,Subway - New Delhi 33,New Delhi,Delhi,110025.0,Food Court,Donuts,2024-07-24,107.0,23639.84,220.93,4.7,8.0,34.0,18001.77,Wallet,Delivery,Open,Company Owned
OUT12015,Kfc,KFC - Kochi 11,Kochi,Kerala,796001.0,Drive-Thru,Coffee & Snacks,2023-09-19,140.0,24076.68,171.98,4.2,18.0,18.0,92091.8,Cash,Takeaway,Open,Company Owned
OUT12016,Subway,Subway - Gangtok 20,Gangtok,Sikkim,834001.0,High Street,Donuts,2024-03-10,108.0,13634.83,126.25,4.1,8.0,15.0,71546.03,Card,Takeaway,Renovation,Company Owned
OUT12017,Wendy'S,Wendy's - Faridabad 33,Faridabad,Haryana,834001.0,Food Court,Pizza,2025-08-08,187.0,24629.73,131.71,3.5,8.0,17.0,181136.02,Cash,Dine-in,Open,Franchise
OUT12018,Dunkin',Dunkin' - Leh 32,Leh,Ladakh,248001.0,Drive-Thru,Sandwich,2025-02-19,148.0,19831.2,133.99,4.0,16.0,11.0,62069.02,Wallet,Drive-thru,Open,Company Owned
OUT12019,Taco Bell,Taco Bell - Mysuru 8,Mysuru,Karnataka,570001.0,Food Court,Pizza,2023-06-21,176.0,21978.93,124.88,3.5,22.0,16.0,72721.15,Card,Dine-in,Open,Company Owned
OUT12020,Wendy'S,Wendy's - Coimbatore 40,Coimbatore,Tamil Nadu,600001.0,Standalone,Fried Chicken,2023-09-04,153.0,27698.7,181.04,5.0,30.0,28.0,67604.77,Cash,Dine-in,Open,Company Owned
OUT12021,Burger King,Burger King - Puducherry 13,Puducherry,Puducherry,796001.0,Food Court,Sandwich,2025-10-28,102.0,28212.4,276.59,3.6,27.0,14.0,60019.85,Wallet,Dine-in,Open,Company Owned
OUT12022,Burger King,Burger King - Nagpur 35,Nagpur,Maharashtra,422001.0,Food Court,Coffee & Snacks,2025-06-08,132.0,14983.91,113.51,4.8,6.0,32.0,129410.47,Cash,Dine-in,Closed,Franchise
OUT12023,Dunkin',Dunkin' - Amritsar 15,Amritsar,Punjab,141001.0,Drive-Thru,Donuts,2024-02-24,170.0,17673.92,103.96,4.1,15.0,16.0,138839.4,Card,Takeaway,Open,Company Owned
OUT12024,Subway,Subway - Surat 34,Surat,Gujarat,395001.0,Standalone,Sandwich,2024-06-30,193.0,15900.19,82.38,4.4,16.0,35.0,75981.25,Cash,Dine-in,Open,Company Owned
OUT12025,Dunkin',Dunkin' - Pune 26,Pune,Maharashtra,400601.0,Mall,Pizza,2023-01-08,180.0,20533.49,114.07,5.0,10.0,2.0,109743.97,Card,Dine-in,Open,Company Owned
OUT12026,Kfc,KFC - Ahmedabad 30,Ahmedabad,Gujarat,395001.0,Standalone,Coffee & Snacks,2023-05-23,226.0,17216.7,76.18,3.1,11.0,29.0,82279.21,Card,Drive-thru,Open,Franchise
OUT12027,Burger King,Burger King - Visakhapatnam 33,Visakhapatnam,Andhra Pradesh,793001.0,Drive-Thru,Donuts,2025-04-05,112.0,16328.1,145.79,4.3,29.0,2.0,112474.62,Cash,Takeaway,Closed,Company Owned
OUT12028,Taco Bell,Taco Bell - Coimbatore 16,Coimbatore,Tamil Nadu,641001.0,Mall,Sandwich,2024-03-02,58.0,30772.16,530.55,3.7,13.0,31.0,46505.99,Cash,Drive-thru,Renovation,Company Owned
OUT12029,Subway,Subway - Visakhapatnam 32,Visakhapatnam,Andhra Pradesh,796001.0,Drive-Thru,Sandwich,2025-02-10,232.0,12561.54,54.14,4.0,15.0,29.0,84277.25,Wallet,Dine-in,Closed,Company Owned
OUT12030,Burger King,Burger King - Surat 13,Surat,Gujarat,395001.0,Mall,Donuts,2023-02-02,97.0,35286.78,363.78,3.7,22.0,16.0,73685.38,Card,Dine-in,Open,Company Owned
OUT12031,Dunkin',Dunkin' - Raipur 11,Raipur,Chhattisgarh,682553.0,Standalone,Burger,2023-03-11,111.0,21840.32,196.76,5.0,16.0,11.0,65135.66,Card,Delivery,Open,Franchise
OUT12032,Taco Bell,Taco Bell - Kolkata 9,Kolkata,West Bengal,700001.0,Food Court,Coffee & Snacks,2025-12-29,98.0,22756.02,232.2,3.5,12.0,26.0,134747.45,UPI,Takeaway,Open,Company Owned
OUT12033,Pizza Hut,Pizza Hut - Itanagar 24,Itanagar,Arunachal Pradesh,171001.0,Drive-Thru,Coffee & Snacks,2025-01-27,85.0,17741.83,208.73,3.5,20.0,9.0,158452.17,Wallet,Takeaway,Open,Company Owned
OUT12034,Taco Bell,Taco Bell - Kochi 15,Kochi,Kerala,800001.0,Standalone,Donuts,2024-07-25,136.0,16802.23,123.55,3.7,13.0,33.0,150871.1,Cash,Takeaway,Open,Company Owned
OUT12035,Wendy'S,Wendy's - Bhubaneswar 38,Bhubaneswar,Odisha,396210.0,Food Court,Pizza,2023-12-02,139.0,15912.63,114.48,3.0,15.0,3.0,137542.61,Cash,Delivery,Open,Company Owned
OUT12036,Wendy'S,Wendy's - Patna 28,Patna,Bihar,796001.0,Food Court,Sandwich,2024-06-07,144.0,27644.39,191.97,4.3,20.0,27.0,132238.49,UPI,Delivery,Open,Franchise
OUT12037,Subway,Subway - Shimla 33,Shimla,Himachal Pradesh,795001.0,Mall,Sandwich,2025-01-31,186.0,10002.63,53.78,3.7,25.0,10.0,125826.84,Cash,Dine-in,Open,Company Owned
OUT12038,Mcdonald'S,McDonald's - Agartala 2,Agartala,Tripura,799001.0,Mall,Burger,2024-03-17,180.0,16437.64,91.32,4.9,29.0,19.0,98942.08,Cash,Drive-thru,Open,Company Owned
OUT12039,Starbucks,Starbucks - Gurugram 21,Gurugram,Haryana,248001.0,High Street,Fried Chicken,2023-04-01,105.0,20091.94,191.35,2.9,5.0,32.0,112536.66,Wallet,Delivery,Open,Franchise
OUT12040,Kfc,KFC - Kavaratti 38,Kavaratti,Lakshadweep,171001.0,Standalone,Burger,2024-03-09,135.0,30419.58,225.33,4.3,20.0,2.0,103459.33,Cash,Drive-thru,Open,Company Owned
OUT12041,Starbucks,Starbucks - Ahmedabad 12,Ahmedabad,Gujarat,395001.0,Standalone,Burger,2023-02-28,144.0,15592.69,108.28,4.3,12.0,2.0,113551.82,Card,Drive-thru,Closed,Franchise
OUT12042,Burger King,Burger King - Port Blair 1,Port Blair,Andaman And Nicobar Islands,834001.0,Drive-Thru,Coffee & Snacks,2024-11-16,73.0,26783.38,366.9,4.1,26.0,31.0,118860.9,UPI,Takeaway,Closed,Company Owned
OUT12043,Domino'S,Domino's - Kolkata 27,Kolkata,West Bengal,700001.0,Food Court,Coffee & Snacks,2023-04-09,129.0,26287.2,203.78,4.3,28.0,4.0,108278.55,Card,Dine-in,Renovation,Franchise
OUT12044,Taco Bell,Taco Bell - Kavaratti 30,Kavaratti,Lakshadweep,682001.0,Standalone,Coffee & Snacks,2025-06-08,190.0,23430.31,123.32,4.8,11.0,32.0,48906.47,Wallet,Takeaway,Closed,Franchise
OUT12045,Pizza Hut,Pizza Hut - Bhubaneswar 7,Bhubaneswar,Odisha,560001.0,Drive-Thru,Sandwich,2024-05-21,146.0,20675.29,141.61,4.6,5.0,4.0,137172.14,Card,Drive-thru,Open,Company Owned
OUT12046,Domino'S,Domino's - Ahmedabad 3,Ahmedabad,Gujarat,380001.0,Standalone,Coffee & Snacks,2025-07-10,186.0,9716.13,52.24,3.9,21.0,31.0,100065.69,Card,Takeaway,Renovation,Franchise
OUT12047,Pizza Hut,Pizza Hut - Bhopal 32,Bhopal,Madhya Pradesh,171001.0,Drive-Thru,Tacos,2024-12-25,227.0,500.0,2.2,4.0,23.0,34.0,64402.15,UPI,Delivery,Open,Company Owned
OUT12048,Wendy'S,Wendy's - Imphal 30,Imphal,Manipur,781001.0,Standalone,Coffee & Snacks,2025-09-16,142.0,15219.26,107.18,3.6,16.0,11.0,121339.54,Cash,Takeaway,Closed,Company Owned
OUT12049,Domino'S,Domino's - Raipur 6,Raipur,Chhattisgarh,795001.0,High Street,Sandwich,2023-09-30,80.0,13246.09,165.58,3.7,6.0,28.0,103351.94,Card,Dine-in,Open,Franchise
OUT12050,Pizza Hut,Pizza Hut - Agartala 7,Agartala,Tripura,834001.0,Standalone,Burger,2024-02-27,176.0,28472.97,161.78,3.9,25.0,25.0,90498.25,UPI,Delivery,Closed,Company Owned
OUT12051,Kfc,KFC - Bhubaneswar 34,Bhubaneswar,Odisha,834001.0,Mall,Sandwich,2025-06-15,29.0,15714.3,541.87,3.9,11.0,5.0,95990.25,UPI,Drive-thru,Open,Company Owned
OUT12052,Burger King,Burger King - Nagpur 8,Nagpur,Maharashtra,411001.0,Mall,Donuts,2024-02-02,234.0,10558.58,45.12,2.6,30.0,12.0,91700.24,UPI,Drive-thru,Closed,Company Owned
OUT12053,Pizza Hut,Pizza Hut - Amritsar 16,Amritsar,Punjab,143001.0,Food Court,Burger,2025-12-15,125.0,8200.21,65.6,4.4,10.0,7.0,105993.06,Cash,Takeaway,Renovation,Franchise
OUT12054,Wendy'S,Wendy's - Chennai 35,Chennai,Tamil Nadu,641001.0,High Street,Pizza,2023-01-02,150.0,20522.95,136.82,4.8,12.0,19.0,62561.56,UPI,Dine-in,Renovation,Company Owned
OUT12055,Pizza Hut,Pizza Hut - Nashik 4,Nashik,Maharashtra,400601.0,Food Court,Pizza,2023-04-03,100.0,14708.61,147.09,3.3,15.0,28.0,106624.05,Card,Dine-in,Renovation,Franchise
OUT12056,Domino'S,Domino's - Puducherry 11,Puducherry,Puducherry,403001.0,Food Court,Donuts,2024-02-03,256.0,12088.22,47.22,4.0,23.0,15.0,38906.78,Card,Takeaway,Open,Franchise
OUT12057,Subway,Subway - Amritsar 22,Amritsar,Punjab,143001.0,Drive-Thru,Pizza,2025-07-14,181.0,20431.99,112.88,4.0,19.0,9.0,72642.69,Cash,Drive-thru,Open,Franchise
OUT12058,Taco Bell,Taco Bell - Panaji 26,Panaji,Goa,797001.0,Standalone,Sandwich,2024-12-13,56.0,500.0,8.93,3.6,18.0,10.0,124787.14,Wallet,Takeaway,Renovation,Company Owned
OUT12059,Wendy'S,Wendy's - Ranchi 24,Ranchi,Jharkhand,834001.0,Drive-Thru,Burger,2025-08-08,110.0,11941.14,108.56,4.8,9.0,27.0,99928.95,UPI,Drive-thru,Open,Franchise
OUT12060,Subway,Subway - Puducherry 20,Puducherry,Puducherry,751001.0,Standalone,Fried Chicken,2023-12-10,201.0,22570.57,112.29,4.4,12.0,27.0,35000.4,UPI,Drive-thru,Open,Company Owned
OUT12061,Domino'S,Domino's - Shimla 37,Shimla,Himachal Pradesh,171001.0,Drive-Thru,Coffee & Snacks,2025-11-26,138.0,9518.09,68.97,3.8,11.0,20.0,55891.29,Cash,Drive-thru,Open,Franchise
OUT12062,Domino'S,Domino's - Bengaluru 25,Bengaluru,Karnataka,570001.0,Standalone,Tacos,2023-11-29,201.0,14218.79,70.74,4.2,14.0,3.0,114238.66,Card,Delivery,Open,Company Owned
OUT12063,Subway,Subway - Shimla 18,Shimla,Himachal Pradesh,737101.0,Mall,Pizza,2024-10-19,190.0,19229.38,101.21,3.5,18.0,27.0,67348.75,Card,Drive-thru,Open,Company Owned
OUT12064,Mcdonald'S,McDonald's - Amritsar 13,Amritsar,Punjab,143001.0,Mall,Burger,2023-09-30,190.0,20601.5,108.43,3.3,19.0,28.0,90872.94,Cash,Takeaway,Open,Franchise
OUT12065,Wendy'S,Wendy's - Jaipur 12,Jaipur,Rajasthan,302001.0,Mall,Coffee & Snacks,2025-09-25,141.0,6066.29,43.02,4.3,27.0,29.0,104706.13,Card,Dine-in,Open,Company Owned
OUT12066,Subway,Subway - Mumbai 34,Mumbai,Maharashtra,411001.0,Mall,Pizza,2023-10-22,166.0,939.5,5.66,5.0,8.0,31.0,95945.66,Wallet,Dine-in,Open,Franchise
OUT12067,Mcdonald'S,McDonald's - Mumbai 18,Mumbai,Maharashtra,400001.0,High Street,Coffee & Snacks,2025-11-25,156.0,25684.31,164.64,4.9,7.0,32.0,109673.76,UPI,Drive-thru,Open,Franchise
OUT12068,Kfc,KFC - Noida 8,Noida,Uttar Pradesh,221001.0,High Street,Fried Chicken,2023-11-09,163.0,25222.34,154.74,3.3,29.0,27.0,148300.42,Wallet,Takeaway,Open,Company Owned
OUT12069,Pizza Hut,Pizza Hut - Daman 21,Daman,Dadra And Nagar Haveli And Daman And Diu,682001.0,Food Court,Tacos,2023-09-22,125.0,12777.16,102.22,4.1,6.0,16.0,92628.19,UPI,Takeaway,Open,Franchise
OUT12070,Starbucks,Starbucks - Kohima 34,Kohima,Nagaland,795001.0,Mall,Coffee & Snacks,2023-05-04,132.0,10612.13,80.39,4.5,28.0,2.0,126986.48,Wallet,Takeaway,Open,Company Owned
OUT12071,Domino'S,Domino's - Nagpur 40,Nagpur,Maharashtra,411001.0,Mall,Coffee & Snacks,2025-11-28,90.0,8515.73,94.62,3.7,8.0,13.0,97642.51,UPI,Dine-in,Renovation,Company Owned
OUT12072,Burgerking,Burger King - Itanagar 1,Itanagar,Arunachal Pradesh,800001.0,Mall,Burger,2023-03-02,68.0,16897.77,248.5,4.0,15.0,27.0,133688.09,Cash,Dine-in,Open,Company Owned
OUT12073,Subway,Subway - Chennai 18,Chennai,Tamil Nadu,600001.0,High Street,Tacos,2024-02-27,124.0,25474.32,205.44,4.3,15.0,7.0,49880.2,UPI,Takeaway,Open,Company Owned
OUT12074,Taco Bell,Taco Bell - Chennai 25,Chennai,Tamil Nadu,641001.0,High Street,Donuts,2025-12-20,222.0,10983.04,49.47,4.4,8.0,34.0,55783.65,Wallet,Takeaway,Closed,Company Owned
OUT12075,Mcdonald'S,McDonald's - Leh 2,Leh,Ladakh,795001.0,Drive-Thru,Donuts,2024-12-17,199.0,13371.18,67.19,5.0,18.0,16.0,84123.7,Card,Takeaway,Open,Franchise
OUT12076,Starbucks,Starbucks - Indore 22,Indore,Madhya Pradesh,781001.0,Standalone,Burger,2023-02-08,219.0,26327.65,120.22,4.0,23.0,18.0,100697.72,Wallet,Dine-in,Closed,Company Owned
OUT12077,Kfc,KFC - Ahmedabad 40,Ahmedabad,Gujarat,380001.0,Drive-Thru,Donuts,2025-03-27,214.0,27136.44,126.81,2.9,27.0,32.0,80149.66,Card,Dine-in,Renovation,Company Owned
OUT12078,Burger King,Burger King - Ranchi 10,Ranchi,Jharkhand,751001.0,High Street,Tacos,2024-04-11,201.0,22972.83,114.29,3.8,11.0,12.0,95860.14,UPI,Dine-in,Open,Franchise
OUT12079,Domino'S,Domino's - Chennai 19,Chennai,Tamil Nadu,641001.0,Mall,Burger,2025-09-30,245.0,10483.52,42.79,2.8,7.0,6.0,93944.47,Unknown,Drive-thru,Open,Company Owned
OUT12080,Wendy'S,Wendy's - Daman 22,Daman,Dadra And Nagar Haveli And Daman And Diu,682001.0,Standalone,Burger,2024-09-17,66.0,21575.92,326.91,4.0,22.0,31.0,156690.18,Wallet,Drive-thru,Open,Franchise
OUT12081,Kfc,KFC - Thane 14,Thane,Maharashtra,411001.0,High Street,Fried Chicken,2024-03-08,187.0,26001.95,139.05,3.7,30.0,6.0,106195.59,Cash,Drive-thru,Renovation,Franchise
OUT12082,Dunkin',Dunkin' - Puducherry 40,Puducherry,Puducherry,492001.0,High Street,Tacos,2025-10-20,188.0,11153.73,59.33,3.7,16.0,16.0,77533.24,Cash,Drive-thru,Closed,Franchise
OUT12083,Taco Bell,Taco Bell - Ludhiana 4,Ludhiana,Punjab,143001.0,High Street,Sandwich,2023-11-20,68.0,500.0,7.35,3.0,10.0,13.0,96337.45,Wallet,Drive-thru,Open,Company Owned
OUT12084,Wendy'S,Wendy's - Ahmedabad 11,Ahmedabad,Gujarat,395001.0,Drive-Thru,Burger,2024-04-30,146.0,9378.0,64.23,4.2,21.0,25.0,63487.89,Wallet,Delivery,Open,Company Owned
OUT12085,Subway,Subway - Mumbai 22,Mumbai,Maharashtra,422001.0,Food Court,Pizza,2023-08-23,82.0,27578.38,336.32,3.9,24.0,19.0,41203.63,Cash,Delivery,Open,Franchise
OUT12086,Domino'S,Domino's - Ranchi 6,Ranchi,Jharkhand,796001.0,Mall,Pizza,2023-04-01,119.0,21165.2,177.86,4.2,10.0,10.0,146338.57,Card,Delivery,Open,Company Owned
OUT12087,Domino'S,Domino's - Nagpur 7,Nagpur,Maharashtra,400001.0,High Street,Burger,2024-02-05,187.0,20753.1,110.98,3.8,15.0,25.0,123871.51,UPI,Dine-in,Renovation,Franchise
OUT12088,Subway,Subway - Puducherry 10,Puducherry,Puducherry,737101.0,Standalone,Donuts,2024-12-17,103.0,21513.46,208.87,4.2,27.0,13.0,58592.77,UPI,Delivery,Closed,Franchise
OUT12089,Domino'S,Domino's - Daman 19,Daman,Dadra And Nagar Haveli And Daman And Diu,781001.0,High Street,Fried Chicken,2024-05-23,121.0,19158.75,158.34,4.8,7.0,35.0,134354.92,Card,Drive-thru,Closed,Franchise
OUT12090,Domino'S,Domino's - Kolkata 2,Kolkata,West Bengal,700091.0,Mall,Donuts,2023-03-23,195.0,28764.96,147.51,2.9,4.0,26.0,122617.21,UPI,Delivery,Closed,Company Owned
OUT12091,Wendy'S,Wendy's - Mysuru 16,Mysuru,Karnataka,570001.0,Drive-Thru,Tacos,2024-12-19,50.0,23323.37,466.47,3.7,14.0,28.0,36020.8,Wallet,Takeaway,Renovation,Franchise
OUT12092,Burger King,Burger King - Patna 12,Patna,Bihar,793001.0,Drive-Thru,Sandwich,2023-06-22,94.0,23242.97,247.27,3.7,12.0,29.0,60600.69,Cash,Takeaway,Open,Franchise
OUT12093,Wendy'S,Wendy's - Shillong 13,Shillong,Meghalaya,797001.0,Standalone,Burger,2024-01-08,289.0,15529.75,53.74,3.6,28.0,30.0,71885.05,Card,Dine-in,Open,Company Owned
OUT12094,Starbucks,Starbucks - Gurugram 5,Gurugram,Haryana,396210.0,Standalone,Donuts,2023-01-17,98.0,17179.35,175.3,4.2,4.0,12.0,117856.43,Card,Dine-in,Renovation,Franchise
OUT12095,Kfc,KFC - Thiruvananthapuram 2,Thiruvananthapuram,Kerala,396210.0,Drive-Thru,Pizza,2025-11-22,185.0,21518.9,116.32,4.1,29.0,2.0,99731.31,Card,Takeaway,Open,Franchise
OUT12096,Mcdonald'S,McDonald's - Nagpur 34,Nagpur,Maharashtra,400601.0,Food Court,Coffee & Snacks,2024-03-30,204.0,15625.5,76.6,3.4,5.0,25.0,180451.45,UPI,Drive-thru,Open,Franchise
OUT12097,Mcdonald'S,McDonald's - Srinagar 36,Srinagar,Jammu And Kashmir,462001.0,Food Court,Fried Chicken,2023-03-06,154.0,16549.5,107.46,3.6,24.0,31.0,53248.58,Card,Takeaway,Open,Franchise
OUT12098,Taco Bell,Taco Bell - Dehradun 1,Dehradun,Uttarakhand,492001.0,Mall,Sandwich,2024-06-15,182.0,26695.77,146.68,3.7,24.0,7.0,73320.61,Wallet,Takeaway,Closed,Franchise
OUT12099,Kfc,KFC - Kavaratti 19,Kavaratti,Lakshadweep,492001.0,Food Court,Fried Chicken,2025-01-14,1000.0,350000.0,125.18,3.5,28.0,3.0,76808.15,Cash,Takeaway,Open,Company Owned
OUT12100,Dunkin',Dunkin' - Patna 12,Patna,Bihar,781001.0,Standalone,Donuts,2023-07-06,210.0,22151.88,105.49,3.5,6.0,17.0,126929.04,Wallet,Dine-in,Open,Company Owned
OUT12101,Subway,Subway - Leh 2,Leh,Ladakh,834001.0,Standalone,Tacos,2024-09-30,153.0,14638.33,95.68,3.6,16.0,27.0,69650.79,Wallet,Delivery,Open,Franchise
OUT12102,Pizza Hut,Pizza Hut - Puducherry 32,Puducherry,Puducherry,171001.0,Mall,Donuts,2025-11-15,125.0,21304.81,170.44,3.5,7.0,27.0,55142.57,Card,Drive-thru,Open,Company Owned
OUT12103,Burger King,Burger King - Kochi 33,Kochi,Kerala,462001.0,Drive-Thru,Burger,2024-04-19,218.0,7306.87,33.52,3.4,6.0,31.0,80137.85,Card,Delivery,Open,Company Owned
OUT12104,Mcdonald'S,McDonald's - Leh 7,Leh,Ladakh,682553.0,Mall,Tacos,2025-08-16,84.0,18791.31,223.71,5.0,24.0,30.0,81380.16,UPI,Delivery,Open,Franchise
OUT12105,Subway,Subway - Kolkata 6,Kolkata,West Bengal,700091.0,Food Court,Pizza,2025-08-25,123.0,6189.4,50.32,4.4,22.0,9.0,102511.04,Card,Delivery,Open,Franchise
OUT12106,Pizza Hut,Pizza Hut - Shillong 8,Shillong,Meghalaya,781001.0,Mall,Sandwich,2023-07-02,193.0,16980.37,87.98,3.4,20.0,3.0,138269.42,Wallet,Takeaway,Open,Company Owned
OUT12107,Burger King,Burger King - Kavaratti 28,Kavaratti,Lakshadweep,403001.0,Standalone,Pizza,2024-10-15,102.0,9560.38,93.73,3.9,15.0,13.0,144752.88,Card,Takeaway,Open,Franchise
OUT12108,Domino'S,Domino's - Guwahati 16,Guwahati,Assam,795001.0,Drive-Thru,Sandwich,2024-03-27,12.0,22909.15,1909.1,3.9,16.0,15.0,96408.87,Wallet,Takeaway,Closed,Company Owned
OUT12109,Burger King,Burger King - Bhopal 31,Bhopal,Madhya Pradesh,799001.0,Standalone,Donuts,2024-02-15,154.0,20820.32,135.2,5.0,28.0,34.0,83364.94,Cash,Drive-thru,Open,Company Owned
OUT12110,Domino'S,Domino's - Panaji 32,Panaji,Goa,682001.0,Food Court,Burger,2024-02-05,184.0,16859.36,91.63,4.0,18.0,34.0,83010.35,Card,Delivery,Open,Franchise
OUT12111,Dunkin',Dunkin' - Panaji 9,Panaji,Goa,737101.0,Standalone,Donuts,2025-11-01,98.0,31727.72,323.75,3.9,13.0,25.0,122237.57,Cash,Dine-in,Renovation,Company Owned
OUT12112,Burger King,Burger King - Kochi 18,Kochi,Kerala,834001.0,Food Court,Pizza,2025-04-25,69.0,17942.09,260.03,3.8,30.0,18.0,90278.12,UPI,Delivery,Renovation,Franchise
OUT12113,Dunkin',Dunkin' - Nagpur 33,Nagpur,Maharashtra,422001.0,Food Court,Fried Chicken,2024-07-05,191.0,11822.44,61.9,4.3,24.0,24.0,64225.95,Wallet,Delivery,Open,Franchise
OUT12114,Mcdonald'S,McDonald's - New Delhi 4,New Delhi,Delhi,110025.0,Mall,Burger,2024-09-07,138.0,29494.38,213.73,3.1,17.0,6.0,66004.64,Wallet,Drive-thru,Open,Company Owned
OUT12115,Mcdonald'S,McDonald's - Lucknow 5,Lucknow,Uttar Pradesh,226001.0,Drive-Thru,Fried Chicken,2025-11-23,84.0,1249.01,14.87,3.7,24.0,18.0,44890.62,UPI,Takeaway,Open,Company Owned
OUT12116,Starbucks,Starbucks - Ranchi 25,Ranchi,Jharkhand,800001.0,Standalone,Fried Chicken,2025-08-20,181.0,9725.36,53.73,3.9,9.0,11.0,69220.07,Wallet,Takeaway,Closed,Company Owned
OUT12117,Mcdonald'S,McDonald's - Aizawl 7,Aizawl,Mizoram,795001.0,High Street,Pizza,2025-02-06,148.0,16387.34,110.73,3.5,10.0,22.0,121420.28,Wallet,Delivery,Closed,Company Owned
OUT12118,Dunkin',Dunkin' - Dehradun 2,Dehradun,Uttarakhand,795001.0,Mall,Burger,2023-01-31,225.0,20622.43,91.66,3.5,10.0,4.0,138701.04,Wallet,Dine-in,Renovation,Franchise
OUT12119,Domino'S,Domino's - Shillong 32,Shillong,Meghalaya,396210.0,Standalone,Coffee & Snacks,2025-11-26,147.0,25790.34,175.44,3.6,19.0,28.0,133408.12,Cash,Drive-thru,Open,Company Owned
OUT12120,Domino'S,Domino's - Kavaratti 38,Kavaratti,Lakshadweep,799001.0,Standalone,Coffee & Snacks,2025-08-22,218.0,15133.48,69.42,4.9,6.0,6.0,59584.8,UPI,Drive-thru,Open,Franchise
OUT12121,Domino'S,Domino's - Ludhiana 11,Ludhiana,Punjab,143001.0,Standalone,Coffee & Snacks,2025-03-27,168.0,29104.92,173.24,4.2,20.0,21.0,119454.87,Cash,Dine-in,Open,Franchise
OUT12122,Starbucks,Starbucks - Indore 7,Indore,Madhya Pradesh,682001.0,Drive-Thru,Coffee & Snacks,2023-08-02,133.0,28385.2,213.42,3.5,28.0,21.0,91303.54,Wallet,Dine-in,Open,Franchise
OUT12123,Mcdonald'S,McDonald's - Gangtok 25,Gangtok,Sikkim,682001.0,Mall,Burger,2025-03-14,91.0,25934.26,284.99,3.3,17.0,20.0,135433.87,Wallet,Dine-in,Open,Franchise
OUT12124,Pizza Hut,Pizza Hut - Kochi 18,Kochi,Kerala,799001.0,Standalone,Fried Chicken,2025-03-01,98.0,13387.58,136.61,4.2,9.0,22.0,125718.71,Card,Dine-in,Open,Franchise
OUT12125,Pizza Hut,Pizza Hut - Agartala 18,Agartala,Tripura,799001.0,High Street,Pizza,2023-01-14,184.0,5347.12,29.06,4.4,26.0,33.0,89807.49,Card,Dine-in,Renovation,Company Owned
OUT12126,Dunkin',Dunkin' - Noida 35,Noida,Uttar Pradesh,221001.0,Standalone,Donuts,2024-02-05,189.0,10454.66,55.32,4.5,9.0,2.0,111524.49,UPI,Dine-in,Closed,Company Owned
OUT12127,Subway,Subway - Varanasi 8,Varanasi,Uttar Pradesh,201301.0,High Street,Burger,2023-09-07,158.0,36461.03,230.77,3.3,21.0,6.0,90498.25,Wallet,Drive-thru,Open,Franchise
OUT12128,Subway,Subway - Lucknow 19,Lucknow,Uttar Pradesh,221001.0,Drive-Thru,Tacos,2024-08-23,161.0,15247.27,94.7,4.3,20.0,5.0,119380.44,UPI,Takeaway,Open,Franchise
OUT12129,Subway,Subway - Chennai 35,Chennai,Tamil Nadu,641001.0,High Street,Pizza,2025-09-28,225.0,11810.98,52.49,4.3,28.0,6.0,16304.33,Card,Drive-thru,Open,Franchise
OUT12130,Starbucks,Starbucks - Mumbai 4,Mumbai,Maharashtra,422001.0,Mall,Pizza,2024-01-03,174.0,20687.3,118.89,3.3,15.0,22.0,109718.26,Card,Dine-in,Closed,Franchise
OUT12131,Kfc,KFC - Mysuru 9,Mysuru,Karnataka,560001.0,High Street,Tacos,2024-01-17,99.0,5690.1,57.48,3.8,15.0,12.0,111685.09,Wallet,Takeaway,Open,Company Owned
OUT12132,Dunkin',Dunkin' - Srinagar 21,Srinagar,Jammu And Kashmir,682553.0,Food Court,Donuts,2025-12-19,184.0,22678.59,123.25,3.9,28.0,8.0,97037.91,Card,Dine-in,Open,Company Owned
OUT12133,Taco Bell,Taco Bell - Itanagar 10,Itanagar,Arunachal Pradesh,682553.0,Drive-Thru,Burger,2024-02-14,241.0,26757.9,111.03,3.8,14.0,16.0,133183.69,Wallet,Dine-in,Renovation,Company Owned
OUT12134,Mcdonald'S,McDonald's - Daman 14,Daman,Dadra And Nagar Haveli And Daman And Diu,799001.0,Drive-Thru,Tacos,2025-11-06,167.0,15743.49,94.27,4.6,8.0,11.0,73334.02,Wallet,Dine-in,Open,Franchise
OUT12135,Burger King,Burger King - Hyderabad 1,Hyderabad,Telangana,500001.0,Drive-Thru,Sandwich,2024-01-17,87.0,26629.24,306.08,4.8,12.0,28.0,112301.42,UPI,Takeaway,Renovation,Company Owned
OUT12136,Mcdonald'S,McDonald's - Kochi 26,Kochi,Kerala,795001.0,Drive-Thru,Burger,2024-03-11,89.0,22765.84,255.8,3.5,5.0,11.0,88070.42,Unknown,Takeaway,Open,Company Owned
OUT12137,Burger King,Burger King - Agartala 39,Agartala,Tripura,781001.0,High Street,Tacos,2024-12-08,151.0,23772.47,157.43,4.5,4.0,14.0,80400.86,Wallet,Dine-in,Open,Franchise
OUT12138,Taco Bell,Taco Bell - Chennai 20,Chennai,Tamil Nadu,641001.0,High Street,Donuts,2023-08-06,123.0,22002.77,178.88,4.7,18.0,13.0,93382.48,Unknown,Delivery,Closed,Franchise
OUT12139,Mcdonald'S,McDonald's - Bhopal 37,Bhopal,Madhya Pradesh,492001.0,Drive-Thru,Tacos,2024-02-25,132.0,13303.05,100.78,4.6,26.0,30.0,20908.99,Cash,Drive-thru,Renovation,Franchise
OUT12140,Starbucks,Starbucks - Daman 5,Daman,Dadra And Nagar Haveli And Daman And Diu,682001.0,High Street,Tacos,2025-07-16,148.0,15751.71,106.43,4.0,27.0,8.0,86046.12,Cash,Takeaway,Closed,Company Owned
OUT12141,Domino'S,Domino's - Port Blair 24,Port Blair,Andaman And Nicobar Islands,248001.0,Drive-Thru,Tacos,2023-05-14,82.0,13899.08,169.5,4.6,15.0,10.0,80615.4,Wallet,Drive-thru,Open,Company Owned
OUT12142,Mcdonald'S,McDonald's - Patna 20,Patna,Bihar,781001.0,High Street,Pizza,2025-10-13,111.0,7861.47,70.82,5.0,12.0,11.0,111731.46,Card,Takeaway,Open,Company Owned
OUT12143,Mcdonald'S,McDonald's - Gangtok 19,Gangtok,Sikkim,682553.0,High Street,Fried Chicken,2023-04-25,122.0,19513.19,159.94,4.6,4.0,15.0,48354.69,Card,Delivery,Open,Company Owned
OUT12144,Subway,Subway - Nagpur 33,Nagpur,Maharashtra,400601.0,Standalone,Fried Chicken,2025-03-25,136.0,23933.74,175.98,3.9,15.0,4.0,66448.89,Card,Delivery,Open,Company Owned
OUT12145,Subway,Subway - Surat 9,Surat,Gujarat,380001.0,Standalone,Donuts,2024-06-14,142.0,20403.36,143.69,3.4,25.0,28.0,87319.1,Card,Takeaway,Renovation,Franchise
OUT12146,Domino'S,Domino's - Bengaluru 25,Bengaluru,Karnataka,560001.0,Standalone,Pizza,2025-03-25,178.0,23521.74,132.14,3.2,19.0,33.0,128290.57,Wallet,Dine-in,Open,Company Owned
OUT12147,Kfc,KFC - Chandigarh 13,Chandigarh,Chandigarh,793001.0,Drive-Thru,Donuts,2024-04-22,184.0,19211.7,104.41,4.0,4.0,8.0,47718.42,Cash,Drive-thru,Renovation,Franchise
OUT12148,Wendy'S,Wendy's - Kolkata 18,Kolkata,West Bengal,700091.0,Drive-Thru,Coffee & Snacks,2024-11-16,63.0,28421.09,451.13,3.5,24.0,27.0,55594.99,Cash,Dine-in,Open,Company Owned
OUT12149,Mcdonald'S,McDonald's - Pune 12,Pune,Maharashtra,400601.0,Standalone,Burger,2025-05-06,107.0,2635.23,24.63,3.6,18.0,31.0,92719.39,Card,Drive-thru,Renovation,Franchise
OUT12150,Burger King,Burger King - Shimla 9,Shimla,Himachal Pradesh,171001.0,Mall,Unknown,2025-08-24,132.0,9099.05,68.93,4.0,27.0,25.0,67337.72,Wallet,Delivery,Closed,Company Owned
OUT12151,Subway,Subway - Shillong 6,Shillong,Meghalaya,737101.0,Standalone,Burger,2024-08-19,147.0,13020.55,88.58,4.1,23.0,4.0,137154.3,Card,Delivery,Open,Franchise
OUT12152,Dunkin',Dunkin' - Pune 18,Pune,Maharashtra,411001.0,Mall,Tacos,2024-09-19,140.0,14348.63,102.49,4.2,12.0,9.0,114010.19,Cash,Delivery,Open,Company Owned
OUT12153,Wendy'S,Wendy's - Chandigarh 35,Chandigarh,Chandigarh,781001.0,High Street,Donuts,2023-01-25,124.0,12376.78,99.81,4.1,8.0,34.0,96679.77,Card,Delivery,Open,Franchise
OUT12154,Dunkin',Dunkin' - Itanagar 1,Itanagar,Arunachal Pradesh,793001.0,Standalone,Fried Chicken,2023-01-07,47.0,24843.64,528.59,4.2,5.0,17.0,65441.64,UPI,Takeaway,Open,Franchise
OUT12155,Dunkin',Dunkin' - Jaipur 11,Jaipur,Rajasthan,313001.0,High Street,Fried Chicken,2025-08-05,179.0,29958.2,167.36,4.1,8.0,6.0,82489.29,Cash,Delivery,Open,Franchise
OUT12156,Burger King,Burger King - Gangtok 12,Gangtok,Sikkim,492001.0,Food Court,Coffee & Snacks,2025-02-16,240.0,22054.75,91.89,2.8,22.0,34.0,55887.68,Card,Drive-thru,Open,Franchise
OUT12157,Kfc,KFC - Bhubaneswar 32,Bhubaneswar,Odisha,403001.0,Food Court,Sandwich,2023-10-24,160.0,18046.36,112.79,3.7,18.0,20.0,49566.93,UPI,Dine-in,Open,Franchise
OUT12158,Pizza Hut,Pizza Hut - Ludhiana 16,Ludhiana,Punjab,143001.0,Food Court,Fried Chicken,2023-11-28,146.0,18555.56,127.09,4.0,27.0,27.0,89000.04,Cash,Drive-thru,Open,Company Owned
OUT12159,Pizza Hut,Pizza Hut - Vijayawada 24,Vijayawada,Andhra Pradesh,737101.0,High Street,Pizza,2023-04-21,140.0,16749.4,119.64,4.6,4.0,8.0,87403.64,UPI,Dine-in,Open,Franchise
OUT12160,Kfc,KFC - Indore 3,Indore,Madhya Pradesh,682001.0,Standalone,Sandwich,2024-08-25,91.0,15754.61,173.13,2.9,21.0,32.0,76051.76,Card,Delivery,Open,Company Owned
OUT12161,Kfc,KFC - Daman 24,Daman,Dadra And Nagar Haveli And Daman And Diu,403001.0,Drive-Thru,Coffee & Snacks,2025-11-04,203.0,26371.25,129.91,4.0,22.0,24.0,127513.76,Wallet,Drive-thru,Closed,Franchise
OUT12162,Starbucks,Starbucks - Mumbai 17,Mumbai,Maharashtra,400001.0,High Street,Tacos,2023-10-18,138.0,16909.85,122.54,4.8,22.0,7.0,70403.38,Card,Dine-in,Open,Company Owned
OUT12163,Starbucks,Starbucks - Ahmedabad 16,Ahmedabad,Gujarat,380001.0,High Street,Burger,2025-12-06,143.0,22503.68,157.37,3.4,5.0,29.0,57008.73,Card,Delivery,Closed,Company Owned
OUT12164,Starbucks,Starbucks - Ludhiana 24,Ludhiana,Punjab,143001.0,Standalone,Sandwich,2023-10-08,125.0,12782.04,102.26,3.2,28.0,26.0,137969.74,UPI,Dine-in,Open,Company Owned
OUT12165,Pizza Hut,Pizza Hut - Daman 11,Daman,Dadra And Nagar Haveli And Daman And Diu,793001.0,Mall,Sandwich,2024-01-06,134.0,26056.87,194.45,3.6,14.0,26.0,133041.94,Wallet,Dine-in,Open,Company Owned
OUT12166,Starbucks,Starbucks - Bengaluru 28,Bengaluru,Karnataka,570001.0,Mall,Fried Chicken,2025-06-03,157.0,16951.94,107.97,4.1,25.0,19.0,75710.9,UPI,Drive-thru,Open,Company Owned
OUT12167,Wendy'S,Wendy's - Panaji 16,Panaji,Goa,751001.0,Standalone,Pizza,2023-12-01,203.0,27737.81,136.64,4.2,10.0,35.0,92869.03,UPI,Delivery,Closed,Franchise
OUT12168,Wendy'S,Wendy's - Indore 32,Indore,Madhya Pradesh,799001.0,Standalone,Tacos,2025-01-18,182.0,16568.48,91.04,4.0,14.0,29.0,114190.45,UPI,Takeaway,Closed,Company Owned
OUT12169,Dunkin',Dunkin' - Raipur 10,Raipur,Chhattisgarh,682553.0,High Street,Tacos,2024-03-23,97.0,21577.66,222.45,4.2,30.0,2.0,107740.88,Card,Dine-in,Open,Company Owned
OUT12170,Starbucks,Starbucks - Faridabad 10,Faridabad,Haryana,403001.0,Food Court,Coffee & Snacks,2024-12-10,164.0,20594.33,125.58,3.1,19.0,15.0,115457.32,UPI,Dine-in,Closed,Franchise
OUT12171,Subway,Subway - Varanasi 37,Varanasi,Uttar Pradesh,221001.0,Food Court,Pizza,2024-11-16,223.0,12770.95,57.27,3.5,23.0,33.0,112576.21,Wallet,Drive-thru,Open,Company Owned
OUT12172,Subway,Subway - Srinagar 13,Srinagar,Jammu And Kashmir,396210.0,Drive-Thru,Fried Chicken,2024-09-01,134.0,6546.54,48.85,4.3,13.0,33.0,35580.41,Cash,Drive-thru,Closed,Company Owned
OUT12173,Kfc,KFC - Ahmedabad 5,Ahmedabad,Gujarat,395001.0,Mall,Tacos,2025-03-05,140.0,22057.69,157.55,3.8,21.0,33.0,127228.59,UPI,Drive-thru,Open,Company Owned
OUT12174,Taco Bell,Taco Bell - Surat 23,Surat,Gujarat,395001.0,Food Court,Sandwich,2024-01-06,51.0,19100.0,374.51,4.0,11.0,33.0,25925.05,Cash,Dine-in,Renovation,Company Owned
OUT12175,Kfc,KFC - Thane 30,Thane,Maharashtra,400601.0,Mall,Donuts,2025-09-07,84.0,18439.31,219.52,3.9,20.0,13.0,46624.05,Wallet,Delivery,Open,Franchise
OUT12176,Dunkin',Dunkin' - Jammu 31,Jammu,Jammu And Kashmir,682001.0,Mall,Pizza,2024-07-13,153.0,22909.23,149.73,4.2,17.0,9.0,107641.62,Cash,Dine-in,Open,Franchise
OUT12177,Wendy'S,Wendy's - Dehradun 32,Dehradun,Uttarakhand,462001.0,Drive-Thru,Fried Chicken,2023-07-07,155.0,27189.03,175.41,3.3,10.0,16.0,53366.66,Cash,Delivery,Closed,Company Owned
OUT12178,Kfc,KFC - Bengaluru 13,Bengaluru,Karnataka,560001.0,Mall,Sandwich,2025-01-10,110.0,20163.12,183.3,4.5,10.0,19.0,65427.74,UPI,Dine-in,Open,Franchise
OUT12179,Kfc,KFC - Ludhiana 6,Ludhiana,Punjab,143001.0,High Street,Donuts,2023-07-14,185.0,23954.74,129.49,3.9,25.0,28.0,80492.31,Cash,Drive-thru,Open,Company Owned
OUT12180,Kfc,KFC - Leh 14,Leh,Ladakh,492001.0,Standalone,Fried Chicken,2025-01-31,194.0,27361.73,141.04,4.3,19.0,12.0,72822.35,UPI,Takeaway,Open,Company Owned
OUT12181,Pizza Hut,Pizza Hut - Mysuru 13,Mysuru,Karnataka,560001.0,Mall,Fried Chicken,2025-03-09,216.0,14998.71,69.44,4.0,11.0,11.0,79101.97,UPI,Takeaway,Open,Company Owned
OUT12182,Dunkin',Dunkin' - Noida 5,Noida,Uttar Pradesh,221001.0,Food Court,Fried Chicken,2023-02-27,204.0,13900.89,68.14,5.0,28.0,30.0,167731.82,Wallet,Dine-in,Open,Company Owned
OUT12183,Taco Bell,Taco Bell - Kohima 32,Kohima,Nagaland,403001.0,Drive-Thru,Fried Chicken,2023-01-09,168.0,21077.13,125.46,5.0,12.0,29.0,83817.46,Cash,Delivery,Open,Company Owned
OUT12184,Dunkin',Dunkin' - Port Blair 17,Port Blair,Andaman And Nicobar Islands,795001.0,Mall,Tacos,2024-10-25,131.0,15391.24,117.49,4.4,16.0,3.0,83352.66,Cash,Dine-in,Open,Company Owned
OUT12185,Subway,Subway - Raipur 34,Raipur,Chhattisgarh,799001.0,Drive-Thru,Tacos,2023-12-07,191.0,13540.52,70.89,3.6,17.0,27.0,23459.17,Wallet,Takeaway,Renovation,Franchise
OUT12186,Mcdonald'S,McDonald's - Lucknow 40,Lucknow,Uttar Pradesh,201301.0,Standalone,Sandwich,2025-10-29,130.0,23834.78,183.34,3.5,20.0,10.0,122748.12,Card,Delivery,Open,Company Owned
OUT12187,Wendy'S,Wendy's - Raipur 30,Raipur,Chhattisgarh,800001.0,High Street,Tacos,2025-05-23,171.0,11391.83,66.62,3.9,14.0,20.0,119966.99,Cash,Drive-thru,Open,Franchise
OUT12188,Pizza Hut,Pizza Hut - Jaipur 18,Jaipur,Rajasthan,313001.0,High Street,Coffee & Snacks,2025-02-24,125.0,20133.71,161.07,4.2,14.0,13.0,103941.06,UPI,Takeaway,Open,Company Owned
OUT12189,Mcdonald'S,McDonald's - Leh 36,Leh,Ladakh,248001.0,Mall,Tacos,2023-08-21,194.0,20805.45,107.24,3.2,26.0,9.0,113821.46,Card,Dine-in,Open,Company Owned
OUT12190,Burger King,Burger King - Bengaluru 36,Bengaluru,Karnataka,570001.0,Food Court,Fried Chicken,2024-07-12,124.0,15225.25,122.78,4.7,28.0,8.0,84589.34,UPI,Drive-thru,Open,Franchise
OUT12191,Mcdonald'S,McDonald's - Chandigarh 11,Chandigarh,Chandigarh,462001.0,Standalone,Donuts,2025-02-21,130.0,21552.88,165.79,3.6,6.0,17.0,109805.86,Wallet,Drive-thru,Renovation,Company Owned
OUT12192,Starbucks,Starbucks - Jammu 1,Jammu,Jammu And Kashmir,834001.0,Food Court,Donuts,2024-09-04,125.0,17175.71,137.41,4.5,12.0,3.0,112778.33,UPI,Takeaway,Open,Franchise
OUT12193,Starbucks,Starbucks - Kohima 5,Kohima,Nagaland,492001.0,High Street,Sandwich,2023-03-04,137.0,22360.61,163.22,3.7,6.0,32.0,103381.23,Cash,Delivery,Open,Franchise
OUT12194,Starbucks,Starbucks - Bhubaneswar 13,Bhubaneswar,Odisha,492001.0,Standalone,Coffee & Snacks,2023-08-21,200.0,29023.43,145.12,4.3,25.0,15.0,121936.48,Card,Drive-thru,Open,Company Owned
OUT12195,Kfc,KFC - Leh 21,Leh,Ladakh,682553.0,Drive-Thru,Fried Chicken,2025-10-25,172.0,21816.75,126.84,3.9,5.0,16.0,97234.26,Wallet,Dine-in,Renovation,Franchise
OUT12196,Burger King,Burger King - Bhopal 15,Bhopal,Madhya Pradesh,744101.0,Mall,Pizza,2023-05-25,103.0,29466.61,286.08,4.4,18.0,30.0,130893.97,Cash,Delivery,Open,Company Owned
OUT12197,Pizza Hut,Pizza Hut - Vijayawada 35,Vijayawada,Andhra Pradesh,492001.0,Mall,Donuts,2025-11-16,174.0,8319.37,47.81,4.2,30.0,26.0,116414.63,Card,Drive-thru,Open,Company Owned
OUT12198,Wendy'S,Wendy's - Hyderabad 25,Hyderabad,Telangana,500001.0,High Street,Pizza,2023-03-22,141.0,22081.4,156.61,3.6,5.0,4.0,93561.11,Cash,Delivery,Renovation,Franchise
OUT12199,Subway,Subway - Dehradun 18,Dehradun,Uttarakhand,799001.0,High Street,Coffee & Snacks,2024-09-07,51.0,29260.52,573.74,4.4,29.0,30.0,104391.81,Wallet,Drive-thru,Open,Company Owned
OUT12200,Mcdonald'S,McDonald's - Nashik 17,Nashik,Maharashtra,411001.0,High Street,Tacos,2025-07-06,170.0,23219.87,136.59,4.6,19.0,26.0,87934.03,Wallet,Takeaway,Open,Franchise
OUT12201,Dunkin',Dunkin' - Bhopal 7,Bhopal,Madhya Pradesh,795001.0,Food Court,Pizza,2023-03-07,127.0,33464.62,263.5,4.6,16.0,31.0,100418.51,Wallet,Takeaway,Open,Company Owned
OUT12202,Wendy'S,Wendy's - New Delhi 17,New Delhi,Delhi,110017.0,Standalone,Burger,2023-10-04,165.0,12053.0,73.05,5.0,29.0,11.0,84561.34,Wallet,Delivery,Closed,Company Owned
OUT12203,Subway,Subway - Pune 15,Pune,Maharashtra,411001.0,Standalone,Sandwich,2025-12-16,153.0,17909.21,117.05,3.8,9.0,31.0,76987.33,Card,Dine-in,Closed,Franchise
OUT12204,Dunkin',Dunkin' - New Delhi 5,New Delhi,Delhi,110001.0,Standalone,Tacos,2023-07-07,145.0,10403.45,71.75,4.6,28.0,23.0,131437.05,Wallet,Dine-in,Renovation,Franchise
OUT12205,Dunkin',Dunkin' - Puducherry 21,Puducherry,Puducherry,492001.0,Standalone,Pizza,2023-07-14,163.0,21914.97,134.45,4.0,9.0,34.0,115749.76,Cash,Drive-thru,Renovation,Franchise
OUT12206,Domino'S,Domino's - Vijayawada 3,Vijayawada,Andhra Pradesh,462001.0,Mall,Coffee & Snacks,2024-09-12,146.0,28966.03,198.4,3.6,8.0,3.0,132768.49,Card,Drive-thru,Open,Franchise
OUT12207,Taco Bell,Taco Bell - Aizawl 38,Aizawl,Mizoram,248001.0,High Street,Tacos,2023-01-01,77.0,39523.47,513.29,4.1,10.0,26.0,92432.34,Cash,Drive-thru,Open,Company Owned
OUT12208,Mcdonald'S,McDonald's - Varanasi 34,Varanasi,Uttar Pradesh,226001.0,Drive-Thru,Sandwich,2025-08-19,106.0,27882.29,263.04,3.9,18.0,21.0,46839.54,Cash,Dine-in,Open,Franchise
OUT12209,Burger King,Burger King - Aizawl 35,Aizawl,Mizoram,248001.0,High Street,Sandwich,2023-03-03,166.0,9931.15,59.83,3.6,23.0,20.0,104093.84,Card,Delivery,Open,Franchise
OUT12210,Subway,Subway - Visakhapatnam 5,Visakhapatnam,Andhra Pradesh,248001.0,High Street,Tacos,2024-02-04,150.0,18288.63,121.92,3.6,15.0,19.0,95883.53,Wallet,Drive-thru,Renovation,Franchise
OUT12211,Subway,Subway - Nashik 13,Nashik,Maharashtra,422001.0,Food Court,Pizza,2024-12-21,149.0,20340.18,136.51,3.4,18.0,3.0,103607.62,Card,Delivery,Open,Company Owned
OUT12212,Dunkin',Dunkin' - Lucknow 3,Lucknow,Uttar Pradesh,226001.0,Mall,Coffee & Snacks,2024-10-04,135.0,5360.4,39.71,4.3,5.0,27.0,90451.12,Wallet,Drive-thru,Open,Franchise
OUT12213,Wendy'S,Wendy's - Puducherry 26,Puducherry,Puducherry,744101.0,Mall,Donuts,2025-02-16,141.0,22825.82,161.89,3.9,17.0,6.0,80555.46,Card,Drive-thru,Open,Franchise
OUT12214,Subway,Subway - Kohima 1,Kohima,Nagaland,492001.0,Drive-Thru,Coffee & Snacks,2024-11-22,193.0,19199.58,99.48,4.4,11.0,22.0,102039.56,Card,Drive-thru,Closed,Franchise
OUT12215,Pizza Hut,Pizza Hut - Mysuru 3,Mysuru,Karnataka,570001.0,Mall,Tacos,2025-04-26,213.0,32505.91,152.61,3.5,13.0,10.0,126823.33,Wallet,Drive-thru,Open,Franchise
OUT12216,Dunkin',Dunkin' - Shimla 9,Shimla,Himachal Pradesh,403001.0,Food Court,Donuts,2025-02-06,145.0,13729.54,94.69,4.5,26.0,6.0,129020.62,UPI,Delivery,Open,Company Owned
OUT12217,Starbucks,Starbucks - Gangtok 5,Gangtok,Sikkim,403001.0,Mall,Sandwich,2024-06-28,84.0,11680.21,139.05,3.5,5.0,24.0,85626.12,Wallet,Drive-thru,Open,Franchise
OUT12218,Pizza Hut,Pizza Hut - Ranchi 40,Ranchi,Jharkhand,396210.0,Mall,Sandwich,2025-09-18,159.0,18731.91,117.81,4.6,11.0,32.0,89799.72,Wallet,Delivery,Open,Company Owned
OUT12219,Kfc,KFC - Varanasi 22,Varanasi,Uttar Pradesh,201301.0,Food Court,Burger,2025-08-07,121.0,14642.64,121.01,4.5,10.0,7.0,58232.66,UPI,Drive-thru,Open,Company Owned
OUT12220,Pizza Hut,Pizza Hut - Ahmedabad 20,Ahmedabad,Gujarat,380001.0,Drive-Thru,Coffee & Snacks,2025-11-26,167.0,23053.71,138.05,3.8,21.0,20.0,51363.18,UPI,Takeaway,Closed,Company Owned
OUT12221,Kfc,KFC - Visakhapatnam 27,Visakhapatnam,Andhra Pradesh,781001.0,High Street,Sandwich,2023-09-01,118.0,14134.74,119.79,4.4,30.0,3.0,109347.41,Wallet,Dine-in,Closed,Franchise
OUT12222,Wendy'S,Wendy's - Chennai 24,Chennai,Tamil Nadu,600001.0,Standalone,Burger,2025-06-19,211.0,22981.96,108.92,3.4,9.0,4.0,104610.5,Cash,Takeaway,Closed,Company Owned
OUT12223,Taco Bell,Taco Bell - Kolkata 34,Kolkata,West Bengal,700091.0,Food Court,Burger,2024-06-29,185.0,15202.38,82.18,3.5,23.0,24.0,111726.79,Card,Dine-in,Renovation,Franchise
OUT12224,Subway,Subway - Mysuru 5,Mysuru,Karnataka,570001.0,Mall,Tacos,2024-07-05,190.0,14326.07,75.4,3.6,27.0,3.0,48603.41,Wallet,Delivery,Open,Company Owned
OUT12225,Domino'S,Domino's - Surat 2,Surat,Gujarat,380001.0,Mall,Coffee & Snacks,2025-07-24,225.0,12427.63,55.23,3.2,9.0,17.0,108672.53,Card,Takeaway,Closed,Company Owned
OUT12226,Dunkin',Dunkin' - Ahmedabad 31,Ahmedabad,Gujarat,380001.0,Drive-Thru,Coffee & Snacks,2025-06-30,45.0,10677.7,237.28,3.0,14.0,7.0,160940.15,Cash,Delivery,Renovation,Franchise
OUT12227,Domino'S,Domino's - Aizawl 5,Aizawl,Mizoram,744101.0,Food Court,Pizza,2024-03-03,99.0,14648.61,147.97,4.1,22.0,11.0,101056.83,Cash,Takeaway,Closed,Franchise
OUT12228,Dunkin',Dunkin' - Shimla 30,Shimla,Himachal Pradesh,396210.0,Mall,Tacos,2023-09-24,112.0,13097.8,116.94,3.6,5.0,9.0,109787.24,UPI,Delivery,Closed,Company Owned
OUT12229,Kfc,KFC - Kohima 9,Kohima,Nagaland,751001.0,Drive-Thru,Burger,2025-02-06,160.0,11652.15,72.83,4.0,8.0,24.0,142353.05,Wallet,Delivery,Open,Franchise
OUT12230,Burger King,Burger King - Kolkata 29,Kolkata,West Bengal,700001.0,Standalone,Coffee & Snacks,2025-06-12,113.0,23689.58,209.64,4.8,29.0,24.0,131651.09,UPI,Dine-in,Open,Company Owned
OUT12231,Kfc,KFC - Kochi 40,Kochi,Kerala,396210.0,Drive-Thru,Tacos,2024-08-15,253.0,24174.58,95.55,4.3,27.0,29.0,124968.75,Card,Drive-thru,Open,Franchise
OUT12232,Pizza Hut,Pizza Hut - Jammu 27,Jammu,Jammu And Kashmir,799001.0,High Street,Donuts,2023-04-21,151.0,25215.18,166.99,4.4,23.0,32.0,103353.22,Card,Drive-thru,Closed,Franchise
OUT12233,Starbucks,Starbucks - Shimla 14,Shimla,Himachal Pradesh,799001.0,Drive-Thru,Sandwich,2025-08-05,112.0,7663.68,68.43,3.8,11.0,30.0,94022.66,Wallet,Delivery,Open,Company Owned
OUT12234,Mcdonald'S,McDonald's - Nagpur 9,Nagpur,Maharashtra,400601.0,Standalone,Coffee & Snacks,2025-10-20,119.0,19570.86,164.46,4.7,12.0,32.0,78337.22,Card,Takeaway,Closed,Company Owned
OUT12235,Mcdonald'S,McDonald's - Gurugram 9,Gurugram,Haryana,248001.0,Food Court,Pizza,2025-07-23,160.0,8592.36,53.7,4.7,20.0,25.0,69026.37,Wallet,Takeaway,Closed,Franchise
OUT12236,Taco Bell,Taco Bell - Imphal 18,Imphal,Manipur,800001.0,High Street,Coffee & Snacks,2024-05-13,117.0,19865.82,169.79,4.3,17.0,20.0,116180.79,Cash,Takeaway,Renovation,Franchise
OUT12237,Burger King,Burger King - Pune 5,Pune,Maharashtra,400001.0,High Street,Burger,2025-08-03,272.0,22195.96,81.6,4.4,11.0,6.0,75750.21,UPI,Delivery,Open,Franchise
OUT12238,Kfc,KFC - Coimbatore 18,Coimbatore,Tamil Nadu,641001.0,High Street,Pizza,2023-06-14,305.0,20683.41,67.81,4.6,4.0,25.0,89997.98,Wallet,Dine-in,Open,Company Owned
OUT12239,Starbucks,Starbucks - Ludhiana 15,Ludhiana,Punjab,143001.0,High Street,Tacos,2024-11-08,87.0,12414.64,142.7,4.1,27.0,4.0,65863.14,Wallet,Dine-in,Open,Company Owned
OUT12240,Kfc,KFC - Thiruvananthapuram 24,Thiruvananthapuram,Kerala,744101.0,Drive-Thru,Burger,2025-05-31,216.0,22798.43,105.55,4.8,21.0,8.0,113896.87,Card,Delivery,Open,Franchise
OUT12241,Pizza Hut,Pizza Hut - Shimla 33,Shimla,Himachal Pradesh,462001.0,Drive-Thru,Fried Chicken,2023-07-17,263.0,23390.26,88.94,3.4,13.0,29.0,62403.47,Card,Drive-thru,Closed,Franchise
OUT12242,Mcdonald'S,McDonald's - Pune 1,Pune,Maharashtra,422001.0,Drive-Thru,Coffee & Snacks,2024-10-07,188.0,7973.35,42.41,4.1,28.0,5.0,110883.98,Card,Dine-in,Closed,Franchise
OUT12243,Domino'S,Domino's - Kolkata 30,Kolkata,West Bengal,700091.0,Drive-Thru,Donuts,2023-09-11,120.0,35522.76,296.02,3.5,30.0,32.0,150078.39,Card,Takeaway,Open,Company Owned
OUT12244,Taco Bell,Taco Bell - Gangtok 35,Gangtok,Sikkim,737101.0,Drive-Thru,Coffee & Snacks,2025-01-15,118.0,30710.71,260.26,3.8,8.0,13.0,154780.0,Wallet,Drive-thru,Open,Franchise
OUT12245,Mcdonald'S,McDonald's - Jaipur 5,Jaipur,Rajasthan,313001.0,Standalone,Coffee & Snacks,2023-09-20,63.0,20546.36,326.13,3.7,9.0,21.0,35130.77,Cash,Takeaway,Open,Company Owned
OUT12246,Kfc,KFC - Ranchi 37,Ranchi,Jharkhand,795001.0,High Street,Pizza,2025-12-14,231.0,13203.2,57.16,3.5,13.0,2.0,74365.51,UPI,Drive-thru,Renovation,Franchise
OUT12247,Subway,Subway - Itanagar 16,Itanagar,Arunachal Pradesh,403001.0,Standalone,Donuts,2025-01-10,121.0,24010.89,198.44,3.8,13.0,6.0,34801.61,Cash,Delivery,Closed,Company Owned
OUT12248,Taco Bell,Taco Bell - Thane 5,Thane,Maharashtra,400601.0,Food Court,Pizza,2023-07-24,146.0,24717.65,169.3,4.5,6.0,12.0,24611.5,Cash,Dine-in,Open,Company Owned
OUT12249,Taco Bell,Taco Bell - Nashik 24,Nashik,Maharashtra,400601.0,Food Court,Sandwich,2023-04-24,168.0,9995.45,59.5,3.8,12.0,22.0,52847.71,Card,Delivery,Closed,Franchise
OUT12250,Dunkin',Dunkin' - Imphal 2,Imphal,Manipur,793001.0,High Street,Donuts,2025-08-02,197.0,22518.64,114.31,4.8,10.0,31.0,109914.06,Cash,Dine-in,Open,Company Owned
OUT12251,Burger King,Burger King - Puducherry 24,Puducherry,Puducherry,800001.0,Standalone,Tacos,2025-10-29,85.0,17015.55,200.18,2.9,20.0,4.0,63935.62,Cash,Delivery,Closed,Franchise
OUT12252,Subway,Subway - Chennai 7,Chennai,Tamil Nadu,641001.0,Food Court,Pizza,2025-04-03,165.0,12558.49,76.11,3.6,7.0,2.0,48196.26,Card,Delivery,Open,Company Owned
OUT12253,Pizza Hut,Pizza Hut - Coimbatore 13,Coimbatore,Tamil Nadu,600001.0,Standalone,Sandwich,2025-12-23,138.0,21231.08,153.85,3.7,14.0,11.0,100363.17,Cash,Dine-in,Open,Franchise
OUT12254,Wendy'S,Wendy's - Mumbai 32,Mumbai,Maharashtra,400601.0,Drive-Thru,Sandwich,2024-08-19,26.0,12793.85,492.07,4.5,26.0,22.0,144927.85,Wallet,Drive-thru,Closed,Franchise
OUT12255,Pizza Hut,Pizza Hut - Lucknow 17,Lucknow,Uttar Pradesh,201301.0,Standalone,Donuts,2023-12-14,196.0,8129.58,41.48,4.1,10.0,4.0,112159.61,Cash,Delivery,Open,Company Owned
OUT12256,Kfc,KFC - Bhopal 40,Bhopal,Madhya Pradesh,796001.0,Food Court,Donuts,2023-07-24,162.0,10632.48,65.63,3.9,18.0,26.0,124497.7,Card,Dine-in,Open,Franchise
OUT12257,Wendy'S,Wendy's - Shillong 34,Shillong,Meghalaya,781001.0,Food Court,Donuts,2024-01-05,96.0,10425.52,108.6,4.2,21.0,31.0,131493.08,Cash,Delivery,Open,Franchise
OUT12258,Taco Bell,Taco Bell - Leh 32,Leh,Ladakh,781001.0,Drive-Thru,Fried Chicken,2024-06-05,139.0,24666.7,177.46,4.1,17.0,21.0,63140.29,Card,Takeaway,Renovation,Franchise
OUT12259,Wendy'S,Wendy's - Shimla 31,Shimla,Himachal Pradesh,800001.0,Standalone,Tacos,2025-11-03,105.0,7953.28,75.75,4.2,26.0,22.0,105471.4,Card,Drive-thru,Renovation,Company Owned
OUT12260,Dunkin',Dunkin' - Noida 9,Noida,Uttar Pradesh,201301.0,Standalone,Donuts,2023-10-01,56.0,20241.25,361.45,4.4,19.0,17.0,66423.76,Cash,Drive-thru,Open,Franchise
OUT12261,Dunkin',Dunkin' - Guwahati 23,Guwahati,Assam,737101.0,High Street,Pizza,2024-11-06,148.0,19524.65,131.92,5.0,8.0,35.0,122707.73,Card,Delivery,Open,Company Owned
OUT12262,Mcdonald'S,McDonald's - Amritsar 36,Amritsar,Punjab,141001.0,Drive-Thru,Donuts,2024-07-25,278.0,18183.88,65.41,4.3,6.0,27.0,101166.07,Card,Dine-in,Open,Franchise
OUT12263,Domino'S,Domino's - Dehradun 17,Dehradun,Uttarakhand,793001.0,Food Court,Sandwich,2024-03-01,224.0,28699.7,128.12,4.2,22.0,34.0,115983.06,Wallet,Drive-thru,Open,Company Owned
OUT12264,Pizza Hut,Pizza Hut - Pune 29,Pune,Maharashtra,411001.0,Food Court,Sandwich,2025-05-31,185.0,22987.8,124.26,3.3,11.0,29.0,102744.28,UPI,Delivery,Renovation,Company Owned
OUT12265,Kfc,KFC - Lucknow 10,Lucknow,Uttar Pradesh,226001.0,Drive-Thru,Tacos,2025-10-20,191.0,14951.55,78.28,4.2,28.0,20.0,69011.54,UPI,Takeaway,Open,Franchise
OUT12266,Kfc,KFC - Daman 1,Daman,Dadra And Nagar Haveli And Daman And Diu,793001.0,Food Court,Sandwich,2023-07-19,135.0,22258.28,164.88,4.5,14.0,15.0,109025.19,Wallet,Drive-thru,Renovation,Company Owned
OUT12267,Wendy'S,Wendy's - Kolkata 21,Kolkata,West Bengal,700001.0,Mall,Coffee & Snacks,2024-09-19,165.0,29918.1,181.32,3.5,23.0,4.0,53255.12,Card,Takeaway,Open,Company Owned
OUT12268,Kfc,KFC - Daman 31,Daman,Dadra And Nagar Haveli And Daman And Diu,171001.0,Food Court,Pizza,2023-05-03,238.0,17889.94,75.17,3.7,21.0,12.0,109514.16,Cash,Dine-in,Open,Company Owned
OUT12269,Burger King,Burger King - Puducherry 38,Puducherry,Puducherry,396210.0,Drive-Thru,Pizza,2025-01-18,229.0,18827.94,82.22,3.5,25.0,31.0,53378.59,Card,Delivery,Closed,Company Owned
OUT12270,Dunkin',Dunkin' - New Delhi 36,New Delhi,Delhi,110025.0,High Street,Donuts,2024-02-07,183.0,18069.96,98.74,4.5,23.0,10.0,143897.35,UPI,Dine-in,Renovation,Company Owned
OUT12271,Wendy'S,Wendy's - Jaipur 11,Jaipur,Rajasthan,302001.0,Drive-Thru,Fried Chicken,2025-07-27,171.0,4900.3,28.66,4.6,23.0,34.0,111779.22,Cash,Delivery,Open,Franchise
OUT12272,Domino'S,Domino's - Ahmedabad 40,Ahmedabad,Gujarat,380001.0,Food Court,Coffee & Snacks,2025-02-17,65.0,3932.85,60.51,3.9,19.0,6.0,123574.89,UPI,Takeaway,Closed,Franchise
OUT12273,Taco Bell,Taco Bell - Amritsar 20,Amritsar,Punjab,143001.0,Mall,Tacos,2024-11-13,196.0,7267.08,37.08,3.9,7.0,33.0,132352.53,Card,Drive-thru,Renovation,Company Owned
OUT12274,Burger King,Burger King - Kavaratti 2,Kavaratti,Lakshadweep,751001.0,Drive-Thru,Tacos,2025-12-16,136.0,10049.07,73.89,4.1,21.0,12.0,12000.0,UPI,Delivery,Open,Franchise
OUT12275,Wendy'S,Wendy's - Indore 9,Indore,Madhya Pradesh,171001.0,Food Court,Fried Chicken,2023-11-13,11.0,20092.55,1826.6,3.6,20.0,26.0,157230.91,Cash,Dine-in,Open,Franchise
OUT12276,Starbucks,Starbucks - Patna 20,Patna,Bihar,682553.0,Drive-Thru,Donuts,2025-09-04,169.0,28720.64,169.94,4.4,9.0,14.0,98921.91,Wallet,Dine-in,Open,Company Owned
OUT12277,Wendy'S,Wendy's - Mysuru 22,Mysuru,Karnataka,570001.0,Standalone,Sandwich,2023-02-13,190.0,22991.77,121.01,3.4,9.0,27.0,142581.68,Cash,Takeaway,Open,Franchise
OUT12278,Subway,Subway - Thiruvananthapuram 37,Thiruvananthapuram,Kerala,797001.0,Food Court,Coffee & Snacks,2025-07-02,125.0,24361.96,194.9,3.5,17.0,15.0,101971.66,Cash,Takeaway,Renovation,Company Owned
OUT12279,Wendy'S,Wendy's - Ludhiana 27,Ludhiana,Punjab,143001.0,Mall,Tacos,2023-10-29,158.0,11851.92,75.01,3.9,18.0,8.0,85937.53,Cash,Delivery,Open,Company Owned
OUT12280,Wendy'S,Wendy's - Chandigarh 13,Chandigarh,Chandigarh,795001.0,Food Court,Tacos,2025-08-14,125.0,29006.27,232.05,3.8,8.0,33.0,75329.67,Wallet,Drive-thru,Open,Company Owned
OUT12281,Kfc,KFC - Nashik 8,Nashik,Maharashtra,422001.0,Standalone,Coffee & Snacks,2023-09-17,160.0,17107.68,106.92,3.8,15.0,29.0,55107.47,Cash,Delivery,Open,Company Owned
OUT12282,Domino'S,Domino's - Panaji 8,Panaji,Goa,171001.0,High Street,Coffee & Snacks,2024-03-28,222.0,15937.34,71.79,4.3,26.0,11.0,130535.82,Cash,Dine-in,Closed,Company Owned
OUT12283,Dunkin',Dunkin' - Amritsar 27,Amritsar,Punjab,143001.0,Food Court,Tacos,2023-02-17,170.0,19911.91,117.13,4.1,20.0,13.0,30639.61,Wallet,Drive-thru,Open,Company Owned
OUT12284,Starbucks,Starbucks - Panaji 8,Panaji,Goa,492001.0,Food Court,Pizza,2024-03-26,72.0,7674.65,106.59,4.3,28.0,18.0,165758.28,UPI,Dine-in,Open,Company Owned
OUT12285,Subway,Subway - Dehradun 14,Dehradun,Uttarakhand,682001.0,Drive-Thru,Coffee & Snacks,2024-01-30,150.0,16637.59,110.92,3.7,10.0,18.0,91990.97,Card,Drive-thru,Open,Company Owned
OUT12286,Mcdonald'S,McDonald's - Amritsar 16,Amritsar,Punjab,143001.0,Food Court,Coffee & Snacks,2025-11-09,136.0,24560.84,180.59,3.5,10.0,27.0,41599.46,Wallet,Delivery,Closed,Franchise
OUT12287,Burger King,Burger King - Vijayawada 4,Vijayawada,Andhra Pradesh,396210.0,Standalone,Tacos,2023-10-10,169.0,34239.94,202.6,3.8,22.0,29.0,56897.39,Cash,Delivery,Closed,Company Owned
OUT12288,Mcdonald'S,McDonald's - Puducherry 38,Puducherry,Puducherry,171001.0,Drive-Thru,Sandwich,2024-06-26,170.0,18732.39,110.19,3.4,8.0,4.0,81283.37,Card,Drive-thru,Open,Franchise
OUT12289,Subway,Subway - Nashik 4,Nashik,Maharashtra,422001.0,Mall,Sandwich,2023-04-08,233.0,17508.1,75.14,4.0,4.0,27.0,80185.63,Wallet,Drive-thru,Open,Company Owned
OUT12290,Dunkin',Dunkin' - Visakhapatnam 29,Visakhapatnam,Andhra Pradesh,793001.0,Standalone,Coffee & Snacks,2024-08-01,148.0,22763.31,153.81,5.0,29.0,2.0,138801.78,Wallet,Delivery,Open,Franchise
OUT12291,Taco Bell,Taco Bell - Ahmedabad 15,Ahmedabad,Gujarat,380001.0,Mall,Pizza,2024-07-02,217.0,21518.92,99.17,3.7,5.0,13.0,90498.25,Card,Delivery,Open,Franchise
OUT12292,Starbucks,Starbucks - Vijayawada 22,Vijayawada,Andhra Pradesh,737101.0,Food Court,Pizza,2023-07-12,218.0,13965.96,64.06,3.4,19.0,27.0,131049.05,Cash,Drive-thru,Open,Company Owned
OUT12293,Wendy'S,Wendy's - Chennai 7,Chennai,Tamil Nadu,641001.0,Standalone,Fried Chicken,2023-02-13,189.0,14917.38,78.93,4.5,5.0,11.0,79050.66,Wallet,Dine-in,Open,Franchise
OUT12294,Burger King,Burger King - Surat 7,Surat,Gujarat,380001.0,High Street,Coffee & Snacks,2025-10-05,132.0,19026.99,144.14,4.0,11.0,6.0,81777.48,Card,Dine-in,Renovation,Company Owned
OUT12295,Wendy'S,Wendy's - Daman 18,Daman,Dadra And Nagar Haveli And Daman And Diu,403001.0,Standalone,Fried Chicken,2023-06-22,196.0,19415.49,99.06,3.4,8.0,5.0,113626.5,UPI,Takeaway,Open,Company Owned
OUT12296,Wendy'S,Wendy's - Puducherry 21,Puducherry,Puducherry,795001.0,Standalone,Sandwich,2023-01-14,131.0,6982.93,53.3,3.4,17.0,14.0,99815.79,UPI,Delivery,Open,Company Owned
OUT12297,Kfc,KFC - Jaipur 21,Jaipur,Rajasthan,313001.0,High Street,Burger,2025-02-18,197.0,6817.11,34.6,5.0,24.0,20.0,66919.55,Wallet,Takeaway,Open,Franchise
OUT12298,Pizza Hut,Pizza Hut - Faridabad 35,Faridabad,Haryana,797001.0,High Street,Pizza,2025-05-01,138.0,38496.41,278.96,4.3,13.0,9.0,119953.33,UPI,Delivery,Open,Company Owned
OUT12299,Wendy'S,Wendy's - Puducherry 23,Puducherry,Puducherry,396210.0,Food Court,Coffee & Snacks,2025-11-26,254.0,18994.87,74.78,4.1,27.0,12.0,35441.11,Cash,Dine-in,Renovation,Franchise
OUT12300,Taco Bell,Taco Bell - Shimla 30,Shimla,Himachal Pradesh,682001.0,Mall,Pizza,2024-05-25,81.0,23588.68,291.22,3.4,9.0,30.0,105966.7,Wallet,Drive-thru,Open,Franchise
OUT12301,Wendy'S,Wendy's - Nagpur 32,Nagpur,Maharashtra,400001.0,Standalone,Fried Chicken,2023-01-30,120.0,16902.49,140.85,3.5,13.0,10.0,127617.11,Wallet,Drive-thru,Renovation,Franchise
OUT12302,Mcdonald'S,McDonald's - Bhubaneswar 34,Bhubaneswar,Odisha,795001.0,Mall,Fried Chicken,2025-12-27,216.0,25858.6,119.72,5.0,10.0,34.0,47390.85,Card,Drive-thru,Closed,Company Owned
OUT12303,Mcdonald'S,McDonald's - Shillong 5,Shillong,Meghalaya,793001.0,Standalone,Coffee & Snacks,2025-02-28,217.0,21574.33,99.42,3.7,22.0,15.0,84089.21,Card,Drive-thru,Renovation,Company Owned
OUT12304,Pizza Hut,Pizza Hut - Guwahati 4,Guwahati,Assam,797001.0,Drive-Thru,Fried Chicken,2023-02-07,134.0,15705.54,117.21,4.3,9.0,7.0,133901.59,Wallet,Takeaway,Renovation,Company Owned
OUT12305,Wendy'S,Wendy's - Srinagar 36,Srinagar,Jammu And Kashmir,793001.0,Drive-Thru,Fried Chicken,2024-07-07,111.0,18040.8,162.53,4.8,15.0,12.0,97456.18,Card,Takeaway,Open,Company Owned
OUT12306,Starbucks,Starbucks - Amritsar 14,Amritsar,Punjab,143001.0,Food Court,Tacos,2025-07-08,75.0,25003.83,333.38,4.0,9.0,33.0,103822.7,Wallet,Delivery,Open,Franchise
OUT12307,Domino'S,Domino's - Hyderabad 2,Hyderabad,Telangana,500032.0,Drive-Thru,Donuts,2023-07-11,154.0,13330.89,86.56,4.1,9.0,6.0,77506.18,Wallet,Delivery,Closed,Franchise
OUT12308,Kfc,KFC - Daman 28,Daman,Dadra And Nagar Haveli And Daman And Diu,248001.0,Drive-Thru,Burger,2023-05-05,175.0,31439.96,179.66,3.1,28.0,6.0,55643.62,Wallet,Drive-thru,Closed,Company Owned
OUT12309,Burger King,Burger King - Indore 9,Indore,Madhya Pradesh,682553.0,Standalone,Coffee & Snacks,2023-01-23,161.0,32173.79,199.84,4.3,15.0,28.0,89532.69,Cash,Takeaway,Open,Franchise
OUT12310,Pizza Hut,Pizza Hut - Raipur 31,Raipur,Chhattisgarh,248001.0,High Street,Donuts,2025-06-27,230.0,9170.93,39.87,3.7,13.0,10.0,90438.2,Wallet,Dine-in,Open,Company Owned
OUT12311,Dunkin',Dunkin' - Gurugram 31,Gurugram,Haryana,795001.0,Standalone,Pizza,2023-08-08,212.0,15665.57,73.89,4.1,28.0,8.0,107079.39,Card,Dine-in,Closed,Company Owned
OUT12312,Starbucks,Starbucks - Port Blair 32,Port Blair,Andaman And Nicobar Islands,492001.0,Standalone,Burger,2024-06-10,133.0,15013.79,112.89,3.7,23.0,3.0,79086.0,UPI,Dine-in,Open,Company Owned
OUT12313,Mcdonald'S,McDonald's - Kohima 5,Kohima,Nagaland,462001.0,Drive-Thru,Sandwich,2023-12-27,133.0,16681.09,125.42,2.9,6.0,16.0,45552.79,Cash,Takeaway,Renovation,Franchise
OUT12314,Pizza Hut,Pizza Hut - Leh 20,Leh,Ladakh,793001.0,Mall,Pizza,2023-05-20,124.0,19858.72,160.15,4.0,22.0,18.0,100483.92,UPI,Delivery,Renovation,Franchise
OUT12315,Dunkin',Dunkin' - Kochi 2,Kochi,Kerala,462001.0,Food Court,Sandwich,2023-09-05,207.0,23054.06,111.37,4.1,11.0,32.0,127924.51,Cash,Drive-thru,Closed,Company Owned
OUT12316,Subway,Subway - Puducherry 2,Puducherry,Puducherry,834001.0,Food Court,Burger,2024-01-21,77.0,13503.24,175.37,3.7,11.0,31.0,118228.61,UPI,Drive-thru,Renovation,Franchise
OUT12317,Pizza Hut,Pizza Hut - Pune 2,Pune,Maharashtra,400601.0,Food Court,Tacos,2025-08-14,182.0,15360.63,84.4,4.7,26.0,3.0,115751.6,UPI,Delivery,Open,Company Owned
OUT12318,Domino'S,Domino's - Noida 2,Noida,Uttar Pradesh,221001.0,High Street,Coffee & Snacks,2023-07-20,71.0,22606.08,318.4,3.9,27.0,30.0,67835.34,Wallet,Drive-thru,Open,Franchise
OUT12319,Pizza Hut,Pizza Hut - Guwahati 19,Guwahati,Assam,781001.0,Mall,Fried Chicken,2025-09-07,254.0,16511.05,65.0,3.9,16.0,32.0,68453.03,Cash,Drive-thru,Renovation,Company Owned
OUT12320,Burger King,Burger King - Chennai 28,Chennai,Tamil Nadu,600001.0,Standalone,Sandwich,2023-10-23,139.0,21865.49,157.31,4.1,16.0,14.0,120703.66,Card,Takeaway,Open,Company Owned
OUT12321,Taco Bell,Taco Bell - Kohima 10,Kohima,Nagaland,781001.0,Mall,Sandwich,2025-09-14,112.0,8456.92,75.51,4.9,16.0,12.0,49848.96,Wallet,Delivery,Open,Franchise
OUT12322,Domino'S,Domino's - Ahmedabad 3,Ahmedabad,Gujarat,380001.0,Standalone,Burger,2023-10-30,67.0,17281.85,257.94,3.8,29.0,18.0,142969.3,Cash,Delivery,Open,Company Owned
OUT12323,Mcdonald'S,McDonald's - Kochi 18,Kochi,Kerala,800001.0,Standalone,Fried Chicken,2023-05-19,125.0,23179.85,185.44,3.8,25.0,23.0,60001.42,Unknown,Drive-thru,Open,Company Owned
OUT12324,Taco Bell,Taco Bell - Shillong 25,Shillong,Meghalaya,171001.0,Drive-Thru,Donuts,2025-04-16,22.0,18438.89,838.13,3.7,29.0,3.0,91667.34,Cash,Drive-thru,Renovation,Franchise
OUT12325,Wendy'S,Wendy's - Leh 33,Leh,Ladakh,396210.0,High Street,Tacos,2025-05-30,94.0,22036.65,234.43,4.5,19.0,28.0,93047.15,Wallet,Takeaway,Open,Company Owned
OUT12326,Burger King,Burger King - Surat 24,Surat,Gujarat,380001.0,Drive-Thru,Fried Chicken,2025-02-15,158.0,13428.75,84.99,3.9,19.0,30.0,87828.1,Cash,Delivery,Open,Company Owned
OUT12327,Subway,Subway - Bengaluru 27,Bengaluru,Karnataka,570001.0,Standalone,Tacos,2023-01-07,177.0,15343.91,86.69,3.7,6.0,29.0,136206.87,Cash,Dine-in,Renovation,Franchise
OUT12328,Wendy'S,Wendy's - Faridabad 14,Faridabad,Haryana,492001.0,High Street,Tacos,2024-04-01,112.0,9062.78,80.92,4.3,23.0,30.0,47818.75,UPI,Takeaway,Open,Company Owned
OUT12329,Burger King,Burger King - Hyderabad 18,Hyderabad,Telangana,500032.0,High Street,Tacos,2023-08-24,152.0,11872.28,78.11,4.2,24.0,27.0,79821.58,Wallet,Delivery,Open,Company Owned
OUT12330,Mcdonald'S,McDonald's - Bengaluru 23,Bengaluru,Karnataka,560001.0,Mall,Coffee & Snacks,2023-05-31,107.0,6204.65,57.99,3.1,13.0,17.0,114853.43,Card,Delivery,Open,Company Owned
OUT12331,Burger King,Burger King - Daman 11,Daman,Dadra And Nagar Haveli And Daman And Diu,781001.0,Standalone,Tacos,2023-06-12,122.0,23819.6,195.24,4.5,10.0,8.0,59415.88,Card,Takeaway,Closed,Company Owned
OUT12332,Pizza Hut,Pizza Hut - Vijayawada 20,Vijayawada,Andhra Pradesh,799001.0,Food Court,Burger,2023-11-13,255.0,29860.74,117.1,3.8,28.0,20.0,38954.72,UPI,Drive-thru,Closed,Company Owned
OUT12333,Wendy'S,Wendy's - Jaipur 5,Jaipur,Rajasthan,313001.0,Mall,Pizza,2024-09-15,106.0,17239.55,162.64,3.5,26.0,11.0,86010.69,Card,Takeaway,Open,Franchise
OUT12334,Pizza Hut,Pizza Hut - Agartala 31,Agartala,Tripura,171001.0,Drive-Thru,Burger,2023-11-24,155.0,17021.64,109.82,4.3,27.0,10.0,85176.55,Wallet,Takeaway,Renovation,Franchise
OUT12335,Subway,Subway - Nagpur 12,Nagpur,Maharashtra,400601.0,Food Court,Tacos,2025-01-13,72.0,26478.11,367.75,4.0,14.0,2.0,48246.99,Card,Dine-in,Open,Franchise
OUT12336,Domino'S,Domino's - Kolkata 25,Kolkata,West Bengal,700091.0,Mall,Donuts,2023-04-30,170.0,19679.12,115.76,4.5,13.0,24.0,75605.29,UPI,Delivery,Open,Franchise
OUT12337,Taco Bell,Taco Bell - Thane 12,Thane,Maharashtra,440001.0,High Street,Coffee & Snacks,2023-03-29,130.0,9921.51,76.32,5.0,7.0,9.0,102826.62,UPI,Delivery,Closed,Franchise
OUT12338,Dunkin',Dunkin' - Raipur 34,Raipur,Chhattisgarh,396210.0,High Street,Coffee & Snacks,2024-10-11,127.0,18506.73,145.72,3.9,28.0,25.0,59849.14,Wallet,Dine-in,Open,Franchise
OUT12339,Subway,Subway - Itanagar 38,Itanagar,Arunachal Pradesh,796001.0,High Street,Coffee & Snacks,2024-06-18,79.0,11789.84,149.24,5.0,8.0,29.0,48504.66,Wallet,Takeaway,Open,Franchise
OUT12340,Pizza Hut,Pizza Hut - New Delhi 39,New Delhi,Delhi,110001.0,Food Court,Burger,2025-01-20,231.0,35120.75,152.04,3.8,27.0,17.0,37192.65,UPI,Delivery,Open,Franchise
OUT12341,Burger King,Burger King - Raipur 17,Raipur,Chhattisgarh,682001.0,Mall,Sandwich,2025-03-31,172.0,7735.85,44.98,4.1,7.0,25.0,59416.04,UPI,Takeaway,Open,Company Owned
OUT12342,Subway,Subway - Mumbai 1,Mumbai,Maharashtra,400601.0,Food Court,Sandwich,2025-10-28,58.0,23215.29,400.26,4.3,25.0,30.0,91732.3,Card,Drive-thru,Renovation,Company Owned
OUT12343,Domino'S,Domino's - Shimla 19,Shimla,Himachal Pradesh,781001.0,Mall,Donuts,2025-06-01,168.0,22050.2,131.25,3.7,29.0,14.0,82612.67,Wallet,Takeaway,Open,Company Owned
OUT12344,Burger King,Burger King - Chennai 26,Chennai,Tamil Nadu,641001.0,High Street,Burger,2024-03-26,139.0,25104.97,180.61,4.5,29.0,24.0,103353.1,Card,Takeaway,Open,Franchise
OUT12345,Domino'S,Domino's - Guwahati 17,Guwahati,Assam,795001.0,Mall,Burger,2023-07-29,248.0,33807.91,136.32,3.7,19.0,4.0,107048.77,UPI,Dine-in,Renovation,Company Owned
OUT12346,Pizza Hut,Pizza Hut - Srinagar 40,Srinagar,Jammu And Kashmir,171001.0,Standalone,Pizza,2023-11-25,127.0,19586.32,154.22,3.2,5.0,35.0,161145.29,Card,Dine-in,Open,Franchise
OUT12347,Kfc,KFC - New Delhi 31,New Delhi,Delhi,110017.0,Mall,Sandwich,2024-01-24,56.0,45564.08,813.64,3.0,23.0,22.0,60904.31,Wallet,Delivery,Open,Company Owned
OUT12348,Dunkin',Dunkin' - Ahmedabad 27,Ahmedabad,Gujarat,380001.0,Food Court,Burger,2023-03-13,122.0,25431.94,208.46,4.2,15.0,34.0,116459.92,UPI,Takeaway,Closed,Franchise
OUT12349,Dunkin',Dunkin' - Ludhiana 33,Ludhiana,Punjab,143001.0,Mall,Pizza,2023-05-07,173.0,31060.68,179.54,3.1,11.0,17.0,124166.3,Card,Delivery,Closed,Franchise
OUT12350,Pizza Hut,Pizza Hut - Lucknow 4,Lucknow,Uttar Pradesh,226001.0,Mall,Donuts,2024-07-01,129.0,38653.62,299.64,4.6,26.0,3.0,26887.54,Wallet,Drive-thru,Open,Company Owned
OUT12351,Mcdonald'S,McDonald's - Noida 26,Noida,Uttar Pradesh,226001.0,Food Court,Sandwich,2024-01-29,215.0,25316.25,117.75,3.5,5.0,13.0,88257.07,UPI,Drive-thru,Open,Company Owned
OUT12352,Burger King,Burger King - Shimla 21,Shimla,Himachal Pradesh,793001.0,Food Court,Sandwich,2025-05-02,149.0,26521.54,178.0,3.9,21.0,28.0,72282.79,Wallet,Dine-in,Open,Franchise
OUT12353,Burger King,Burger King - Hyderabad 32,Hyderabad,Telangana,500001.0,High Street,Donuts,2025-06-11,108.0,32878.08,304.43,4.5,24.0,9.0,106903.19,UPI,Takeaway,Open,Company Owned
OUT12354,Dunkin',Dunkin' - Hyderabad 21,Hyderabad,Telangana,500032.0,Standalone,Tacos,2023-08-08,132.0,18781.54,142.28,4.6,25.0,8.0,95175.35,UPI,Delivery,Closed,Franchise
OUT12355,Dunkin',Dunkin' - Shillong 33,Shillong,Meghalaya,403001.0,Drive-Thru,Donuts,2024-06-20,80.0,19884.56,248.56,3.7,28.0,7.0,79221.15,Wallet,Drive-thru,Open,Company Owned
OUT12356,Dunkin',Dunkin' - Pune 16,Pune,Maharashtra,411001.0,Mall,Fried Chicken,2024-12-13,93.0,32075.73,344.9,4.4,4.0,24.0,58105.53,UPI,Takeaway,Open,Company Owned
OUT12357,Pizza Hut,Pizza Hut - Patna 17,Patna,Bihar,682553.0,High Street,Tacos,2024-07-23,185.0,27157.2,146.8,4.2,30.0,8.0,140643.66,UPI,Takeaway,Closed,Company Owned
OUT12358,Taco Bell,Taco Bell - Vijayawada 13,Vijayawada,Andhra Pradesh,744101.0,Food Court,Pizza,2025-09-26,129.0,14594.3,113.13,3.5,8.0,25.0,79408.89,UPI,Takeaway,Open,Franchise
OUT12359,Subway,Subway - Coimbatore 25,Coimbatore,Tamil Nadu,641001.0,Mall,Fried Chicken,2024-01-04,274.0,24836.71,90.64,4.2,5.0,31.0,103526.75,Card,Dine-in,Open,Company Owned
OUT12360,Kfc,KFC - Visakhapatnam 10,Visakhapatnam,Andhra Pradesh,396210.0,Drive-Thru,Donuts,2023-07-13,59.0,21778.77,369.13,4.2,6.0,13.0,84728.48,Card,Dine-in,Open,Company Owned
OUT12361,Taco Bell,Taco Bell - Leh 32,Leh,Ladakh,781001.0,Mall,Tacos,2023-02-01,187.0,10894.18,58.26,3.7,18.0,10.0,91978.41,UPI,Drive-thru,Open,Company Owned
OUT12362,Dunkin',Dunkin' - Raipur 20,Raipur,Chhattisgarh,800001.0,High Street,Pizza,2024-10-03,127.0,21784.58,171.53,3.7,16.0,24.0,102047.66,Wallet,Takeaway,Open,Company Owned
OUT12363,Dunkin',Dunkin' - Port Blair 22,Port Blair,Andaman And Nicobar Islands,793001.0,Standalone,Pizza,2024-01-28,286.0,15738.37,55.03,3.6,5.0,3.0,90498.25,Card,Delivery,Renovation,Company Owned
OUT12364,Taco Bell,Taco Bell - Nashik 30,Nashik,Maharashtra,440001.0,Food Court,Coffee & Snacks,2024-12-17,72.0,22477.78,312.19,4.3,5.0,23.0,71334.58,Cash,Delivery,Open,Franchise
OUT12365,Burger King,Burger King - Gurugram 35,Gurugram,Haryana,403001.0,High Street,Coffee & Snacks,2024-12-28,209.0,24911.69,119.19,3.5,10.0,2.0,68867.52,Card,Delivery,Open,Franchise
OUT12366,Kfc,KFC - Gurugram 18,Gurugram,Haryana,751001.0,Standalone,Fried Chicken,2025-10-19,75.0,26079.68,347.73,3.3,24.0,34.0,164795.71,Wallet,Takeaway,Open,Franchise
OUT12367,Kfc,KFC - Gurugram 35,Gurugram,Haryana,682553.0,Mall,Coffee & Snacks,2024-11-02,222.0,28634.31,128.98,3.8,13.0,33.0,97786.64,Wallet,Takeaway,Open,Franchise
OUT12368,Subway,Subway - Shimla 27,Shimla,Himachal Pradesh,793001.0,Mall,Burger,2025-08-22,91.0,15124.42,166.2,3.1,10.0,18.0,86694.34,UPI,Drive-thru,Open,Company Owned
OUT12369,Subway,Subway - New Delhi 10,New Delhi,Delhi,110017.0,Food Court,Sandwich,2023-06-07,207.0,16329.43,78.89,3.3,4.0,18.0,110115.98,Wallet,Takeaway,Open,Franchise
OUT12370,Wendy'S,Wendy's - Bhubaneswar 22,Bhubaneswar,Odisha,248001.0,Mall,Sandwich,2024-04-04,205.0,19079.79,93.07,3.9,10.0,27.0,70966.72,Card,Takeaway,Renovation,Company Owned
OUT12371,Wendy'S,Wendy's - Chennai 20,Chennai,Tamil Nadu,641001.0,Standalone,Sandwich,2025-05-21,241.0,23614.68,97.99,4.6,19.0,20.0,138832.7,Wallet,Drive-thru,Open,Company Owned
OUT12372,Pizza Hut,Pizza Hut - Kohima 16,Kohima,Nagaland,795001.0,Mall,Donuts,2023-10-10,129.0,32320.13,250.54,2.8,21.0,17.0,94719.6,Cash,Delivery,Open,Company Owned
OUT12373,Starbucks,Starbucks - Jammu 21,Jammu,Jammu And Kashmir,396210.0,Drive-Thru,Coffee & Snacks,2025-04-20,214.0,33061.03,154.49,3.7,19.0,33.0,68607.01,Card,Takeaway,Renovation,Franchise
OUT12374,Kfc,KFC - New Delhi 21,New Delhi,Delhi,110001.0,High Street,Tacos,2025-02-16,205.0,25367.91,123.75,3.7,16.0,2.0,107010.94,Cash,Dine-in,Closed,Franchise
OUT12375,Taco Bell,Taco Bell - New Delhi 16,New Delhi,Delhi,110017.0,Mall,Fried Chicken,2025-03-30,160.0,15253.23,95.33,4.0,29.0,31.0,90972.88,UPI,Takeaway,Open,Franchise
OUT12376,Dunkin',Dunkin' - Dehradun 7,Dehradun,Uttarakhand,492001.0,Standalone,Donuts,2024-09-29,179.0,16811.14,93.92,4.4,25.0,10.0,73479.48,Wallet,Takeaway,Open,Franchise
OUT12377,Kfc,KFC - Bhubaneswar 29,Bhubaneswar,Odisha,797001.0,Mall,Pizza,2024-07-15,147.0,30764.42,209.28,3.6,30.0,25.0,34330.54,Wallet,Takeaway,Open,Franchise
OUT12378,Burger King,Burger King - Agartala 17,Agartala,Tripura,462001.0,Drive-Thru,Donuts,2024-11-23,203.0,14814.69,72.98,3.3,23.0,28.0,68838.87,Card,Drive-thru,Open,Company Owned
OUT12379,Pizza Hut,Pizza Hut - Ranchi 23,Ranchi,Jharkhand,403001.0,Standalone,Sandwich,2025-10-05,203.0,19662.23,96.86,4.2,22.0,31.0,156443.84,Card,Dine-in,Open,Franchise
OUT12380,Starbucks,Starbucks - Lucknow 33,Lucknow,Uttar Pradesh,221001.0,Drive-Thru,Donuts,2025-07-09,132.0,930.48,7.05,4.2,23.0,19.0,54481.78,Wallet,Delivery,Open,Franchise
OUT12381,Dunkin',Dunkin' - Thiruvananthapuram 5,Thiruvananthapuram,Kerala,795001.0,Mall,Sandwich,2025-11-04,93.0,13125.89,141.14,4.6,24.0,17.0,90282.81,Cash,Dine-in,Open,Franchise
OUT12382,Kfc,KFC - Raipur 21,Raipur,Chhattisgarh,396210.0,Standalone,Burger,2023-08-14,184.0,18053.49,98.12,2.6,17.0,8.0,103351.52,Cash,Dine-in,Closed,Franchise
OUT12383,Wendy'S,Wendy's - Visakhapatnam 11,Visakhapatnam,Andhra Pradesh,751001.0,Drive-Thru,Pizza,2023-10-24,205.0,25488.12,124.33,5.0,15.0,20.0,12000.0,UPI,Drive-thru,Open,Franchise
OUT12384,Pizza Hut,Pizza Hut - Lucknow 34,Lucknow,Uttar Pradesh,221001.0,Drive-Thru,Pizza,2025-07-03,51.0,13691.33,268.46,2.9,18.0,24.0,129322.29,UPI,Dine-in,Open,Company Owned
OUT12385,Mcdonald'S,McDonald's - Indore 30,Indore,Madhya Pradesh,396210.0,Mall,Coffee & Snacks,2024-03-02,103.0,14178.33,137.65,4.8,28.0,35.0,131088.05,Cash,Takeaway,Renovation,Franchise
OUT12386,Kfc,KFC - Kolkata 37,Kolkata,West Bengal,700001.0,Standalone,Fried Chicken,2023-12-18,137.0,32179.16,234.88,3.7,16.0,12.0,84868.79,Cash,Dine-in,Open,Franchise
OUT12387,Subway,Subway - Amritsar 37,Amritsar,Punjab,141001.0,High Street,Sandwich,2025-02-17,200.0,20195.75,100.98,4.2,13.0,25.0,146543.9,Wallet,Drive-thru,Open,Franchise
OUT12388,Burger King,Burger King - Udaipur 16,Udaipur,Rajasthan,302001.0,High Street,Pizza,2023-02-20,272.0,3493.1,12.84,5.0,9.0,26.0,81802.07,Card,Delivery,Open,Franchise
OUT12389,Dunkin',Dunkin' - Imphal 1,Imphal,Manipur,795001.0,Food Court,Tacos,2023-09-08,88.0,13532.47,153.78,4.1,15.0,14.0,83748.99,UPI,Drive-thru,Open,Company Owned
OUT12390,Kfc,KFC - Pune 24,Pune,Maharashtra,411001.0,Standalone,Pizza,2024-05-20,108.0,14665.26,135.79,4.5,21.0,9.0,83957.13,Wallet,Dine-in,Open,Company Owned
OUT12391,Subway,Subway - Dehradun 34,Dehradun,Uttarakhand,171001.0,Food Court,Burger,2025-10-03,163.0,6458.83,39.62,5.0,5.0,15.0,41151.42,Cash,Takeaway,Closed,Franchise
OUT12392,Wendy'S,Wendy's - Surat 21,Surat,Gujarat,395001.0,High Street,Sandwich,2024-06-17,264.0,14162.58,53.65,3.9,13.0,22.0,75835.91,Cash,Takeaway,Renovation,Franchise
OUT12393,Domino'S,Domino's - Leh 37,Leh,Ladakh,492001.0,Food Court,Sandwich,2023-05-19,98.0,26732.04,272.78,3.9,15.0,21.0,96785.01,Wallet,Delivery,Open,Franchise
OUT12394,Wendy'S,Wendy's - Udaipur 14,Udaipur,Rajasthan,313001.0,Standalone,Tacos,2024-09-15,121.0,31937.8,263.95,3.9,15.0,34.0,156037.7,Cash,Delivery,Open,Franchise
OUT12395,Taco Bell,Taco Bell - Kavaratti 13,Kavaratti,Lakshadweep,682553.0,Drive-Thru,Donuts,2023-04-25,150.0,21998.3,146.66,4.4,22.0,7.0,135797.97,UPI,Takeaway,Open,Franchise
OUT12396,Pizza Hut,Pizza Hut - Indore 14,Indore,Madhya Pradesh,462001.0,Mall,Pizza,2025-05-28,140.0,18930.51,135.22,4.2,25.0,7.0,110859.57,Cash,Dine-in,Renovation,Company Owned
OUT12397,Domino'S,Domino's - Mysuru 35,Mysuru,Karnataka,570001.0,Drive-Thru,Fried Chicken,2023-11-07,140.0,27855.81,198.97,4.6,4.0,35.0,73930.31,Card,Dine-in,Closed,Company Owned
OUT12398,Domino'S,Domino's - Port Blair 35,Port Blair,Andaman And Nicobar Islands,737101.0,Standalone,Donuts,2025-01-09,205.0,28088.74,137.02,4.1,11.0,16.0,104339.33,UPI,Delivery,Open,Franchise
OUT12399,Kfc,KFC - Nashik 32,Nashik,Maharashtra,400001.0,High Street,Sandwich,2023-06-14,87.0,20348.33,233.89,3.9,14.0,31.0,147628.89,UPI,Dine-in,Renovation,Company Owned
OUT12400,Taco Bell,Taco Bell - Ahmedabad 11,Ahmedabad,Gujarat,380001.0,Mall,Pizza,2024-11-15,245.0,28602.01,116.74,3.7,11.0,29.0,79035.62,UPI,Drive-thru,Open,Franchise
OUT12401,Pizza Hut,Pizza Hut - Nagpur 26,Nagpur,Maharashtra,400001.0,Drive-Thru,Sandwich,2024-12-30,155.0,28296.04,182.56,3.9,8.0,35.0,66897.17,Cash,Drive-thru,Open,Company Owned
OUT12402,Domino'S,Domino's - Noida 1,Noida,Uttar Pradesh,226001.0,High Street,Burger,2024-12-06,188.0,21695.76,115.4,3.1,27.0,7.0,133906.96,UPI,Delivery,Renovation,Franchise
OUT12403,Wendy'S,Wendy's - Shimla 5,Shimla,Himachal Pradesh,793001.0,Food Court,Tacos,2025-04-17,77.0,20872.34,271.07,4.2,5.0,10.0,54875.68,Wallet,Takeaway,Open,Company Owned
OUT12404,Kfc,KFC - Kavaratti 5,Kavaratti,Lakshadweep,796001.0,High Street,Burger,2025-08-09,218.0,20301.39,93.13,4.4,15.0,4.0,98795.8,UPI,Delivery,Closed,Company Owned
OUT12405,Domino'S,Domino's - Pune 8,Pune,Maharashtra,400601.0,Standalone,Coffee & Snacks,2023-06-13,148.0,16204.77,109.49,4.2,13.0,6.0,12000.0,Wallet,Delivery,Open,Company Owned
OUT12406,Starbucks,Starbucks - Port Blair 17,Port Blair,Andaman And Nicobar Islands,781001.0,Food Court,Donuts,2023-10-08,211.0,19203.74,91.01,4.7,18.0,6.0,138667.71,Card,Drive-thru,Open,Company Owned
OUT12407,Pizza Hut,Pizza Hut - Itanagar 33,Itanagar,Arunachal Pradesh,462001.0,High Street,Unknown,2023-11-30,223.0,18523.43,83.06,2.6,12.0,24.0,120333.08,Wallet,Dine-in,Renovation,Company Owned
OUT12408,Dunkin',Dunkin' - Shillong 39,Shillong,Meghalaya,682001.0,Mall,Tacos,2025-07-07,126.0,26714.11,212.02,4.5,4.0,8.0,61223.14,Card,Dine-in,Closed,Company Owned
OUT12409,Burger King,Burger King - Chandigarh 39,Chandigarh,Chandigarh,462001.0,Drive-Thru,Tacos,2025-10-06,103.0,13700.77,133.02,4.2,5.0,2.0,44522.08,UPI,Takeaway,Closed,Company Owned
OUT12410,Dunkin',Dunkin' - Faridabad 37,Faridabad,Haryana,171001.0,High Street,Coffee & Snacks,2024-05-08,188.0,17860.19,95.0,4.4,7.0,5.0,119439.71,UPI,Dine-in,Renovation,Franchise
OUT12411,Taco Bell,Taco Bell - Coimbatore 27,Coimbatore,Tamil Nadu,641001.0,Drive-Thru,Coffee & Snacks,2024-04-19,131.0,18486.98,141.12,3.8,21.0,35.0,64070.47,Cash,Takeaway,Open,Company Owned
OUT12412,Dunkin',Dunkin' - Dehradun 25,Dehradun,Uttarakhand,248001.0,High Street,Tacos,2023-10-02,85.0,17034.76,200.41,4.7,14.0,14.0,134700.76,UPI,Takeaway,Closed,Franchise
OUT12413,Subway,Subway - Gurugram 12,Gurugram,Haryana,737101.0,Drive-Thru,Coffee & Snacks,2025-03-28,146.0,15869.83,108.7,3.3,28.0,15.0,12000.0,Wallet,Dine-in,Closed,Company Owned
OUT12414,Dunkin',Dunkin' - Ranchi 38,Ranchi,Jharkhand,682001.0,Drive-Thru,Pizza,2023-12-21,136.0,12804.74,94.15,4.3,11.0,18.0,112593.83,Card,Takeaway,Open,Franchise
OUT12415,Kfc,KFC - Raipur 20,Raipur,Chhattisgarh,800001.0,Food Court,Burger,2025-07-15,43.0,19988.3,464.84,3.0,22.0,22.0,99091.12,Wallet,Dine-in,Open,Franchise
OUT12416,Pizza Hut,Pizza Hut - Leh 35,Leh,Ladakh,793001.0,Standalone,Tacos,2025-04-10,114.0,16232.07,142.39,4.1,4.0,19.0,78251.49,UPI,Takeaway,Open,Company Owned
OUT12417,Pizza Hut,Pizza Hut - Puducherry 22,Puducherry,Puducherry,171001.0,Drive-Thru,Fried Chicken,2024-10-01,220.0,18453.2,83.88,5.0,13.0,21.0,62243.12,Card,Drive-thru,Open,Franchise
OUT12418,Domino'S,Domino's - Varanasi 33,Varanasi,Uttar Pradesh,226001.0,High Street,Coffee & Snacks,2024-01-29,144.0,21990.08,152.71,4.0,25.0,21.0,114356.9,Card,Takeaway,Renovation,Company Owned
OUT12419,Kfc,KFC - Patna 21,Patna,Bihar,396210.0,Drive-Thru,Donuts,2023-10-20,168.0,26736.87,159.15,4.1,22.0,34.0,52810.93,Card,Dine-in,Open,Company Owned
OUT12420,Taco Bell,Taco Bell - Guwahati 4,Guwahati,Assam,492001.0,High Street,Pizza,2023-03-12,220.0,23076.68,104.89,3.9,22.0,18.0,40978.72,UPI,Delivery,Open,Franchise
OUT12421,Taco Bell,Taco Bell - Nashik 18,Nashik,Maharashtra,400001.0,Food Court,Burger,2024-06-27,235.0,17309.61,73.66,3.4,19.0,7.0,55945.98,Cash,Delivery,Closed,Franchise
OUT12422,Domino'S,Domino's - Bhopal 26,Bhopal,Madhya Pradesh,795001.0,Standalone,Donuts,2023-12-10,192.0,17200.07,89.58,4.2,6.0,20.0,119366.18,Cash,Dine-in,Open,Franchise
OUT12423,Mcdonald'S,McDonald's - Udaipur 27,Udaipur,Rajasthan,313001.0,Standalone,Burger,2024-03-18,151.0,19744.04,130.76,4.2,8.0,27.0,117046.51,UPI,Delivery,Renovation,Franchise
OUT12424,Taco Bell,Taco Bell - Mysuru 39,Mysuru,Karnataka,570001.0,High Street,Sandwich,2025-11-10,108.0,16839.07,155.92,4.6,20.0,26.0,135210.4,Unknown,Dine-in,Open,Company Owned
OUT12425,Wendy'S,Wendy's - Thane 13,Thane,Maharashtra,411001.0,Standalone,Burger,2024-10-03,154.0,21651.72,140.6,4.8,4.0,7.0,66258.01,Card,Drive-thru,Closed,Franchise
OUT12426,Pizza Hut,Pizza Hut - Ahmedabad 18,Ahmedabad,Gujarat,395001.0,Standalone,Pizza,2025-06-08,168.0,13382.34,79.66,3.4,20.0,20.0,67434.47,UPI,Delivery,Renovation,Franchise
OUT12427,Starbucks,Starbucks - Thiruvananthapuram 36,Thiruvananthapuram,Kerala,795001.0,Food Court,Coffee & Snacks,2023-03-04,66.0,22688.26,343.76,2.3,29.0,25.0,116931.35,Card,Dine-in,Open,Company Owned
OUT12428,Subway,Subway - Panaji 20,Panaji,Goa,797001.0,Standalone,Tacos,2025-06-23,162.0,22125.82,136.58,4.1,29.0,15.0,56187.69,UPI,Takeaway,Closed,Company Owned
OUT12429,Taco Bell,Taco Bell - Leh 40,Leh,Ladakh,462001.0,Mall,Donuts,2023-11-02,218.0,28230.48,129.5,3.7,29.0,12.0,69743.41,Cash,Takeaway,Open,Company Owned
OUT12430,Burger King,Burger King - New Delhi 6,New Delhi,Delhi,110017.0,Drive-Thru,Sandwich,2023-03-22,137.0,17288.19,126.19,3.7,11.0,31.0,39277.37,Wallet,Delivery,Open,Company Owned
OUT12431,Pizza Hut,Pizza Hut - Agartala 1,Agartala,Tripura,171001.0,Mall,Sandwich,2024-04-24,91.0,26092.99,286.74,4.5,10.0,27.0,101586.65,Wallet,Delivery,Open,Company Owned
OUT12432,Subway,Subway - Vijayawada 1,Vijayawada,Andhra Pradesh,781001.0,High Street,Donuts,2025-01-26,134.0,24703.54,184.35,4.0,4.0,33.0,135680.32,UPI,Takeaway,Open,Company Owned
OUT12433,Subway,Subway - New Delhi 9,New Delhi,Delhi,110001.0,Standalone,Pizza,2024-07-17,113.0,22936.66,202.98,3.0,17.0,33.0,45758.53,Cash,Dine-in,Renovation,Franchise
OUT12434,Subway,Subway - Kolkata 37,Kolkata,West Bengal,700001.0,Food Court,Burger,2023-06-27,185.0,15484.51,83.7,4.1,27.0,26.0,151263.09,UPI,Takeaway,Open,Company Owned
OUT12435,Subway,Subway - Raipur 10,Raipur,Chhattisgarh,797001.0,Standalone,Tacos,2023-06-19,209.0,21953.41,105.04,3.9,12.0,21.0,98485.44,Wallet,Drive-thru,Open,Franchise
OUT12436,Taco Bell,Taco Bell - Kavaratti 3,Kavaratti,Lakshadweep,800001.0,High Street,Donuts,2023-06-19,68.0,19863.06,292.1,4.4,26.0,7.0,93126.47,UPI,Takeaway,Open,Company Owned
OUT12437,Starbucks,Starbucks - Puducherry 14,Puducherry,Puducherry,799001.0,Drive-Thru,Fried Chicken,2024-04-27,115.0,23595.36,205.18,4.2,5.0,6.0,151728.45,UPI,Dine-in,Closed,Franchise
OUT12438,Pizza Hut,Pizza Hut - Bengaluru 22,Bengaluru,Karnataka,560001.0,Standalone,Fried Chicken,2024-05-03,99.0,24523.59,247.71,3.9,17.0,27.0,108284.41,Wallet,Drive-thru,Open,Company Owned
OUT12439,Pizza Hut,Pizza Hut - Shimla 6,Shimla,Himachal Pradesh,834001.0,Mall,Donuts,2024-10-23,161.0,14139.96,87.83,3.4,30.0,26.0,83142.15,UPI,Drive-thru,Renovation,Franchise
OUT12440,Taco Bell,Taco Bell - Kolkata 1,Kolkata,West Bengal,700001.0,Food Court,Fried Chicken,2025-07-07,151.0,14437.51,95.61,3.3,26.0,18.0,163156.52,UPI,Dine-in,Closed,Company Owned
OUT12441,Dunkin',Dunkin' - Vijayawada 19,Vijayawada,Andhra Pradesh,682001.0,Drive-Thru,Burger,2024-08-09,134.0,13808.98,103.05,4.8,10.0,3.0,107859.89,Card,Dine-in,Open,Franchise
OUT12442,Taco Bell,Taco Bell - Surat 24,Surat,Gujarat,395001.0,Standalone,Coffee & Snacks,2025-11-29,148.0,14421.0,97.44,3.7,13.0,4.0,66953.81,Cash,Drive-thru,Open,Franchise
OUT12443,Starbucks,Starbucks - Noida 15,Noida,Uttar Pradesh,226001.0,Food Court,Fried Chicken,2025-12-24,140.0,32256.03,230.4,4.5,7.0,8.0,50977.88,Card,Delivery,Closed,Company Owned
OUT12444,Burger King,Burger King - Faridabad 5,Faridabad,Haryana,171001.0,High Street,Donuts,2025-09-07,185.0,33028.91,178.53,4.5,24.0,23.0,46250.42,UPI,Delivery,Closed,Franchise
OUT12445,Wendy'S,Wendy's - Agartala 40,Agartala,Tripura,797001.0,Standalone,Fried Chicken,2024-09-15,148.0,11522.4,77.85,4.2,26.0,8.0,99078.07,Cash,Dine-in,Open,Company Owned
OUT12446,Taco Bell,Taco Bell - Visakhapatnam 20,Visakhapatnam,Andhra Pradesh,682553.0,Food Court,Donuts,2025-02-14,30.0,41377.32,1379.24,4.4,4.0,13.0,79248.43,Wallet,Dine-in,Open,Franchise
OUT12447,Pizza Hut,Pizza Hut - Thiruvananthapuram 21,Thiruvananthapuram,Kerala,751001.0,Drive-Thru,Pizza,2024-09-24,132.0,27477.49,208.16,3.7,5.0,35.0,114838.41,Card,Dine-in,Open,Franchise
OUT12448,Dunkin',Dunkin' - Kohima 21,Kohima,Nagaland,462001.0,Standalone,Fried Chicken,2024-08-17,103.0,23175.55,225.01,3.6,30.0,5.0,178447.67,Wallet,Takeaway,Open,Company Owned
OUT12449,Mcdonald'S,McDonald's - Imphal 3,Imphal,Manipur,834001.0,Mall,Coffee & Snacks,2024-08-24,140.0,14768.24,105.49,3.9,22.0,10.0,116074.85,UPI,Takeaway,Open,Franchise
OUT12450,Pizza Hut,Pizza Hut - Shillong 37,Shillong,Meghalaya,796001.0,Mall,Coffee & Snacks,2023-12-18,108.0,5539.08,51.29,3.7,9.0,29.0,119527.87,Card,Takeaway,Renovation,Company Owned
OUT12451,Mcdonald'S,McDonald's - Dehradun 27,Dehradun,Uttarakhand,797001.0,Drive-Thru,Burger,2025-01-28,178.0,20981.21,117.87,4.3,6.0,20.0,68391.27,Cash,Drive-thru,Open,Franchise
OUT12452,Starbucks,Starbucks - Bhubaneswar 40,Bhubaneswar,Odisha,492001.0,High Street,Donuts,2024-01-13,128.0,19546.61,152.71,4.1,10.0,7.0,61920.35,Cash,Delivery,Closed,Company Owned
OUT12453,Kfc,KFC - Ahmedabad 12,Ahmedabad,Gujarat,395001.0,Mall,Fried Chicken,2023-04-17,214.0,11901.27,55.61,3.3,10.0,11.0,130698.38,Wallet,Delivery,Closed,Franchise
OUT12454,Wendy'S,Wendy's - Itanagar 28,Itanagar,Arunachal Pradesh,781001.0,Standalone,Coffee & Snacks,2024-04-19,111.0,23893.23,215.25,4.6,30.0,28.0,84826.58,UPI,Drive-thru,Open,Franchise
OUT12455,Kfc,KFC - Kavaratti 4,Kavaratti,Lakshadweep,800001.0,Drive-Thru,Tacos,2025-01-22,214.0,10793.97,50.44,3.7,21.0,27.0,98042.32,Cash,Drive-thru,Closed,Franchise
OUT12456,Mcdonald'S,McDonald's - Daman 22,Daman,Dadra And Nagar Haveli And Daman And Diu,751001.0,High Street,Fried Chicken,2025-04-13,46.0,25781.38,560.46,3.3,15.0,23.0,120254.99,UPI,Drive-thru,Open,Company Owned
OUT12457,Subway,Subway - Port Blair 24,Port Blair,Andaman And Nicobar Islands,403001.0,Food Court,Pizza,2023-12-12,115.0,33787.41,293.8,3.2,24.0,32.0,79237.11,Card,Drive-thru,Open,Franchise
OUT12458,Mcdonald'S,McDonald's - Pune 19,Pune,Maharashtra,400001.0,Food Court,Tacos,2025-08-17,169.0,14588.25,86.32,4.3,7.0,24.0,156565.11,Wallet,Takeaway,Open,Company Owned
OUT12459,Domino'S,Domino's - Ludhiana 10,Ludhiana,Punjab,141001.0,Food Court,Tacos,2025-03-15,185.0,26467.49,143.07,4.4,11.0,7.0,123328.8,Wallet,Takeaway,Closed,Company Owned
OUT12460,Taco Bell,Taco Bell - Raipur 23,Raipur,Chhattisgarh,800001.0,Food Court,Pizza,2023-08-29,229.0,8266.4,36.1,3.4,11.0,5.0,17951.06,UPI,Delivery,Open,Company Owned
OUT12461,Mcdonald'S,McDonald's - Jammu 22,Jammu,Jammu And Kashmir,462001.0,Standalone,Coffee & Snacks,2024-09-10,58.0,16327.81,281.51,4.0,28.0,32.0,100993.07,Cash,Delivery,Closed,Franchise
OUT12462,Pizza Hut,Pizza Hut - Varanasi 4,Varanasi,Uttar Pradesh,226001.0,Drive-Thru,Tacos,2025-09-30,143.0,26630.07,186.22,4.6,29.0,19.0,92742.64,Cash,Drive-thru,Renovation,Franchise
OUT12463,Taco Bell,Taco Bell - Udaipur 36,Udaipur,Rajasthan,313001.0,High Street,Pizza,2025-07-05,120.0,27943.85,232.87,4.0,13.0,33.0,14740.95,Card,Takeaway,Renovation,Company Owned
OUT12464,Subway,Subway - Lucknow 29,Lucknow,Uttar Pradesh,201301.0,Mall,Sandwich,2024-02-07,156.0,13458.15,86.27,4.6,17.0,18.0,53499.66,Wallet,Drive-thru,Open,Franchise
OUT12465,Starbucks,Starbucks - Bhopal 34,Bhopal,Madhya Pradesh,492001.0,Standalone,Tacos,2025-11-12,156.0,15437.14,98.96,3.4,14.0,29.0,141015.76,Wallet,Dine-in,Closed,Company Owned
OUT12466,Dunkin',Dunkin' - Hyderabad 3,Hyderabad,Telangana,500032.0,Food Court,Coffee & Snacks,2024-01-04,106.0,3650.59,34.44,4.2,15.0,18.0,117360.65,Wallet,Delivery,Closed,Franchise
OUT12467,Starbucks,Starbucks - Coimbatore 31,Coimbatore,Tamil Nadu,641001.0,Mall,Sandwich,2025-12-30,169.0,30296.11,179.27,4.0,22.0,12.0,83705.94,UPI,Takeaway,Closed,Company Owned
OUT12468,Wendy'S,Wendy's - Coimbatore 22,Coimbatore,Tamil Nadu,641001.0,High Street,Coffee & Snacks,2023-09-02,133.0,24163.16,181.68,3.7,15.0,32.0,106501.95,UPI,Dine-in,Closed,Company Owned
OUT12469,Burger King,Burger King - New Delhi 26,New Delhi,Delhi,110025.0,Drive-Thru,Tacos,2023-12-23,192.0,32158.54,167.49,4.4,7.0,26.0,128878.66,Wallet,Dine-in,Closed,Franchise
OUT12470,Subway,Subway - Indore 7,Indore,Madhya Pradesh,799001.0,Drive-Thru,Pizza,2024-12-06,110.0,24769.97,225.18,4.1,13.0,9.0,82934.15,Card,Takeaway,Closed,Company Owned
OUT12471,Domino'S,Domino's - Mysuru 25,Mysuru,Karnataka,570001.0,Standalone,Coffee & Snacks,2024-02-29,10.0,17889.51,1788.95,3.9,15.0,3.0,79586.32,Wallet,Dine-in,Open,Franchise
OUT12472,Dunkin',Dunkin' - Pune 19,Pune,Maharashtra,440001.0,Drive-Thru,Donuts,2024-08-15,104.0,20878.54,200.76,4.9,15.0,16.0,48607.69,Wallet,Drive-thru,Open,Franchise
OUT12473,Dunkin',Dunkin' - Jammu 14,Jammu,Jammu And Kashmir,834001.0,Drive-Thru,Burger,2024-01-21,38.0,19073.16,501.93,3.7,16.0,4.0,128766.54,Cash,Takeaway,Renovation,Company Owned
OUT12474,Starbucks,Starbucks - Visakhapatnam 6,Visakhapatnam,Andhra Pradesh,834001.0,Drive-Thru,Burger,2025-12-24,169.0,14624.89,86.54,3.9,21.0,30.0,46317.53,Wallet,Takeaway,Renovation,Company Owned
OUT12475,Subway,Subway - Kochi 21,Kochi,Kerala,737101.0,Standalone,Pizza,2023-08-08,191.0,23187.21,121.4,4.3,15.0,6.0,133515.5,UPI,Drive-thru,Open,Company Owned
OUT12476,Dunkin',Dunkin' - Udaipur 14,Udaipur,Rajasthan,302001.0,High Street,Tacos,2024-07-14,238.0,20572.2,86.44,3.6,10.0,19.0,82156.69,Card,Delivery,Renovation,Company Owned
OUT12477,Burger King,Burger King - Kochi 16,Kochi,Kerala,403001.0,Standalone,Donuts,2024-11-12,145.0,12295.26,84.79,4.6,30.0,15.0,82498.92,Wallet,Takeaway,Open,Company Owned
OUT12478,Wendy'S,Wendy's - Ludhiana 8,Ludhiana,Punjab,141001.0,Food Court,Fried Chicken,2025-06-16,247.0,15152.2,61.34,4.6,24.0,13.0,87980.07,Wallet,Delivery,Open,Company Owned
OUT12479,Pizza Hut,Pizza Hut - Ahmedabad 3,Ahmedabad,Gujarat,380001.0,Standalone,Burger,2024-03-30,181.0,8906.28,49.21,5.0,21.0,35.0,141073.0,Wallet,Takeaway,Closed,Company Owned
OUT12480,Wendy'S,Wendy's - Aizawl 1,Aizawl,Mizoram,396210.0,Mall,Sandwich,2023-10-02,167.0,21232.96,127.14,4.2,4.0,17.0,90498.25,Card,Dine-in,Open,Company Owned
OUT12481,Starbucks,Starbucks - Surat 3,Surat,Gujarat,395001.0,High Street,Burger,2025-12-25,42.0,11216.04,267.05,4.3,24.0,20.0,92664.13,UPI,Takeaway,Closed,Company Owned
OUT12482,Kfc,KFC - Kochi 19,Kochi,Kerala,781001.0,Drive-Thru,Pizza,2023-02-08,177.0,17026.1,96.19,3.6,24.0,7.0,103570.21,UPI,Drive-thru,Open,Company Owned
OUT12483,Starbucks,Starbucks - Puducherry 24,Puducherry,Puducherry,751001.0,Standalone,Tacos,2023-08-07,195.0,20371.57,104.47,4.4,18.0,33.0,140467.96,Cash,Takeaway,Open,Company Owned
OUT12484,Burger King,Burger King - Port Blair 9,Port Blair,Andaman And Nicobar Islands,396210.0,High Street,Coffee & Snacks,2024-04-11,155.0,24035.13,155.07,3.9,20.0,17.0,73125.89,Cash,Takeaway,Open,Franchise
OUT12485,Taco Bell,Taco Bell - Daman 8,Daman,Dadra And Nagar Haveli And Daman And Diu,171001.0,Drive-Thru,Pizza,2024-08-10,85.0,24639.6,289.88,3.1,8.0,32.0,90401.98,Wallet,Drive-thru,Open,Franchise
OUT12486,Subway,Subway - Surat 32,Surat,Gujarat,380001.0,Mall,Pizza,2025-07-07,128.0,14637.7,114.36,3.9,12.0,35.0,90491.37,Cash,Delivery,Renovation,Company Owned
OUT12487,Taco Bell,Taco Bell - Lucknow 24,Lucknow,Uttar Pradesh,221001.0,High Street,Pizza,2024-10-13,145.0,24746.05,170.66,4.1,19.0,18.0,52610.94,Card,Delivery,Open,Franchise
OUT12488,Kfc,KFC - Patna 16,Patna,Bihar,799001.0,High Street,Pizza,2025-07-16,132.0,22319.96,169.09,2.8,23.0,32.0,76420.29,Wallet,Delivery,Closed,Franchise
OUT12489,Starbucks,Starbucks - Guwahati 11,Guwahati,Assam,799001.0,Standalone,Fried Chicken,2024-11-23,199.0,22409.9,112.61,3.5,29.0,16.0,80500.03,Card,Drive-thru,Closed,Franchise
OUT12490,Taco Bell,Taco Bell - Bhubaneswar 2,Bhubaneswar,Odisha,682001.0,Food Court,Sandwich,2024-08-13,113.0,17472.79,154.63,4.7,26.0,25.0,58849.11,UPI,Drive-thru,Open,Company Owned
OUT12491,Starbucks,Starbucks - Thane 25,Thane,Maharashtra,411001.0,High Street,Coffee & Snacks,2025-11-28,124.0,14354.42,115.76,4.4,29.0,21.0,97128.88,Card,Drive-thru,Open,Company Owned
OUT12492,Mcdonald'S,McDonald's - Coimbatore 15,Coimbatore,Tamil Nadu,641001.0,Mall,Donuts,2024-07-21,265.0,22271.48,84.04,3.6,7.0,17.0,88061.23,Wallet,Drive-thru,Open,Franchise
OUT12493,Kfc,KFC - Itanagar 30,Itanagar,Arunachal Pradesh,682001.0,Standalone,Fried Chicken,2023-08-07,131.0,7553.84,57.66,3.7,30.0,11.0,94886.62,Cash,Takeaway,Open,Company Owned
OUT12494,Domino'S,Domino's - Daman 1,Daman,Dadra And Nagar Haveli And Daman And Diu,171001.0,Mall,Sandwich,2023-03-01,224.0,8322.22,37.15,4.0,6.0,21.0,77707.73,Wallet,Drive-thru,Closed,Franchise
OUT12495,Taco Bell,Taco Bell - Hyderabad 26,Hyderabad,Telangana,500032.0,Food Court,Fried Chicken,2023-01-06,116.0,21198.16,182.74,5.0,24.0,15.0,121402.47,UPI,Dine-in,Renovation,Franchise
OUT12496,Wendy'S,Wendy's - Bhopal 8,Bhopal,Madhya Pradesh,737101.0,Mall,Donuts,2025-09-11,179.0,16800.11,93.86,3.4,19.0,15.0,75468.3,Card,Drive-thru,Open,Franchise
OUT12497,Domino'S,Domino's - Coimbatore 8,Coimbatore,Tamil Nadu,600001.0,Standalone,Coffee & Snacks,2024-02-22,118.0,23151.37,196.2,4.0,30.0,14.0,76424.03,Wallet,Takeaway,Renovation,Company Owned
OUT12498,Kfc,KFC - Ludhiana 26,Ludhiana,Punjab,141001.0,Mall,Sandwich,2025-04-28,141.0,19378.56,137.44,4.2,12.0,30.0,111840.07,Card,Takeaway,Open,Franchise
OUT12499,Domino'S,Domino's - Vijayawada 9,Vijayawada,Andhra Pradesh,682553.0,Drive-Thru,Tacos,2023-06-09,63.0,1821.96,28.92,4.4,15.0,16.0,109696.94,Wallet,Drive-thru,Renovation,Company Owned
OUT12500,Starbucks,Starbucks - Noida 12,Noida,Uttar Pradesh,201301.0,Standalone,Tacos,2023-03-24,203.0,18864.84,92.93,3.4,22.0,31.0,132757.02,UPI,Takeaway,Open,Franchise
OUT12501,Subway,Subway - Amritsar 15,Amritsar,Punjab,143001.0,Standalone,Burger,2024-04-14,117.0,22642.68,193.53,3.9,23.0,28.0,55192.18,Card,Takeaway,Renovation,Franchise
OUT12502,Domino'S,Domino's - Nashik 36,Nashik,Maharashtra,400601.0,Food Court,Burger,2023-06-19,189.0,23338.39,123.48,3.9,17.0,12.0,69615.75,Wallet,Delivery,Open,Company Owned
OUT12503,Mcdonald'S,McDonald's - Bengaluru 10,Bengaluru,Karnataka,560001.0,Mall,Sandwich,2023-06-13,109.0,12055.39,110.6,4.1,29.0,20.0,63789.28,Cash,Dine-in,Renovation,Franchise
OUT12504,Starbucks,Starbucks - Varanasi 34,Varanasi,Uttar Pradesh,221001.0,High Street,Coffee & Snacks,2024-02-26,141.0,19249.18,136.52,3.7,13.0,6.0,98106.67,Cash,Dine-in,Open,Company Owned
OUT12505,Kfc,KFC - Bengaluru 21,Bengaluru,Karnataka,560001.0,Mall,Sandwich,2024-04-19,148.0,14211.77,96.03,4.5,6.0,26.0,85063.12,UPI,Takeaway,Renovation,Franchise
OUT12506,Pizza Hut,Pizza Hut - Visakhapatnam 21,Visakhapatnam,Andhra Pradesh,737101.0,High Street,Pizza,2024-09-26,117.0,16401.24,140.18,3.8,15.0,18.0,104639.94,UPI,Drive-thru,Open,Franchise
OUT12507,Taco Bell,Taco Bell - Patna 38,Patna,Bihar,793001.0,Standalone,Coffee & Snacks,2025-07-14,168.0,21940.0,130.6,4.4,10.0,8.0,35142.43,Cash,Drive-thru,Open,Company Owned
OUT12508,Kfc,KFC - Surat 13,Surat,Gujarat,395001.0,Standalone,Sandwich,2023-11-04,175.0,26450.11,151.14,3.3,9.0,33.0,100266.19,UPI,Dine-in,Open,Company Owned
OUT12509,Kfc,KFC - Lucknow 6,Lucknow,Uttar Pradesh,226001.0,Food Court,Fried Chicken,2024-09-26,139.0,26111.27,187.85,4.0,30.0,16.0,95719.47,Wallet,Takeaway,Open,Franchise
OUT12510,Domino'S,Domino's - Indore 6,Indore,Madhya Pradesh,800001.0,Food Court,Donuts,2025-10-09,142.0,20485.28,144.26,4.4,13.0,29.0,66494.87,Wallet,Drive-thru,Renovation,Company Owned
OUT12511,Dunkin',Dunkin' - Srinagar 32,Srinagar,Jammu And Kashmir,793001.0,Mall,Pizza,2025-03-01,137.0,8866.09,64.72,3.5,9.0,23.0,68233.01,Cash,Dine-in,Open,Company Owned
OUT12512,Taco Bell,Taco Bell - Chandigarh 39,Chandigarh,Chandigarh,799001.0,High Street,Pizza,2024-08-08,144.0,27068.54,187.98,3.4,21.0,28.0,43286.08,UPI,Dine-in,Open,Company Owned
OUT12513,Mcdonald'S,McDonald's - Noida 18,Noida,Uttar Pradesh,221001.0,Drive-Thru,Fried Chicken,2024-02-04,122.0,11530.84,94.52,3.9,21.0,3.0,44016.05,Wallet,Delivery,Open,Company Owned
OUT12514,Pizza Hut,Pizza Hut - Guwahati 35,Guwahati,Assam,795001.0,Drive-Thru,Pizza,2023-05-21,90.0,22977.99,255.31,3.9,12.0,5.0,89334.23,Cash,Takeaway,Open,Company Owned
OUT12515,Wendy'S,Wendy's - Jammu 32,Jammu,Jammu And Kashmir,682001.0,Food Court,Burger,2023-02-07,165.0,12865.99,77.98,4.7,22.0,2.0,151241.93,Wallet,Drive-thru,Open,Company Owned
OUT12516,Dunkin',Dunkin' - Bengaluru 35,Bengaluru,Karnataka,570001.0,Standalone,Tacos,2025-12-24,209.0,12426.16,59.46,3.4,17.0,13.0,171679.68,Cash,Dine-in,Renovation,Company Owned
OUT12517,Starbucks,Starbucks - Thane 10,Thane,Maharashtra,422001.0,Mall,Pizza,2023-11-24,74.0,22296.68,301.31,4.2,10.0,13.0,22174.27,Card,Dine-in,Open,Company Owned
OUT12518,Domino'S,Domino's - Bhopal 9,Bhopal,Madhya Pradesh,793001.0,Drive-Thru,Coffee & Snacks,2024-02-07,128.0,26260.64,205.16,4.5,25.0,20.0,12000.0,UPI,Delivery,Open,Company Owned
OUT12519,Starbucks,Starbucks - Jaipur 15,Jaipur,Rajasthan,313001.0,Mall,Pizza,2023-07-10,203.0,15176.01,74.76,4.3,15.0,27.0,109624.52,UPI,Drive-thru,Open,Franchise
OUT12520,Taco Bell,Taco Bell - Dehradun 34,Dehradun,Uttarakhand,834001.0,Drive-Thru,Tacos,2023-04-05,158.0,13769.53,87.15,4.1,20.0,30.0,17029.49,UPI,Delivery,Renovation,Company Owned
OUT12521,Kfc,KFC - Guwahati 25,Guwahati,Assam,492001.0,High Street,Tacos,2023-03-24,160.0,31813.03,198.83,3.5,28.0,34.0,110423.83,Wallet,Dine-in,Renovation,Franchise
OUT12522,Taco Bell,Taco Bell - Puducherry 31,Puducherry,Puducherry,682553.0,High Street,Pizza,2024-01-22,163.0,3435.47,21.08,4.4,21.0,11.0,123412.61,UPI,Delivery,Open,Franchise
OUT12523,Pizza Hut,Pizza Hut - Indore 37,Indore,Madhya Pradesh,737101.0,Standalone,Tacos,2023-04-24,177.0,16077.96,90.84,3.8,24.0,23.0,87414.09,Wallet,Delivery,Renovation,Franchise
OUT12524,Burger King,Burger King - Aizawl 25,Aizawl,Mizoram,682001.0,Drive-Thru,Donuts,2025-09-09,180.0,18268.78,101.49,3.6,11.0,14.0,69251.43,Card,Drive-thru,Closed,Company Owned
OUT12525,Pizza Hut,Pizza Hut - Shillong 15,Shillong,Meghalaya,682553.0,Food Court,Pizza,2024-03-01,127.0,14065.67,110.75,4.5,28.0,12.0,81567.31,Wallet,Drive-thru,Open,Company Owned
OUT12526,Taco Bell,Taco Bell - Kohima 6,Kohima,Nagaland,492001.0,Drive-Thru,Pizza,2024-08-10,115.0,30413.59,264.47,4.0,15.0,26.0,126021.16,Cash,Dine-in,Open,Franchise
OUT12527,Mcdonald'S,McDonald's - Puducherry 3,Puducherry,Puducherry,171001.0,High Street,Tacos,2024-12-07,93.0,17089.69,183.76,4.7,17.0,15.0,48348.91,Cash,Takeaway,Open,Franchise
OUT12528,Starbucks,Starbucks - Shillong 2,Shillong,Meghalaya,751001.0,Food Court,Sandwich,2023-11-04,151.0,30478.0,201.84,2.7,8.0,19.0,117084.84,Card,Delivery,Renovation,Company Owned
OUT12529,Subway,Subway - Shimla 7,Shimla,Himachal Pradesh,796001.0,High Street,Pizza,2024-10-22,118.0,17003.6,144.1,5.0,15.0,3.0,85766.77,Cash,Dine-in,Renovation,Franchise
OUT12530,Burger King,Burger King - Shimla 40,Shimla,Himachal Pradesh,737101.0,Mall,Tacos,2025-10-22,110.0,35193.1,319.94,3.8,8.0,5.0,48964.46,Cash,Drive-thru,Renovation,Company Owned
OUT12531,Mcdonald'S,McDonald's - Faridabad 36,Faridabad,Haryana,462001.0,Mall,Donuts,2025-11-10,95.0,21974.27,231.31,4.5,27.0,20.0,53827.11,Cash,Dine-in,Open,Company Owned
OUT12532,Mcdonald'S,McDonald's - Thane 36,Thane,Maharashtra,400601.0,High Street,Pizza,2024-10-09,157.0,24354.39,155.12,3.1,7.0,8.0,62482.32,Cash,Drive-thru,Open,Franchise
OUT12533,Kfc,KFC - Coimbatore 34,Coimbatore,Tamil Nadu,641001.0,Drive-Thru,Sandwich,2023-08-05,115.0,21017.71,182.76,4.9,6.0,12.0,98544.01,Cash,Delivery,Renovation,Franchise
OUT12534,Taco Bell,Taco Bell - Ludhiana 33,Ludhiana,Punjab,141001.0,Drive-Thru,Burger,2025-10-21,114.0,12349.23,108.33,4.0,5.0,16.0,67630.52,Cash,Dine-in,Closed,Franchise
OUT12535,Dunkin',Dunkin' - Chandigarh 9,Chandigarh,Chandigarh,800001.0,High Street,Donuts,2025-09-11,174.0,23626.35,135.78,4.9,20.0,24.0,58141.24,Unknown,Dine-in,Closed,Company Owned
OUT12536,Kfc,KFC - Bengaluru 19,Bengaluru,Karnataka,570001.0,Standalone,Tacos,2025-08-31,144.0,9786.71,67.96,5.0,19.0,25.0,118117.44,Cash,Dine-in,Open,Franchise
OUT12537,Subway,Subway - Jammu 11,Jammu,Jammu And Kashmir,781001.0,High Street,Pizza,2025-01-30,147.0,22825.14,155.27,4.5,26.0,30.0,89561.44,UPI,Takeaway,Open,Franchise
OUT12538,Domino'S,Domino's - Udaipur 2,Udaipur,Rajasthan,313001.0,High Street,Fried Chicken,2025-06-04,221.0,13476.11,60.98,3.1,12.0,10.0,126170.85,Cash,Dine-in,Open,Company Owned
OUT12539,Pizza Hut,Pizza Hut - Udaipur 34,Udaipur,Rajasthan,313001.0,Food Court,Donuts,2025-01-20,172.0,16897.89,98.24,3.4,17.0,6.0,124408.64,Card,Dine-in,Closed,Franchise
OUT12540,Pizza Hut,Pizza Hut - Bhubaneswar 22,Bhubaneswar,Odisha,462001.0,High Street,Fried Chicken,2024-05-07,36.0,24296.28,674.9,5.0,14.0,3.0,106910.58,Card,Takeaway,Open,Company Owned
OUT12541,Pizza Hut,Pizza Hut - Kolkata 37,Kolkata,West Bengal,700001.0,Food Court,Tacos,2024-07-24,160.0,21626.97,135.17,4.3,15.0,15.0,61376.04,Wallet,Delivery,Open,Franchise
OUT12542,Burger King,Burger King - Ludhiana 33,Ludhiana,Punjab,141001.0,Mall,Pizza,2024-01-30,119.0,23843.02,200.36,3.4,24.0,28.0,95616.99,Wallet,Dine-in,Open,Company Owned
OUT12543,Starbucks,Starbucks - Ahmedabad 15,Ahmedabad,Gujarat,395001.0,Food Court,Burger,2024-10-22,136.0,4018.12,29.54,3.7,23.0,8.0,72047.15,Cash,Drive-thru,Open,Company Owned
OUT12544,Starbucks,Starbucks - Ranchi 21,Ranchi,Jharkhand,800001.0,Food Court,Pizza,2024-07-27,221.0,14812.17,67.02,4.2,16.0,9.0,79798.96,Cash,Delivery,Closed,Franchise
OUT12545,Subway,Subway - Kavaratti 17,Kavaratti,Lakshadweep,795001.0,Standalone,Donuts,2025-12-08,87.0,28713.76,330.04,4.7,4.0,20.0,87898.71,UPI,Dine-in,Renovation,Franchise
OUT12546,Kfc,KFC - Gangtok 2,Gangtok,Sikkim,682001.0,Food Court,Sandwich,2023-12-31,241.0,12564.5,52.13,4.6,27.0,29.0,95750.79,Card,Takeaway,Closed,Company Owned
OUT12547,Burger King,Burger King - Daman 16,Daman,Dadra And Nagar Haveli And Daman And Diu,403001.0,Mall,Donuts,2024-09-21,162.0,23689.82,146.23,4.1,26.0,3.0,109982.65,Cash,Takeaway,Open,Franchise
OUT12548,Pizza Hut,Pizza Hut - Nashik 32,Nashik,Maharashtra,422001.0,Drive-Thru,Coffee & Snacks,2025-09-25,161.0,500.0,3.11,4.6,22.0,25.0,40584.36,Card,Takeaway,Open,Company Owned
OUT12549,Kfc,KFC - Itanagar 2,Itanagar,Arunachal Pradesh,462001.0,Food Court,Fried Chicken,2024-07-19,101.0,27870.2,275.94,4.3,23.0,35.0,12000.0,UPI,Drive-thru,Closed,Company Owned
OUT12550,Pizza Hut,Pizza Hut - Srinagar 6,Srinagar,Jammu And Kashmir,797001.0,Food Court,Burger,2024-08-25,101.0,27974.23,276.97,3.9,27.0,25.0,26848.2,Wallet,Delivery,Open,Company Owned
OUT12551,Subway,Subway - Visakhapatnam 13,Visakhapatnam,Andhra Pradesh,462001.0,High Street,Sandwich,2025-04-10,216.0,22005.51,101.88,4.6,7.0,30.0,123255.62,Card,Delivery,Open,Company Owned
OUT12552,Kfc,KFC - Indore 25,Indore,Madhya Pradesh,751001.0,High Street,Burger,2024-06-01,140.0,23056.9,164.69,4.7,28.0,24.0,68957.32,Wallet,Takeaway,Closed,Franchise
OUT12553,Burger King,Burger King - Agartala 29,Agartala,Tripura,737101.0,Drive-Thru,Pizza,2023-04-07,109.0,30245.85,277.48,4.1,5.0,31.0,128196.76,Wallet,Takeaway,Renovation,Company Owned
OUT12554,Burger King,Burger King - Jaipur 37,Jaipur,Rajasthan,313001.0,Mall,Pizza,2024-09-17,84.0,22040.34,262.38,4.4,11.0,5.0,79373.46,Cash,Dine-in,Closed,Company Owned
OUT12555,Wendy'S,Wendy's - Imphal 2,Imphal,Manipur,796001.0,Drive-Thru,Donuts,2024-08-10,107.0,16141.5,150.86,3.1,26.0,2.0,99726.55,Wallet,Takeaway,Open,Company Owned
OUT12556,Mcdonald'S,McDonald's - Gangtok 18,Gangtok,Sikkim,248001.0,Drive-Thru,Coffee & Snacks,2023-08-13,160.0,16197.54,101.23,4.2,21.0,24.0,81027.52,Card,Delivery,Closed,Company Owned
OUT12557,Starbucks,Starbucks - Ahmedabad 38,Ahmedabad,Gujarat,380001.0,Drive-Thru,Burger,2024-11-26,188.0,25196.01,134.02,3.9,10.0,32.0,103228.82,Wallet,Drive-thru,Closed,Company Owned
OUT12558,Pizza Hut,Pizza Hut - Port Blair 26,Port Blair,Andaman And Nicobar Islands,396210.0,Food Court,Pizza,2025-02-25,262.0,18787.4,71.71,3.3,15.0,18.0,193066.3,UPI,Takeaway,Open,Company Owned
OUT12559,Dunkin',Dunkin' - Dehradun 28,Dehradun,Uttarakhand,744101.0,Food Court,Pizza,2023-05-06,173.0,11146.96,64.43,4.3,15.0,29.0,59432.87,Card,Takeaway,Open,Company Owned
OUT12560,Wendy'S,Wendy's - Ludhiana 5,Ludhiana,Punjab,143001.0,Drive-Thru,Burger,2025-02-12,100.0,9088.25,90.88,3.5,30.0,4.0,125439.2,Cash,Takeaway,Renovation,Franchise
OUT12561,Mcdonald'S,McDonald's - Patna 8,Patna,Bihar,560001.0,Drive-Thru,Donuts,2024-05-14,137.0,7794.68,56.9,3.8,9.0,18.0,113974.3,UPI,Delivery,Open,Franchise
OUT12562,Taco Bell,Taco Bell - Patna 24,Patna,Bihar,396210.0,High Street,Fried Chicken,2025-12-24,198.0,23455.34,118.46,4.6,12.0,16.0,77824.83,Wallet,Delivery,Open,Company Owned
OUT12563,Kfc,KFC - Bengaluru 33,Bengaluru,Karnataka,560001.0,Food Court,Tacos,2024-01-10,161.0,21554.72,133.88,4.7,8.0,34.0,72578.15,Cash,Dine-in,Open,Franchise
OUT12564,Taco Bell,Taco Bell - Puducherry 32,Puducherry,Puducherry,800001.0,High Street,Burger,2023-10-04,112.0,18120.12,161.79,4.2,13.0,3.0,84463.47,Wallet,Drive-thru,Open,Franchise
OUT12565,Burger King,Burger King - Faridabad 2,Faridabad,Haryana,248001.0,Drive-Thru,Donuts,2023-07-15,134.0,15186.14,113.33,4.7,6.0,27.0,46961.64,Wallet,Takeaway,Closed,Company Owned
OUT12566,Pizza Hut,Pizza Hut - Nagpur 4,Nagpur,Maharashtra,400601.0,Mall,Donuts,2024-01-04,183.0,16991.21,92.85,5.0,8.0,27.0,77115.0,Cash,Drive-thru,Open,Franchise
OUT12567,Starbucks,Starbucks - Bhopal 23,Bhopal,Madhya Pradesh,462001.0,Standalone,Fried Chicken,2023-05-22,161.0,19837.86,123.22,5.0,12.0,3.0,123635.29,Wallet,Delivery,Open,Franchise
OUT12568,Dunkin',Dunkin' - Panaji 7,Panaji,Goa,834001.0,Drive-Thru,Sandwich,2023-12-10,156.0,17777.52,113.96,3.5,23.0,34.0,108254.33,Card,Drive-thru,Closed,Company Owned
OUT12569,Starbucks,Starbucks - Pune 22,Pune,Maharashtra,422001.0,Drive-Thru,Burger,2025-04-08,213.0,38036.69,178.58,4.4,27.0,27.0,101851.09,Cash,Takeaway,Renovation,Franchise
OUT12570,Wendy'S,Wendy's - Surat 36,Surat,Gujarat,395001.0,Standalone,Coffee & Snacks,2023-08-18,138.0,13888.75,100.64,3.9,9.0,29.0,150253.77,UPI,Dine-in,Open,Company Owned
OUT12571,Burger King,Burger King - Chennai 9,Chennai,Tamil Nadu,641001.0,Food Court,Donuts,2023-12-10,159.0,17744.18,111.6,4.1,24.0,24.0,83550.21,UPI,Delivery,Open,Franchise
OUT12572,Burger King,Burger King - Shillong 3,Shillong,Meghalaya,737101.0,Standalone,Donuts,2025-02-02,190.0,25119.82,132.21,4.0,16.0,25.0,66065.86,UPI,Takeaway,Open,Company Owned
OUT12573,Taco Bell,Taco Bell - Ahmedabad 18,Ahmedabad,Gujarat,395001.0,High Street,Fried Chicken,2023-11-25,178.0,17372.74,97.6,4.8,28.0,14.0,36516.71,Cash,Drive-thru,Open,Company Owned
OUT12574,Taco Bell,Taco Bell - Udaipur 32,Udaipur,Rajasthan,313001.0,Standalone,Donuts,2025-10-12,175.0,15222.68,86.99,4.0,8.0,7.0,93512.59,Card,Drive-thru,Closed,Company Owned
OUT12575,Domino'S,Domino's - Kavaratti 4,Kavaratti,Lakshadweep,800001.0,Standalone,Donuts,2024-04-10,167.0,31310.45,187.49,4.7,13.0,6.0,20239.93,Wallet,Takeaway,Open,Franchise
OUT12576,Kfc,KFC - Kohima 15,Kohima,Nagaland,248001.0,Mall,Burger,2024-04-02,219.0,6242.35,28.5,5.0,8.0,21.0,73869.63,Cash,Dine-in,Open,Company Owned
OUT12577,Subway,Subway - Chennai 18,Chennai,Tamil Nadu,641001.0,Standalone,Donuts,2024-08-03,111.0,12076.77,108.8,3.8,15.0,5.0,79168.53,UPI,Drive-thru,Open,Company Owned
OUT12578,Domino'S,Domino's - Port Blair 21,Port Blair,Andaman And Nicobar Islands,737101.0,Drive-Thru,Donuts,2025-03-10,147.0,698.13,4.75,3.4,19.0,3.0,147640.75,UPI,Drive-thru,Closed,Company Owned
OUT12579,Starbucks,Starbucks - Mysuru 8,Mysuru,Karnataka,560001.0,Mall,Tacos,2023-05-25,210.0,26560.36,126.48,3.8,19.0,17.0,98139.94,UPI,Dine-in,Open,Company Owned
OUT12580,Pizza Hut,Pizza Hut - Nagpur 39,Nagpur,Maharashtra,440001.0,Standalone,Donuts,2023-09-09,147.0,14974.4,101.87,3.6,23.0,11.0,100877.2,UPI,Dine-in,Open,Company Owned
OUT12581,Domino'S,Domino's - Jaipur 30,Jaipur,Rajasthan,313001.0,Mall,Burger,2024-08-30,177.0,7257.57,41.0,4.1,16.0,31.0,57922.38,UPI,Dine-in,Open,Franchise
OUT12582,Domino'S,Domino's - Kohima 23,Kohima,Nagaland,796001.0,Standalone,Fried Chicken,2024-05-31,192.0,14261.45,74.28,3.8,23.0,4.0,78003.79,Cash,Drive-thru,Closed,Company Owned
OUT12583,Burger King,Burger King - Hyderabad 30,Hyderabad,Telangana,500001.0,Standalone,Donuts,2024-02-21,131.0,18862.25,143.99,4.2,20.0,25.0,89562.98,UPI,Delivery,Renovation,Franchise
OUT12584,Pizza Hut,Pizza Hut - New Delhi 13,New Delhi,Delhi,110001.0,Drive-Thru,Coffee & Snacks,2025-08-29,166.0,13702.78,82.55,4.0,15.0,28.0,154992.52,Wallet,Delivery,Open,Franchise
OUT12585,Subway,Subway - Gurugram 36,Gurugram,Haryana,797001.0,Standalone,Sandwich,2025-08-14,162.0,17361.46,107.17,4.0,11.0,31.0,113392.21,UPI,Takeaway,Open,Company Owned
OUT12586,Kfc,KFC - Agartala 1,Agartala,Tripura,682001.0,Food Court,Fried Chicken,2025-01-26,128.0,12870.79,100.55,4.7,16.0,31.0,161112.63,Wallet,Delivery,Open,Franchise
OUT12587,Kfc,KFC - Nagpur 19,Nagpur,Maharashtra,411001.0,Drive-Thru,Coffee & Snacks,2024-03-09,123.0,15467.66,125.75,4.9,5.0,31.0,89713.11,UPI,Takeaway,Closed,Franchise
OUT12588,Burger King,Burger King - Guwahati 20,Guwahati,Assam,462001.0,Drive-Thru,Pizza,2023-06-09,182.0,31666.74,173.99,4.1,26.0,17.0,137509.13,Card,Delivery,Open,Company Owned
OUT12589,Dunkin',Dunkin' - Bhopal 7,Bhopal,Madhya Pradesh,744101.0,Food Court,Pizza,2023-03-14,140.0,20114.92,143.68,4.0,17.0,26.0,19321.32,Wallet,Dine-in,Open,Company Owned
OUT12590,Dunkin',Dunkin' - Kochi 31,Kochi,Kerala,796001.0,Mall,Sandwich,2024-07-19,10.0,17588.4,1758.84,3.5,9.0,8.0,112404.62,UPI,Dine-in,Renovation,Franchise
OUT12591,Subway,Subway - Aizawl 35,Aizawl,Mizoram,492001.0,Food Court,Tacos,2025-02-24,206.0,25967.64,126.06,4.2,21.0,18.0,54365.17,Wallet,Takeaway,Closed,Company Owned
OUT12592,Taco Bell,Taco Bell - Pune 26,Pune,Maharashtra,422001.0,Standalone,Burger,2025-04-20,128.0,26960.51,210.63,4.2,4.0,23.0,137627.22,UPI,Takeaway,Closed,Franchise
OUT12593,Domino'S,Domino's - Hyderabad 16,Hyderabad,Telangana,500032.0,High Street,Tacos,2024-04-19,100.0,12732.9,127.33,3.9,10.0,26.0,90498.25,Card,Dine-in,Closed,Franchise
OUT12594,Starbucks,Starbucks - Vijayawada 25,Vijayawada,Andhra Pradesh,492001.0,Food Court,Donuts,2024-06-13,49.0,9533.11,194.55,4.4,8.0,2.0,47958.99,Card,Dine-in,Open,Franchise
OUT12595,Dunkin',Dunkin' - Lucknow 40,Lucknow,Uttar Pradesh,221001.0,High Street,Pizza,2024-07-17,206.0,18678.81,90.67,4.1,6.0,18.0,72052.33,UPI,Drive-thru,Closed,Franchise
OUT12596,Mcdonald'S,McDonald's - Varanasi 22,Varanasi,Uttar Pradesh,226001.0,High Street,Fried Chicken,2025-11-16,200.0,25187.52,125.94,4.3,17.0,11.0,73984.48,Wallet,Drive-thru,Open,Franchise
OUT12597,Taco Bell,Taco Bell - Gurugram 9,Gurugram,Haryana,248001.0,High Street,Fried Chicken,2024-11-24,152.0,16731.75,110.08,3.6,28.0,24.0,59658.64,Wallet,Delivery,Open,Franchise
OUT12598,Starbucks,Starbucks - Nashik 22,Nashik,Maharashtra,411001.0,High Street,Coffee & Snacks,2025-11-30,194.0,19425.18,100.13,4.6,23.0,26.0,82663.34,Card,Delivery,Open,Company Owned
OUT12599,Taco Bell,Taco Bell - Kolkata 37,Kolkata,West Bengal,700001.0,Drive-Thru,Burger,2025-08-04,125.0,22832.69,182.66,3.2,5.0,35.0,27822.26,Wallet,Takeaway,Renovation,Company Owned
OUT12600,Dunkin',Dunkin' - Coimbatore 19,Coimbatore,Tamil Nadu,600001.0,Mall,Fried Chicken,2025-12-25,129.0,16466.26,127.65,4.3,25.0,12.0,82358.24,UPI,Delivery,Closed,Franchise
OUT12601,Pizza Hut,Pizza Hut - Panaji 13,Panaji,Goa,248001.0,High Street,Pizza,2025-04-06,136.0,20183.6,148.41,3.1,18.0,7.0,78661.05,UPI,Drive-thru,Open,Franchise
OUT12602,Wendy'S,Wendy's - Visakhapatnam 1,Visakhapatnam,Andhra Pradesh,682553.0,Drive-Thru,Coffee & Snacks,2025-01-28,160.0,24248.24,151.55,4.1,20.0,10.0,61297.98,UPI,Drive-thru,Closed,Franchise
OUT12603,Mcdonald'S,McDonald's - Thiruvananthapuram 30,Thiruvananthapuram,Kerala,396210.0,Mall,Fried Chicken,2024-01-19,173.0,10805.24,62.46,3.4,23.0,31.0,100728.41,Wallet,Delivery,Open,Franchise
OUT12604,Kfc,KFC - Kavaratti 31,Kavaratti,Lakshadweep,834001.0,Mall,Coffee & Snacks,2025-08-15,204.0,8541.2,41.87,4.3,6.0,7.0,106062.74,UPI,Drive-thru,Open,Company Owned
OUT12605,Starbucks,Starbucks - Thiruvananthapuram 12,Thiruvananthapuram,Kerala,834001.0,Food Court,Sandwich,2024-04-05,206.0,26554.47,128.91,3.0,10.0,31.0,81736.79,UPI,Delivery,Open,Company Owned
OUT12606,Taco Bell,Taco Bell - Puducherry 15,Puducherry,Puducherry,682001.0,High Street,Donuts,2023-02-12,117.0,16401.91,140.19,3.6,30.0,16.0,149673.35,UPI,Takeaway,Renovation,Company Owned
OUT12607,Starbucks,Starbucks - Kohima 22,Kohima,Nagaland,800001.0,High Street,Fried Chicken,2023-07-19,130.0,35315.94,271.66,4.3,27.0,13.0,80607.18,UPI,Delivery,Closed,Company Owned
OUT12608,Subway,Subway - Nagpur 7,Nagpur,Maharashtra,400001.0,Food Court,Coffee & Snacks,2023-02-15,159.0,18100.86,113.84,4.1,25.0,29.0,93252.89,Cash,Dine-in,Renovation,Franchise
OUT12609,Subway,Subway - Srinagar 28,Srinagar,Jammu And Kashmir,795001.0,Drive-Thru,Tacos,2023-09-30,198.0,36038.29,182.01,4.7,15.0,16.0,106388.19,Card,Takeaway,Open,Company Owned
OUT12610,Subway,Subway - Ahmedabad 12,Ahmedabad,Gujarat,380001.0,Standalone,Coffee & Snacks,2024-12-14,120.0,24020.2,200.17,4.3,29.0,22.0,70720.93,Card,Delivery,Open,Franchise
OUT12611,Kfc,KFC - Hyderabad 13,Hyderabad,Telangana,500001.0,Standalone,Pizza,2025-02-01,86.0,13002.16,151.19,4.3,21.0,34.0,12000.0,Wallet,Takeaway,Open,Franchise
OUT12612,Pizza Hut,Pizza Hut - Panaji 33,Panaji,Goa,682001.0,Standalone,Sandwich,2024-10-04,142.0,21912.03,154.31,3.3,14.0,18.0,109154.85,Cash,Takeaway,Open,Company Owned
OUT12613,Dunkin',Dunkin' - Shillong 21,Shillong,Meghalaya,781001.0,Drive-Thru,Tacos,2024-06-20,209.0,25485.28,121.94,4.3,26.0,19.0,95406.25,Wallet,Delivery,Open,Franchise
OUT12614,Domino'S,Domino's - Kochi 36,Kochi,Kerala,797001.0,Mall,Burger,2023-02-11,170.0,6214.31,36.55,4.9,6.0,34.0,37775.09,Card,Delivery,Closed,Franchise
OUT12615,Mcdonald'S,McDonald's - Visakhapatnam 27,Visakhapatnam,Andhra Pradesh,737101.0,Standalone,Sandwich,2025-03-07,175.0,26856.21,153.46,4.7,27.0,19.0,94098.5,UPI,Drive-thru,Closed,Franchise
OUT12616,Pizza Hut,Pizza Hut - Gangtok 26,Gangtok,Sikkim,492001.0,Drive-Thru,Fried Chicken,2023-05-08,132.0,11797.37,89.37,4.6,15.0,5.0,102709.5,Cash,Drive-thru,Open,Franchise
OUT12617,Starbucks,Starbucks - Nashik 12,Nashik,Maharashtra,422001.0,Standalone,Fried Chicken,2024-11-19,187.0,22887.78,122.39,4.3,20.0,17.0,93892.95,Cash,Delivery,Renovation,Company Owned
OUT12618,Wendy'S,Wendy's - Srinagar 28,Srinagar,Jammu And Kashmir,462001.0,Food Court,Pizza,2025-02-16,153.0,14341.1,93.73,3.6,24.0,12.0,92368.36,Cash,Dine-in,Renovation,Company Owned
OUT12619,Dunkin',Dunkin' - Lucknow 27,Lucknow,Uttar Pradesh,226001.0,Standalone,Sandwich,2024-09-14,169.0,17580.29,104.03,4.0,20.0,20.0,107903.03,Wallet,Takeaway,Open,Company Owned
OUT12620,Kfc,KFC - New Delhi 14,New Delhi,Delhi,110017.0,Standalone,Sandwich,2023-07-08,217.0,21618.7,99.63,3.7,12.0,15.0,52136.41,Cash,Delivery,Open,Franchise
OUT12621,Domino'S,Domino's - Coimbatore 29,Coimbatore,Tamil Nadu,600001.0,High Street,Donuts,2025-06-20,115.0,18036.99,156.84,3.4,26.0,6.0,73493.81,UPI,Dine-in,Closed,Franchise
OUT12622,Kfc,KFC - Amritsar 35,Amritsar,Punjab,143001.0,High Street,Coffee & Snacks,2024-03-27,135.0,20432.69,151.35,4.3,15.0,6.0,42051.79,Wallet,Delivery,Closed,Company Owned
OUT12623,Taco Bell,Taco Bell - Aizawl 25,Aizawl,Mizoram,744101.0,High Street,Donuts,2025-01-28,171.0,11058.1,64.67,3.1,6.0,32.0,70663.75,Cash,Takeaway,Open,Franchise
OUT12624,Kfc,KFC - Vijayawada 34,Vijayawada,Andhra Pradesh,396210.0,High Street,Donuts,2025-03-22,22.0,25229.38,1146.79,4.7,29.0,10.0,91863.23,Card,Dine-in,Open,Franchise
OUT12625,Starbucks,Starbucks - Itanagar 11,Itanagar,Arunachal Pradesh,744101.0,High Street,Burger,2023-05-25,183.0,12218.35,66.77,3.8,22.0,16.0,12000.0,Card,Drive-thru,Renovation,Company Owned
OUT12626,Burger King,Burger King - Thane 26,Thane,Maharashtra,440001.0,Standalone,Fried Chicken,2025-04-06,111.0,19811.4,178.48,3.6,24.0,24.0,101557.71,Card,Delivery,Renovation,Company Owned
OUT12627,Mcdonald'S,McDonald's - Lucknow 27,Lucknow,Uttar Pradesh,226001.0,Food Court,Fried Chicken,2023-07-06,154.0,29446.35,191.21,3.7,15.0,35.0,104944.86,Card,Takeaway,Open,Company Owned
OUT12628,Kfc,KFC - Mysuru 28,Mysuru,Karnataka,570001.0,High Street,Donuts,2025-01-12,91.0,30492.84,335.09,4.1,15.0,23.0,128258.9,Card,Delivery,Closed,Company Owned
OUT12629,Wendy'S,Wendy's - Bengaluru 21,Bengaluru,Karnataka,560001.0,Standalone,Donuts,2025-08-29,182.0,7183.25,39.47,3.9,6.0,9.0,108245.58,Card,Drive-thru,Open,Franchise
OUT12630,Starbucks,Starbucks - Srinagar 16,Srinagar,Jammu And Kashmir,799001.0,High Street,Burger,2023-08-24,16.0,24421.08,1526.32,3.0,13.0,25.0,102736.12,Wallet,Delivery,Open,Company Owned
OUT12631,Burger King,Burger King - Shimla 23,Shimla,Himachal Pradesh,396210.0,Drive-Thru,Pizza,2025-05-01,87.0,13137.46,151.01,3.9,28.0,27.0,87148.54,Cash,Dine-in,Open,Company Owned
OUT12632,Subway,Subway - Thiruvananthapuram 8,Thiruvananthapuram,Kerala,560001.0,Food Court,Tacos,2023-05-15,190.0,20139.77,106.0,3.8,19.0,4.0,90498.25,UPI,Delivery,Open,Company Owned
OUT12633,Pizza Hut,Pizza Hut - Imphal 36,Imphal,Manipur,797001.0,Drive-Thru,Fried Chicken,2024-02-01,207.0,23079.28,111.49,3.6,20.0,34.0,73319.96,Wallet,Dine-in,Renovation,Company Owned
OUT12634,Pizza Hut,Pizza Hut - Bhopal 4,Bhopal,Madhya Pradesh,744101.0,Drive-Thru,Sandwich,2025-02-18,75.0,12252.04,163.36,4.0,17.0,31.0,158229.84,Wallet,Drive-thru,Open,Franchise
OUT12635,Starbucks,Starbucks - Indore 14,Indore,Madhya Pradesh,744101.0,Drive-Thru,Fried Chicken,2023-03-15,147.0,24225.77,164.8,4.7,8.0,21.0,109577.23,Cash,Takeaway,Closed,Franchise
OUT12636,Starbucks,Starbucks - Mumbai 2,Mumbai,Maharashtra,422001.0,Food Court,Tacos,2025-05-14,112.0,21986.05,196.3,3.4,19.0,13.0,110722.27,Wallet,Takeaway,Open,Company Owned
OUT12637,Kfc,KFC - Kavaratti 5,Kavaratti,Lakshadweep,799001.0,Drive-Thru,Donuts,2024-01-01,179.0,14876.54,83.11,4.3,22.0,34.0,82990.96,Wallet,Dine-in,Open,Franchise
OUT12638,Domino'S,Domino's - Jammu 15,Jammu,Jammu And Kashmir,396210.0,Drive-Thru,Tacos,2023-01-29,151.0,11958.72,79.2,4.2,10.0,12.0,56102.69,Wallet,Dine-in,Closed,Company Owned
OUT12639,Wendy'S,Wendy's - Coimbatore 4,Coimbatore,Tamil Nadu,641001.0,Drive-Thru,Tacos,2024-08-12,197.0,27134.72,137.74,3.1,12.0,3.0,88560.1,Card,Dine-in,Open,Company Owned
OUT12640,Subway,Subway - Itanagar 8,Itanagar,Arunachal Pradesh,796001.0,Drive-Thru,Burger,2024-04-28,122.0,28118.88,230.48,2.4,22.0,7.0,79479.29,Wallet,Dine-in,Renovation,Company Owned
OUT12641,Dunkin',Dunkin' - Gangtok 23,Gangtok,Sikkim,799001.0,Mall,Burger,2023-08-15,85.0,16639.64,195.76,4.1,27.0,2.0,69681.02,Card,Dine-in,Open,Franchise
OUT12642,Domino'S,Domino's - Varanasi 31,Varanasi,Uttar Pradesh,201301.0,Drive-Thru,Sandwich,2023-10-14,147.0,10806.74,73.52,3.2,17.0,7.0,48739.4,Unknown,Dine-in,Open,Company Owned
OUT12643,Burger King,Burger King - Bengaluru 16,Bengaluru,Karnataka,570001.0,Mall,Fried Chicken,2023-09-23,117.0,22814.86,195.0,4.0,30.0,7.0,56986.18,Card,Takeaway,Open,Franchise
OUT12644,Subway,Subway - Visakhapatnam 13,Visakhapatnam,Andhra Pradesh,796001.0,Food Court,Tacos,2023-08-28,177.0,12602.78,71.2,3.5,18.0,18.0,167098.06,Cash,Drive-thru,Renovation,Franchise
OUT12645,Starbucks,Starbucks - Amritsar 15,Amritsar,Punjab,141001.0,Mall,Sandwich,2025-05-30,123.0,13457.52,109.41,4.0,5.0,10.0,12000.0,UPI,Takeaway,Open,Company Owned
OUT12646,Pizza Hut,Pizza Hut - Coimbatore 39,Coimbatore,Tamil Nadu,600001.0,Drive-Thru,Sandwich,2023-10-30,164.0,27369.42,166.89,3.3,19.0,17.0,72638.33,UPI,Takeaway,Open,Franchise
OUT12647,Kfc,KFC - Amritsar 35,Amritsar,Punjab,143001.0,Food Court,Coffee & Snacks,2023-12-22,209.0,17980.92,86.03,4.1,5.0,29.0,111737.87,Cash,Drive-thru,Open,Franchise
OUT12648,Pizza Hut,Pizza Hut - Bhopal 9,Bhopal,Madhya Pradesh,682001.0,Mall,Coffee & Snacks,2024-07-08,298.0,13098.85,43.96,4.6,8.0,23.0,134091.39,Cash,Delivery,Open,Franchise
OUT12649,Starbucks,Starbucks - Dehradun 34,Dehradun,Uttarakhand,462001.0,Mall,Sandwich,2023-03-03,243.0,35668.73,146.78,4.0,12.0,33.0,53627.41,UPI,Delivery,Closed,Franchise
OUT12650,Taco Bell,Taco Bell - Lucknow 9,Lucknow,Uttar Pradesh,201301.0,Food Court,Coffee & Snacks,2025-08-03,87.0,8123.64,93.38,3.4,16.0,5.0,71894.81,UPI,Dine-in,Open,Franchise
OUT12651,Taco Bell,Taco Bell - Hyderabad 19,Hyderabad,Telangana,500032.0,Standalone,Burger,2024-05-21,155.0,25450.79,164.2,4.0,14.0,12.0,123310.68,Wallet,Dine-in,Renovation,Franchise
OUT12652,Dunkin',Dunkin' - Patna 4,Patna,Bihar,800001.0,Food Court,Pizza,2023-01-25,127.0,23481.07,184.89,4.0,15.0,6.0,86689.11,Cash,Delivery,Closed,Company Owned
OUT12653,Mcdonald'S,McDonald's - Daman 37,Daman,Dadra And Nagar Haveli And Daman And Diu,403001.0,Standalone,Burger,2024-12-09,131.0,4384.66,33.47,4.2,16.0,3.0,97455.82,Wallet,Dine-in,Open,Company Owned
OUT12654,Kfc,KFC - Gurugram 30,Gurugram,Haryana,492001.0,Drive-Thru,Sandwich,2025-06-09,111.0,14382.09,129.57,4.2,23.0,12.0,123242.99,Cash,Takeaway,Open,Franchise
OUT12655,Taco Bell,Taco Bell - Leh 18,Leh,Ladakh,492001.0,Food Court,Coffee & Snacks,2025-11-10,175.0,24370.38,139.26,3.1,14.0,13.0,37985.49,UPI,Dine-in,Open,Franchise
OUT12656,Pizza Hut,Pizza Hut - Shimla 25,Shimla,Himachal Pradesh,793001.0,High Street,Pizza,2024-09-27,127.0,9636.83,75.88,3.2,24.0,12.0,111233.15,Card,Takeaway,Closed,Company Owned
OUT12657,Dunkin',Dunkin' - Shimla 24,Shimla,Himachal Pradesh,834001.0,High Street,Sandwich,2023-07-25,287.0,11119.64,38.74,4.0,6.0,17.0,33012.27,Wallet,Takeaway,Renovation,Franchise
OUT12658,Pizza Hut,Pizza Hut - Thiruvananthapuram 22,Thiruvananthapuram,Kerala,744101.0,High Street,Donuts,2023-03-07,161.0,26259.04,163.1,4.5,25.0,13.0,77750.73,Wallet,Drive-thru,Open,Franchise
OUT12659,Domino'S,Domino's - Thiruvananthapuram 10,Thiruvananthapuram,Kerala,403001.0,Mall,Burger,2023-11-02,133.0,24176.04,181.77,4.1,6.0,28.0,112943.73,Card,Delivery,Closed,Company Owned
OUT12660,Mcdonald'S,McDonald's - Imphal 28,Imphal,Manipur,796001.0,Standalone,Donuts,2025-03-11,88.0,31104.33,353.46,3.1,30.0,14.0,84888.16,Cash,Dine-in,Open,Franchise
OUT12661,Burger King,Burger King - Itanagar 9,Itanagar,Arunachal Pradesh,682553.0,High Street,Coffee & Snacks,2025-04-25,185.0,25551.28,138.12,3.4,12.0,6.0,87400.13,Cash,Delivery,Open,Franchise
OUT12662,Starbucks,Starbucks - Coimbatore 12,Coimbatore,Tamil Nadu,600001.0,Drive-Thru,Pizza,2024-01-05,121.0,27465.69,226.99,4.2,7.0,33.0,59869.83,Cash,Takeaway,Open,Company Owned
OUT12663,Burger King,Burger King - Lucknow 37,Lucknow,Uttar Pradesh,226001.0,High Street,Coffee & Snacks,2025-05-29,113.0,8326.61,73.69,3.2,26.0,12.0,54619.33,UPI,Takeaway,Renovation,Company Owned
OUT12664,Mcdonald'S,McDonald's - Panaji 24,Panaji,Goa,396210.0,Mall,Pizza,2024-05-28,125.0,8282.78,66.26,4.0,24.0,23.0,62158.24,UPI,Takeaway,Open,Company Owned
OUT12665,Starbucks,Starbucks - Gangtok 18,Gangtok,Sikkim,751001.0,Food Court,Tacos,2025-09-16,182.0,24252.13,133.25,4.4,24.0,5.0,89214.21,Wallet,Delivery,Open,Franchise
OUT12666,Burger King,Burger King - Shillong 31,Shillong,Meghalaya,797001.0,Drive-Thru,Tacos,2024-11-08,92.0,36642.38,398.29,4.6,29.0,12.0,51986.52,Wallet,Dine-in,Open,Company Owned
OUT12667,Burger King,Burger King - Chandigarh 5,Chandigarh,Chandigarh,793001.0,Standalone,Donuts,2025-03-17,143.0,18014.26,125.97,4.0,10.0,22.0,31072.09,Cash,Takeaway,Renovation,Franchise
OUT12668,Kfc,KFC - Lucknow 39,Lucknow,Uttar Pradesh,221001.0,Standalone,Donuts,2023-09-22,71.0,14966.17,210.79,3.9,17.0,3.0,85351.22,UPI,Drive-thru,Open,Company Owned
OUT12669,Starbucks,Starbucks - Imphal 39,Imphal,Manipur,781001.0,Drive-Thru,Burger,2025-08-15,193.0,30949.59,160.36,4.0,21.0,25.0,63561.13,Wallet,Takeaway,Open,Franchise
OUT12670,Domino'S,Domino's - Shimla 1,Shimla,Himachal Pradesh,796001.0,Standalone,Burger,2023-06-08,207.0,21778.82,105.21,4.0,23.0,15.0,117153.8,Wallet,Takeaway,Open,Company Owned
OUT12671,Mcdonald'S,McDonald's - Patna 37,Patna,Bihar,799001.0,Mall,Sandwich,2024-07-20,223.0,21284.39,95.45,4.3,11.0,5.0,85244.38,Cash,Drive-thru,Open,Company Owned
OUT12672,Kfc,KFC - Bhubaneswar 12,Bhubaneswar,Odisha,682001.0,Standalone,Burger,2024-03-13,78.0,18493.8,237.1,5.0,13.0,28.0,121123.87,Card,Drive-thru,Open,Company Owned
OUT12673,Taco Bell,Taco Bell - Mumbai 39,Mumbai,Maharashtra,400601.0,Mall,Burger,2025-07-17,134.0,15089.14,112.61,4.6,30.0,6.0,76201.14,Card,Drive-thru,Open,Company Owned
OUT12674,Pizza Hut,Pizza Hut - Shillong 18,Shillong,Meghalaya,462001.0,Drive-Thru,Fried Chicken,2025-01-20,153.0,22600.49,147.72,3.8,18.0,4.0,49018.93,Wallet,Takeaway,Open,Company Owned
OUT12675,Domino'S,Domino's - Chandigarh 26,Chandigarh,Chandigarh,797001.0,Drive-Thru,Tacos,2024-01-22,131.0,17455.7,133.25,4.6,24.0,6.0,162397.96,Cash,Dine-in,Renovation,Company Owned
OUT12676,Pizza Hut,Pizza Hut - Itanagar 18,Itanagar,Arunachal Pradesh,171001.0,Food Court,Tacos,2025-01-23,100.0,14956.04,149.56,4.6,27.0,26.0,59370.69,Card,Delivery,Open,Franchise
OUT12677,Mcdonald'S,McDonald's - Chennai 37,Chennai,Tamil Nadu,641001.0,Drive-Thru,Coffee & Snacks,2024-12-17,107.0,13763.0,128.63,3.8,14.0,24.0,115471.18,Cash,Dine-in,Open,Company Owned
OUT12678,Taco Bell,Taco Bell - Chennai 4,Chennai,Tamil Nadu,600001.0,Food Court,Tacos,2024-02-29,149.0,19437.46,130.45,4.0,6.0,21.0,66696.55,UPI,Takeaway,Open,Company Owned
OUT12679,Domino'S,Domino's - Kohima 19,Kohima,Nagaland,793001.0,Standalone,Burger,2023-01-11,115.0,20034.09,174.21,3.9,22.0,33.0,167164.02,Unknown,Drive-thru,Open,Company Owned
OUT12680,Wendy'S,Wendy's - Jammu 6,Jammu,Jammu And Kashmir,248001.0,High Street,Pizza,2025-01-07,188.0,16477.53,87.65,3.7,25.0,23.0,122064.16,Cash,Takeaway,Renovation,Company Owned
OUT12681,Domino'S,Domino's - Chennai 3,Chennai,Tamil Nadu,641001.0,Mall,Pizza,2024-12-30,131.0,10223.3,78.04,4.5,11.0,29.0,85569.08,UPI,Delivery,Open,Company Owned
OUT12682,Taco Bell,Taco Bell - Shimla 8,Shimla,Himachal Pradesh,744101.0,Standalone,Fried Chicken,2025-06-11,210.0,14338.95,68.28,4.1,4.0,5.0,113964.15,UPI,Dine-in,Open,Company Owned
OUT12683,Wendy'S,Wendy's - Bhubaneswar 6,Bhubaneswar,Odisha,744101.0,Standalone,Pizza,2024-06-05,191.0,5805.2,30.39,3.9,12.0,13.0,133216.02,Wallet,Drive-thru,Open,Company Owned
OUT12684,Mcdonald'S,McDonald's - Nashik 15,Nashik,Maharashtra,422001.0,Food Court,Coffee & Snacks,2023-11-14,218.0,14916.85,68.43,4.6,10.0,25.0,77289.54,Wallet,Dine-in,Renovation,Company Owned
OUT12685,Mcdonald'S,McDonald's - Port Blair 31,Port Blair,Andaman And Nicobar Islands,560001.0,Drive-Thru,Donuts,2023-12-27,158.0,18336.16,116.05,4.8,23.0,21.0,82341.05,UPI,Delivery,Closed,Franchise
OUT12686,Subway,Subway - Udaipur 4,Udaipur,Rajasthan,302001.0,High Street,Sandwich,2025-12-27,51.0,13107.92,257.02,3.3,15.0,26.0,81341.17,Wallet,Delivery,Open,Company Owned
OUT12687,Starbucks,Starbucks - Puducherry 24,Puducherry,Puducherry,396210.0,Mall,Coffee & Snacks,2024-08-09,207.0,37533.59,181.32,4.8,28.0,29.0,39310.66,UPI,Drive-thru,Renovation,Franchise
OUT12688,Starbucks,Starbucks - Bengaluru 37,Bengaluru,Karnataka,570001.0,High Street,Burger,2024-04-17,187.0,30396.13,162.55,3.8,8.0,7.0,72815.04,Cash,Dine-in,Renovation,Franchise
OUT12689,Kfc,KFC - Agartala 28,Agartala,Tripura,781001.0,High Street,Sandwich,2025-08-04,154.0,17715.63,115.04,4.4,19.0,2.0,113198.09,Card,Takeaway,Open,Franchise
OUT12690,Domino'S,Domino's - Coimbatore 29,Coimbatore,Tamil Nadu,641001.0,High Street,Burger,2023-04-11,131.0,25520.43,194.81,3.9,23.0,29.0,120635.56,Cash,Drive-thru,Open,Company Owned
OUT12691,Domino'S,Domino's - Gurugram 19,Gurugram,Haryana,800001.0,Mall,Coffee & Snacks,2024-10-01,121.0,10033.54,82.92,3.7,25.0,8.0,42586.41,Cash,Takeaway,Closed,Company Owned
OUT12692,Subway,Subway - Panaji 32,Panaji,Goa,403001.0,Drive-Thru,Coffee & Snacks,2025-03-29,101.0,23342.93,231.12,4.5,29.0,6.0,141252.16,Wallet,Drive-thru,Open,Company Owned
OUT12693,Domino'S,Domino's - Gangtok 15,Gangtok,Sikkim,462001.0,Mall,Sandwich,2023-04-05,41.0,12955.58,315.99,3.4,15.0,6.0,88079.37,Wallet,Delivery,Open,Franchise
OUT12694,Dunkin',Dunkin' - Panaji 18,Panaji,Goa,795001.0,Mall,Pizza,2024-06-12,115.0,24316.51,211.45,3.8,11.0,19.0,83519.07,UPI,Dine-in,Open,Company Owned
OUT12695,Starbucks,Starbucks - Vijayawada 12,Vijayawada,Andhra Pradesh,492001.0,High Street,Tacos,2024-08-01,200.0,22851.97,114.26,4.0,4.0,23.0,70901.06,UPI,Dine-in,Renovation,Company Owned
OUT12696,Pizza Hut,Pizza Hut - Faridabad 5,Faridabad,Haryana,793001.0,High Street,Sandwich,2024-06-09,107.0,17142.1,160.21,3.6,13.0,30.0,56434.02,Wallet,Delivery,Renovation,Company Owned
OUT12697,Starbucks,Starbucks - Varanasi 18,Varanasi,Uttar Pradesh,221001.0,Standalone,Sandwich,2025-07-25,175.0,25831.22,147.61,3.3,21.0,23.0,97142.5,Wallet,Dine-in,Open,Company Owned
OUT12698,Wendy'S,Wendy's - Aizawl 36,Aizawl,Mizoram,248001.0,High Street,Coffee & Snacks,2024-04-01,161.0,23624.91,146.74,4.4,8.0,4.0,84379.07,Unknown,Drive-thru,Open,Franchise
OUT12699,Domino'S,Domino's - Hyderabad 37,Hyderabad,Telangana,500001.0,Standalone,Sandwich,2023-01-27,153.0,22280.97,145.63,5.0,17.0,24.0,121061.37,Cash,Takeaway,Open,Franchise
OUT12700,Kfc,KFC - Bhubaneswar 4,Bhubaneswar,Odisha,682553.0,Food Court,Sandwich,2025-05-23,121.0,14123.79,116.73,3.7,9.0,23.0,101239.49,UPI,Takeaway,Open,Company Owned
OUT12701,Domino'S,Domino's - Pune 30,Pune,Maharashtra,411001.0,Mall,Fried Chicken,2023-07-18,161.0,10298.52,63.97,4.1,30.0,9.0,100871.58,Cash,Dine-in,Open,Company Owned
OUT12702,Taco Bell,Taco Bell - Hyderabad 14,Hyderabad,Telangana,500032.0,High Street,Burger,2023-03-21,205.0,5680.96,27.71,4.6,6.0,10.0,121075.46,UPI,Dine-in,Renovation,Company Owned
OUT12703,Taco Bell,Taco Bell - Surat 27,Surat,Gujarat,395001.0,Food Court,Pizza,2023-12-12,189.0,20537.77,108.67,3.5,29.0,21.0,142892.55,Cash,Drive-thru,Renovation,Franchise
OUT12704,Kfc,KFC - Aizawl 39,Aizawl,Mizoram,796001.0,Standalone,Tacos,2023-11-21,170.0,23047.14,135.57,4.0,22.0,27.0,133465.81,Wallet,Dine-in,Renovation,Company Owned
OUT12705,Pizza Hut,Pizza Hut - Puducherry 31,Puducherry,Puducherry,403001.0,Standalone,Tacos,2024-06-08,223.0,16083.33,72.12,3.9,29.0,17.0,124112.96,UPI,Takeaway,Closed,Franchise
OUT12706,Pizza Hut,Pizza Hut - Panaji 38,Panaji,Goa,751001.0,Standalone,Pizza,2023-01-26,136.0,11696.65,86.0,4.1,12.0,34.0,110635.63,Cash,Delivery,Open,Franchise
OUT12707,Burger King,Burger King - Srinagar 8,Srinagar,Jammu And Kashmir,799001.0,Drive-Thru,Sandwich,2025-04-08,137.0,18430.84,134.53,4.3,13.0,29.0,91391.8,UPI,Takeaway,Open,Company Owned
OUT12708,Starbucks,Starbucks - Coimbatore 10,Coimbatore,Tamil Nadu,641001.0,Mall,Burger,2023-02-20,276.0,16780.93,60.8,4.0,27.0,32.0,138169.33,Card,Delivery,Closed,Company Owned
OUT12709,Pizza Hut,Pizza Hut - Gangtok 40,Gangtok,Sikkim,781001.0,High Street,Tacos,2023-10-02,111.0,22440.62,202.17,4.0,8.0,19.0,185091.52,UPI,Delivery,Renovation,Franchise
OUT12710,Dunkin',Dunkin' - Amritsar 6,Amritsar,Punjab,141001.0,High Street,Donuts,2023-05-28,176.0,9107.2,51.75,3.7,22.0,11.0,66913.63,Card,Takeaway,Closed,Company Owned
OUT12711,Subway,Subway - Shimla 7,Shimla,Himachal Pradesh,171001.0,Standalone,Coffee & Snacks,2025-10-17,130.0,32806.55,252.36,4.7,23.0,17.0,87454.55,Wallet,Delivery,Renovation,Franchise
OUT12712,Subway,Subway - Lucknow 4,Lucknow,Uttar Pradesh,226001.0,Standalone,Coffee & Snacks,2025-03-27,141.0,26320.67,186.67,4.9,12.0,10.0,108398.26,Cash,Takeaway,Closed,Company Owned
OUT12713,Mcdonald'S,McDonald's - Daman 17,Daman,Dadra And Nagar Haveli And Daman And Diu,796001.0,Mall,Pizza,2023-04-20,186.0,12901.3,69.36,4.8,16.0,20.0,87088.43,UPI,Takeaway,Open,Franchise
OUT12714,Kfc,KFC - Patna 38,Patna,Bihar,737101.0,Standalone,Donuts,2024-05-28,130.0,20972.81,161.33,4.0,24.0,34.0,57905.78,Wallet,Delivery,Closed,Company Owned
OUT12715,Mcdonald'S,McDonald's - Kavaratti 37,Kavaratti,Lakshadweep,682001.0,High Street,Sandwich,2024-03-07,145.0,14880.65,102.63,3.9,20.0,14.0,73009.5,Wallet,Dine-in,Closed,Company Owned
OUT12716,Kfc,KFC - Daman 33,Daman,Dadra And Nagar Haveli And Daman And Diu,492001.0,Mall,Tacos,2024-01-09,228.0,30490.01,133.73,4.4,24.0,7.0,108557.45,Card,Takeaway,Open,Franchise
OUT12717,Domino'S,Domino's - Imphal 11,Imphal,Manipur,682001.0,Food Court,Donuts,2025-02-26,156.0,26540.16,170.13,3.7,11.0,24.0,124350.41,Cash,Dine-in,Renovation,Franchise
OUT12718,Taco Bell,Taco Bell - Leh 9,Leh,Ladakh,737101.0,Drive-Thru,Burger,2025-08-10,90.0,17476.17,194.18,4.4,15.0,6.0,77831.74,Card,Drive-thru,Open,Company Owned
OUT12719,Kfc,KFC - Aizawl 7,Aizawl,Mizoram,800001.0,Food Court,Pizza,2023-01-07,189.0,25020.78,132.39,4.1,18.0,6.0,112441.89,UPI,Drive-thru,Open,Company Owned
OUT12720,Dunkin',Dunkin' - Bhubaneswar 14,Bhubaneswar,Odisha,834001.0,Standalone,Tacos,2025-06-20,109.0,29098.76,266.96,4.0,4.0,3.0,118392.34,Wallet,Drive-thru,Open,Franchise
OUT12721,Starbucks,Starbucks - Indore 1,Indore,Madhya Pradesh,396210.0,High Street,Fried Chicken,2024-12-26,85.0,6634.91,78.06,4.0,12.0,32.0,80913.49,Cash,Drive-thru,Closed,Franchise
OUT12722,Taco Bell,Taco Bell - Surat 15,Surat,Gujarat,380001.0,Mall,Pizza,2024-03-02,159.0,34887.09,219.42,3.5,27.0,29.0,114586.8,Card,Takeaway,Open,Company Owned
OUT12723,Dunkin',Dunkin' - Port Blair 38,Port Blair,Andaman And Nicobar Islands,799001.0,Mall,Coffee & Snacks,2024-07-07,84.0,14036.35,167.1,3.8,25.0,34.0,157598.56,Cash,Drive-thru,Open,Franchise
OUT12724,Burger King,Burger King - Thiruvananthapuram 30,Thiruvananthapuram,Kerala,795001.0,Mall,Pizza,2023-07-13,193.0,24112.55,124.94,4.3,29.0,31.0,94110.05,Cash,Takeaway,Closed,Franchise
OUT12725,Kfc,KFC - Nagpur 7,Nagpur,Maharashtra,411001.0,Food Court,Coffee & Snacks,2023-07-07,131.0,6429.71,49.08,3.9,24.0,13.0,13665.2,Wallet,Dine-in,Closed,Company Owned
OUT12726,Subway,Subway - Gurugram 30,Gurugram,Haryana,799001.0,Standalone,Donuts,2024-02-24,155.0,2360.28,15.23,3.9,13.0,26.0,48932.88,Cash,Takeaway,Open,Franchise
OUT12727,Burger King,Burger King - Pune 17,Pune,Maharashtra,440001.0,Standalone,Donuts,2025-01-23,126.0,19800.26,157.14,4.0,6.0,34.0,82200.3,Wallet,Delivery,Open,Franchise
OUT12728,Pizza Hut,Pizza Hut - Mumbai 33,Mumbai,Maharashtra,411001.0,Mall,Burger,2023-01-24,135.0,6506.93,48.2,3.9,9.0,5.0,65284.31,Wallet,Dine-in,Open,Franchise
OUT12729,Starbucks,Starbucks - Kavaratti 9,Kavaratti,Lakshadweep,781001.0,Mall,Fried Chicken,2023-06-02,212.0,19890.84,93.82,4.4,4.0,18.0,125105.06,Cash,Drive-thru,Open,Company Owned
OUT12730,Wendy'S,Wendy's - Panaji 25,Panaji,Goa,682553.0,High Street,Tacos,2023-02-06,172.0,20440.42,118.84,4.5,20.0,22.0,72917.17,UPI,Delivery,Open,Company Owned
OUT12731,Domino'S,Domino's - Agartala 40,Agartala,Tripura,795001.0,Food Court,Tacos,2023-03-27,175.0,13179.19,75.31,3.8,21.0,18.0,79931.93,Wallet,Delivery,Open,Franchise
OUT12732,Burgerking,Burger King - Ranchi 38,Ranchi,Jharkhand,795001.0,Food Court,Sandwich,2023-05-29,139.0,25175.96,181.12,3.3,16.0,19.0,104697.21,Cash,Takeaway,Open,Company Owned
OUT12733,Kfc,KFC - Surat 25,Surat,Gujarat,395001.0,Standalone,Pizza,2023-01-12,147.0,17921.01,121.91,4.2,12.0,7.0,152011.93,UPI,Drive-thru,Closed,Franchise
OUT12734,Taco Bell,Taco Bell - Coimbatore 38,Coimbatore,Tamil Nadu,641001.0,Standalone,Coffee & Snacks,2024-07-08,229.0,33576.53,146.62,3.5,18.0,35.0,81531.65,Card,Dine-in,Open,Franchise
OUT12735,Wendy'S,Wendy's - Kolkata 18,Kolkata,West Bengal,700001.0,Standalone,Fried Chicken,2025-05-07,133.0,4383.93,32.96,4.0,17.0,20.0,124982.86,UPI,Takeaway,Open,Company Owned
OUT12736,Dunkin',Dunkin' - Bhubaneswar 19,Bhubaneswar,Odisha,171001.0,High Street,Pizza,2023-09-29,57.0,15074.66,264.47,4.1,25.0,28.0,151912.65,UPI,Delivery,Renovation,Franchise
OUT12737,Burger King,Burger King - Surat 23,Surat,Gujarat,395001.0,Standalone,Burger,2024-08-10,100.0,29264.92,292.65,3.6,23.0,10.0,112129.54,Card,Dine-in,Open,Franchise
OUT12738,Kfc,KFC - Srinagar 11,Srinagar,Jammu And Kashmir,751001.0,Mall,Coffee & Snacks,2023-12-20,188.0,11952.66,63.58,3.4,11.0,2.0,112538.39,Wallet,Delivery,Open,Company Owned
OUT12739,Kfc,KFC - Udaipur 5,Udaipur,Rajasthan,302001.0,Drive-Thru,Coffee & Snacks,2024-02-06,131.0,21934.68,167.44,3.6,8.0,10.0,93738.35,UPI,Takeaway,Closed,Company Owned
OUT12740,Kfc,KFC - Visakhapatnam 28,Visakhapatnam,Andhra Pradesh,248001.0,Standalone,Sandwich,2025-02-15,161.0,18039.53,112.05,4.8,20.0,22.0,12000.0,Wallet,Drive-thru,Open,Company Owned
OUT12741,Wendy'S,Wendy's - Coimbatore 39,Coimbatore,Tamil Nadu,641001.0,Standalone,Sandwich,2025-11-12,111.0,17087.33,153.94,4.9,8.0,28.0,55356.56,UPI,Drive-thru,Open,Company Owned
OUT12742,Subway,Subway - Indore 22,Indore,Madhya Pradesh,796001.0,Food Court,Burger,2023-01-09,175.0,20236.71,115.64,4.4,12.0,11.0,117172.78,UPI,Dine-in,Renovation,Company Owned
OUT12743,Subway,Subway - Kochi 16,Kochi,Kerala,248001.0,Mall,Tacos,2025-06-16,170.0,17955.97,105.62,4.0,28.0,25.0,123663.49,Card,Delivery,Open,Company Owned
OUT12744,Pizza Hut,Pizza Hut - Bhubaneswar 19,Bhubaneswar,Odisha,171001.0,Standalone,Fried Chicken,2023-04-05,201.0,15275.79,76.0,4.2,23.0,25.0,66660.85,Card,Drive-thru,Closed,Company Owned
OUT12745,Starbucks,Starbucks - Itanagar 25,Itanagar,Arunachal Pradesh,751001.0,High Street,Coffee & Snacks,2024-08-06,205.0,7537.26,36.77,4.7,18.0,22.0,92428.26,Wallet,Takeaway,Open,Franchise
OUT12746,Dunkin',Dunkin' - Aizawl 18,Aizawl,Mizoram,799001.0,Food Court,Coffee & Snacks,2025-02-05,234.0,24097.96,102.98,3.7,23.0,16.0,72418.42,Card,Drive-thru,Renovation,Franchise
OUT12747,Domino'S,Domino's - Daman 7,Daman,Dadra And Nagar Haveli And Daman And Diu,795001.0,Standalone,Fried Chicken,2023-01-26,169.0,30091.89,178.06,3.9,8.0,18.0,46007.04,Cash,Dine-in,Open,Company Owned
OUT12748,Dunkin',Dunkin' - Dehradun 17,Dehradun,Uttarakhand,797001.0,Drive-Thru,Fried Chicken,2025-04-15,116.0,26425.25,227.8,4.0,24.0,5.0,71306.44,Wallet,Drive-thru,Renovation,Company Owned
OUT12749,Mcdonald'S,McDonald's - Chandigarh 34,Chandigarh,Chandigarh,682553.0,Food Court,Fried Chicken,2023-04-23,52.0,1952.93,37.56,3.9,9.0,17.0,109529.4,Cash,Takeaway,Renovation,Franchise
OUT12750,Subway,Subway - Srinagar 1,Srinagar,Jammu And Kashmir,403001.0,Standalone,Coffee & Snacks,2023-02-10,150.0,18237.05,121.58,4.6,12.0,30.0,75816.45,Card,Delivery,Open,Franchise
OUT12751,Mcdonald'S,McDonald's - Varanasi 40,Varanasi,Uttar Pradesh,226001.0,Standalone,Tacos,2025-06-26,123.0,20887.79,169.82,4.0,14.0,17.0,34118.27,Cash,Delivery,Open,Franchise
OUT12752,Taco Bell,Taco Bell - Bhubaneswar 5,Bhubaneswar,Odisha,744101.0,High Street,Pizza,2025-03-28,187.0,26857.51,143.62,4.4,26.0,8.0,31487.3,Cash,Takeaway,Closed,Franchise
OUT12753,Kfc,KFC - Leh 29,Leh,Ladakh,796001.0,Drive-Thru,Burger,2025-01-08,113.0,12012.28,106.3,4.0,13.0,30.0,141312.17,UPI,Dine-in,Closed,Company Owned
OUT12754,Subway,Subway - Visakhapatnam 21,Visakhapatnam,Andhra Pradesh,737101.0,High Street,Fried Chicken,2025-01-03,158.0,16295.86,103.14,3.7,24.0,30.0,94905.48,Wallet,Delivery,Open,Company Owned
OUT12755,Domino'S,Domino's - Hyderabad 27,Hyderabad,Telangana,500032.0,Mall,Coffee & Snacks,2024-07-26,132.0,17168.87,130.07,3.9,19.0,25.0,73872.22,Cash,Takeaway,Closed,Franchise
OUT12756,Pizza Hut,Pizza Hut - Itanagar 37,Itanagar,Arunachal Pradesh,682001.0,Standalone,Pizza,2024-05-13,204.0,20975.03,102.82,3.9,4.0,5.0,135095.98,UPI,Drive-thru,Open,Company Owned
OUT12757,Mcdonald'S,McDonald's - Nagpur 22,Nagpur,Maharashtra,440001.0,Food Court,Burger,2023-08-21,143.0,28970.12,202.59,4.0,16.0,35.0,77052.09,UPI,Drive-thru,Renovation,Company Owned
OUT12758,Domino'S,Domino's - Amritsar 1,Amritsar,Punjab,141001.0,Mall,Sandwich,2023-11-15,81.0,25109.05,309.99,4.0,25.0,21.0,45121.41,UPI,Dine-in,Open,Company Owned
OUT12759,Starbucks,Starbucks - Shimla 22,Shimla,Himachal Pradesh,682001.0,Standalone,Donuts,2023-09-25,84.0,13609.94,162.02,4.4,8.0,25.0,99788.81,Card,Takeaway,Open,Company Owned
OUT12760,Pizza Hut,Pizza Hut - Agartala 7,Agartala,Tripura,248001.0,Drive-Thru,Coffee & Snacks,2025-11-15,156.0,20389.57,130.7,4.6,29.0,25.0,63267.4,Wallet,Delivery,Renovation,Franchise
OUT12761,Burger King,Burger King - Vijayawada 33,Vijayawada,Andhra Pradesh,403001.0,Food Court,Burger,2025-10-04,194.0,7007.15,36.12,2.3,9.0,17.0,168306.78,Cash,Drive-thru,Open,Company Owned
OUT12762,Mcdonald'S,McDonald's - Noida 27,Noida,Uttar Pradesh,221001.0,High Street,Donuts,2025-02-23,183.0,22536.77,123.15,4.3,28.0,32.0,78891.93,Cash,Drive-thru,Closed,Franchise
OUT12763,Domino'S,Domino's - Chandigarh 39,Chandigarh,Chandigarh,248001.0,Food Court,Sandwich,2024-12-22,151.0,12113.87,80.22,3.0,14.0,3.0,113361.95,UPI,Delivery,Renovation,Company Owned
OUT12764,Domino'S,Domino's - Guwahati 25,Guwahati,Assam,796001.0,Food Court,Sandwich,2025-10-04,72.0,9628.77,133.73,4.7,30.0,18.0,85931.39,Wallet,Takeaway,Open,Company Owned
OUT12765,Dunkin',Dunkin' - Hyderabad 39,Hyderabad,Telangana,500001.0,High Street,Pizza,2024-04-07,82.0,26320.25,320.98,4.7,4.0,20.0,76153.37,Wallet,Delivery,Open,Company Owned
OUT12766,Pizza Hut,Pizza Hut - Kolkata 25,Kolkata,West Bengal,700091.0,Food Court,Pizza,2025-11-23,174.0,14351.4,82.48,3.9,26.0,23.0,93034.84,Card,Drive-thru,Open,Franchise
OUT12767,Domino'S,Domino's - Thiruvananthapuram 35,Thiruvananthapuram,Kerala,751001.0,High Street,Fried Chicken,2023-04-30,214.0,22635.98,105.78,4.6,18.0,14.0,40713.61,Card,Takeaway,Open,Company Owned
OUT12768,Taco Bell,Taco Bell - Chennai 32,Chennai,Tamil Nadu,641001.0,Mall,Fried Chicken,2024-05-13,96.0,16319.45,169.99,4.3,4.0,31.0,117211.73,Wallet,Takeaway,Renovation,Company Owned
OUT12769,Subway,Subway - Coimbatore 26,Coimbatore,Tamil Nadu,641001.0,Mall,Tacos,2025-12-16,97.0,15890.96,163.82,5.0,27.0,11.0,111087.22,UPI,Dine-in,Open,Company Owned
OUT12770,Kfc,KFC - Vijayawada 9,Vijayawada,Andhra Pradesh,800001.0,Standalone,Fried Chicken,2023-02-11,216.0,23594.63,109.23,3.6,24.0,33.0,79834.81,Wallet,Delivery,Open,Franchise
OUT12771,Pizza Hut,Pizza Hut - Nashik 5,Nashik,Maharashtra,400001.0,Drive-Thru,Fried Chicken,2025-06-21,46.0,22323.41,485.29,3.0,19.0,33.0,136839.07,Cash,Delivery,Open,Franchise
OUT12772,Starbucks,Starbucks - Gangtok 16,Gangtok,Sikkim,462001.0,High Street,Donuts,2024-06-19,162.0,27163.43,167.68,4.9,4.0,4.0,114812.13,Card,Delivery,Open,Company Owned
OUT12773,Wendy'S,Wendy's - Ahmedabad 9,Ahmedabad,Gujarat,380001.0,Standalone,Fried Chicken,2023-02-04,258.0,5524.16,21.41,4.5,22.0,2.0,104807.93,Cash,Drive-thru,Closed,Franchise
OUT12774,Taco Bell,Taco Bell - Surat 14,Surat,Gujarat,380001.0,Mall,Burger,2024-06-18,118.0,23610.39,200.09,4.7,6.0,23.0,112242.47,UPI,Dine-in,Closed,Franchise
OUT12775,Kfc,KFC - Guwahati 33,Guwahati,Assam,800001.0,Mall,Coffee & Snacks,2024-10-26,170.0,15036.29,88.45,4.1,6.0,14.0,92351.61,Card,Takeaway,Renovation,Franchise
OUT12776,Pizza Hut,Pizza Hut - Daman 26,Daman,Dadra And Nagar Haveli And Daman And Diu,834001.0,Food Court,Fried Chicken,2024-02-16,282.0,13103.07,46.46,4.5,11.0,11.0,54468.95,Cash,Dine-in,Renovation,Company Owned
OUT12777,Subway,Subway - Mumbai 25,Mumbai,Maharashtra,411001.0,Mall,Fried Chicken,2025-09-11,144.0,25536.98,177.34,3.6,22.0,21.0,154904.68,Cash,Delivery,Open,Company Owned
OUT12778,Starbucks,Starbucks - Mumbai 8,Mumbai,Maharashtra,400601.0,Mall,Sandwich,2025-03-29,160.0,29967.77,187.3,3.8,25.0,18.0,96646.18,Wallet,Takeaway,Open,Company Owned
OUT12779,Domino'S,Domino's - Kochi 16,Kochi,Kerala,744101.0,Drive-Thru,Fried Chicken,2023-05-28,104.0,4165.18,40.05,4.6,13.0,20.0,41369.65,Wallet,Dine-in,Open,Franchise
OUT12780,Dunkin',Dunkin' - Panaji 11,Panaji,Goa,462001.0,High Street,Tacos,2024-12-28,179.0,30928.32,172.78,4.7,8.0,9.0,155331.42,UPI,Takeaway,Renovation,Franchise
OUT12781,Mcdonald'S,McDonald's - Ahmedabad 36,Ahmedabad,Gujarat,395001.0,High Street,Burger,2024-05-29,134.0,11328.47,84.54,4.5,19.0,6.0,38299.24,Wallet,Delivery,Open,Franchise
OUT12782,Wendy'S,Wendy's - Amritsar 25,Amritsar,Punjab,141001.0,Standalone,Burger,2024-12-04,175.0,15716.51,89.81,4.4,10.0,34.0,104218.03,Cash,Dine-in,Renovation,Company Owned
OUT12783,Burger King,Burger King - Gurugram 1,Gurugram,Haryana,751001.0,Food Court,Donuts,2023-08-21,112.0,14794.21,132.09,3.9,4.0,31.0,88552.67,Card,Dine-in,Open,Franchise
OUT12784,Pizza Hut,Pizza Hut - Guwahati 1,Guwahati,Assam,737101.0,Drive-Thru,Fried Chicken,2023-09-05,159.0,15938.02,100.24,3.8,6.0,9.0,121556.81,Card,Delivery,Open,Company Owned
OUT12785,Starbucks,Starbucks - Thane 7,Thane,Maharashtra,440001.0,Mall,Pizza,2025-04-30,106.0,12286.58,115.91,4.8,11.0,33.0,65507.81,Cash,Drive-thru,Open,Franchise
OUT12786,Taco Bell,Taco Bell - Surat 25,Surat,Gujarat,380001.0,High Street,Tacos,2025-12-10,158.0,19973.15,126.41,3.4,17.0,14.0,103270.77,Card,Dine-in,Renovation,Company Owned
OUT12787,Kfc,KFC - Puducherry 27,Puducherry,Puducherry,737101.0,Food Court,Tacos,2024-05-14,212.0,19705.65,92.95,3.7,24.0,17.0,99104.84,Card,Takeaway,Open,Company Owned
OUT12788,Domino'S,Domino's - Shimla 25,Shimla,Himachal Pradesh,744101.0,Drive-Thru,Burger,2024-02-18,157.0,17755.39,113.09,4.2,23.0,9.0,55984.8,Cash,Delivery,Renovation,Company Owned
OUT12789,Pizza Hut,Pizza Hut - Jammu 38,Jammu,Jammu And Kashmir,799001.0,Drive-Thru,Burger,2023-08-16,167.0,7145.99,42.79,4.3,20.0,27.0,71463.17,UPI,Dine-in,Renovation,Company Owned
OUT12790,Starbucks,Starbucks - Guwahati 33,Guwahati,Assam,682553.0,Drive-Thru,Donuts,2025-01-09,150.0,20494.12,136.63,4.9,5.0,3.0,89619.8,Wallet,Delivery,Open,Company Owned
OUT12791,Taco Bell,Taco Bell - Bhopal 18,Bhopal,Madhya Pradesh,682553.0,Drive-Thru,Burger,2023-11-12,192.0,26244.52,136.69,4.0,9.0,30.0,128413.73,UPI,Drive-thru,Open,Company Owned
OUT12792,Starbucks,Starbucks - Panaji 11,Panaji,Goa,796001.0,Drive-Thru,Coffee & Snacks,2024-07-06,132.0,10762.9,81.54,4.3,22.0,28.0,111598.13,UPI,Drive-thru,Open,Franchise
OUT12793,Kfc,KFC - Pune 27,Pune,Maharashtra,411001.0,Standalone,Pizza,2025-08-27,172.0,24951.88,145.07,3.6,17.0,12.0,149094.76,UPI,Delivery,Renovation,Franchise
OUT12794,Subway,Subway - Ranchi 40,Ranchi,Jharkhand,781001.0,Mall,Sandwich,2023-08-26,226.0,15621.03,69.12,3.6,7.0,17.0,82779.71,UPI,Drive-thru,Open,Company Owned
OUT12795,Wendy'S,Wendy's - Agartala 12,Agartala,Tripura,800001.0,Standalone,Burger,2023-05-10,222.0,14490.25,65.27,2.7,28.0,19.0,93171.82,Cash,Drive-thru,Open,Company Owned
OUT12796,Subway,Subway - Thane 17,Thane,Maharashtra,440001.0,Food Court,Donuts,2023-05-29,157.0,21133.98,134.61,3.9,12.0,10.0,133034.49,Wallet,Dine-in,Open,Franchise
OUT12797,Wendy'S,Wendy's - Nashik 33,Nashik,Maharashtra,411001.0,Standalone,Pizza,2023-12-27,140.0,17893.94,127.81,5.0,17.0,26.0,25835.65,UPI,Takeaway,Open,Franchise
OUT12798,Kfc,KFC - Surat 19,Surat,Gujarat,380001.0,High Street,Pizza,2024-12-12,165.0,13210.92,80.07,3.9,21.0,33.0,83311.64,Wallet,Dine-in,Closed,Company Owned
OUT12799,Subway,Subway - Vijayawada 25,Vijayawada,Andhra Pradesh,682001.0,Mall,Sandwich,2025-03-25,236.0,20186.53,85.54,3.9,7.0,12.0,78397.32,Wallet,Dine-in,Open,Company Owned
OUT12800,Mcdonald'S,McDonald's - Bengaluru 36,Bengaluru,Karnataka,560001.0,High Street,Burger,2023-12-01,217.0,17873.11,82.36,3.7,23.0,27.0,83750.94,Card,Dine-in,Open,Company Owned
OUT12801,Kfc,KFC - Aizawl 25,Aizawl,Mizoram,799001.0,Drive-Thru,Coffee & Snacks,2025-07-31,146.0,24513.98,167.9,4.5,27.0,10.0,132256.0,UPI,Delivery,Closed,Franchise
OUT12802,Pizza Hut,Pizza Hut - Indore 20,Indore,Madhya Pradesh,737101.0,Mall,Fried Chicken,2023-11-15,233.0,11292.69,48.47,2.9,19.0,3.0,82414.43,UPI,Dine-in,Renovation,Company Owned
OUT12803,Domino'S,Domino's - Lucknow 15,Lucknow,Uttar Pradesh,201301.0,Drive-Thru,Pizza,2025-07-18,155.0,7986.93,51.53,4.1,4.0,2.0,104614.23,Wallet,Drive-thru,Closed,Company Owned
OUT12804,Dunkin',Dunkin' - Thiruvananthapuram 2,Thiruvananthapuram,Kerala,737101.0,Standalone,Donuts,2023-08-14,137.0,14476.23,105.67,4.1,18.0,31.0,66351.1,Wallet,Dine-in,Closed,Company Owned
OUT12805,Taco Bell,Taco Bell - Amritsar 16,Amritsar,Punjab,143001.0,High Street,Burger,2023-07-10,191.0,26813.98,140.39,3.9,27.0,27.0,155803.72,UPI,Delivery,Open,Company Owned
OUT12806,Burger King,Burger King - Raipur 25,Raipur,Chhattisgarh,682001.0,High Street,Burger,2024-06-18,55.0,31203.93,567.34,3.2,24.0,4.0,74111.11,UPI,Dine-in,Closed,Company Owned
OUT12807,Domino'S,Domino's - Vijayawada 26,Vijayawada,Andhra Pradesh,492001.0,Mall,Pizza,2025-10-28,94.0,17272.64,183.75,3.7,10.0,6.0,82988.85,UPI,Takeaway,Renovation,Company Owned
OUT12808,Mcdonald'S,McDonald's - Leh 28,Leh,Ladakh,248001.0,Food Court,Pizza,2023-12-16,87.0,22688.26,260.78,4.3,6.0,3.0,64740.07,UPI,Dine-in,Renovation,Franchise
OUT12809,Wendy'S,Wendy's - Ludhiana 2,Ludhiana,Punjab,143001.0,Standalone,Donuts,2023-09-19,139.0,7372.88,53.04,2.9,22.0,12.0,75754.2,Wallet,Drive-thru,Open,Company Owned
OUT12810,Pizza Hut,Pizza Hut - Kavaratti 16,Kavaratti,Lakshadweep,799001.0,Standalone,Sandwich,2025-03-26,158.0,14804.44,93.7,3.9,4.0,27.0,56089.26,Cash,Delivery,Closed,Franchise
OUT12811,Burger King,Burger King - Pune 29,Pune,Maharashtra,422001.0,High Street,Fried Chicken,2025-10-02,147.0,17519.83,119.18,3.9,18.0,18.0,123478.37,UPI,Takeaway,Open,Franchise
OUT12812,Starbucks,Starbucks - Ranchi 22,Ranchi,Jharkhand,737101.0,Food Court,Donuts,2023-02-11,173.0,5969.27,34.5,5.0,25.0,6.0,19318.92,UPI,Drive-thru,Open,Franchise
OUT12813,Mcdonald'S,McDonald's - Jammu 10,Jammu,Jammu And Kashmir,737101.0,High Street,Coffee & Snacks,2023-06-17,175.0,16576.88,94.73,2.3,21.0,2.0,53967.01,Wallet,Takeaway,Renovation,Franchise
OUT12814,Pizza Hut,Pizza Hut - Hyderabad 31,Hyderabad,Telangana,500001.0,Mall,Pizza,2025-01-15,221.0,22922.78,103.72,3.8,6.0,16.0,141410.19,Wallet,Drive-thru,Open,Franchise
OUT12815,Burger King,Burger King - Raipur 40,Raipur,Chhattisgarh,796001.0,High Street,Sandwich,2023-04-13,187.0,31817.3,170.15,4.5,17.0,30.0,175923.47,Card,Delivery,Open,Franchise
OUT12816,Kfc,KFC - Bhubaneswar 21,Bhubaneswar,Odisha,737101.0,Mall,Coffee & Snacks,2025-08-10,179.0,23463.91,131.08,4.3,11.0,31.0,19208.94,UPI,Delivery,Open,Company Owned
OUT12817,Pizzahut,Pizza Hut - Daman 22,Daman,Dadra And Nagar Haveli And Daman And Diu,682553.0,High Street,Pizza,2023-05-13,215.0,18334.58,85.28,3.9,8.0,19.0,68125.38,Card,Dine-in,Open,Company Owned
OUT12818,Domino'S,Domino's - Coimbatore 27,Coimbatore,Tamil Nadu,600001.0,High Street,Donuts,2024-12-19,98.0,19735.87,201.39,4.1,5.0,16.0,120523.97,UPI,Dine-in,Open,Franchise
OUT12819,Dunkin',Dunkin' - Ludhiana 10,Ludhiana,Punjab,141001.0,Standalone,Burger,2025-06-17,189.0,5464.31,28.91,3.4,16.0,17.0,59129.0,UPI,Drive-thru,Closed,Company Owned
OUT12820,Pizza Hut,Pizza Hut - Leh 15,Leh,Ladakh,834001.0,Food Court,Burger,2023-08-02,167.0,24076.86,144.17,4.0,24.0,19.0,86815.34,Cash,Drive-thru,Open,Franchise
OUT12821,Pizza Hut,Pizza Hut - Raipur 5,Raipur,Chhattisgarh,492001.0,Food Court,Coffee & Snacks,2025-08-22,175.0,22866.96,130.67,3.7,12.0,6.0,47427.46,Cash,Takeaway,Renovation,Franchise
OUT12822,Taco Bell,Taco Bell - Bhopal 15,Bhopal,Madhya Pradesh,682553.0,Standalone,Coffee & Snacks,2024-11-16,161.0,15575.57,96.74,3.9,20.0,10.0,117449.59,UPI,Dine-in,Closed,Company Owned
OUT12823,Domino'S,Domino's - Coimbatore 24,Coimbatore,Tamil Nadu,600001.0,Food Court,Coffee & Snacks,2023-06-05,97.0,27015.48,278.51,4.7,23.0,19.0,118624.68,Cash,Delivery,Open,Company Owned
OUT12824,Burger King,Burger King - Chandigarh 4,Chandigarh,Chandigarh,403001.0,Food Court,Fried Chicken,2025-09-11,153.0,31716.88,207.3,3.6,19.0,29.0,67694.81,Cash,Delivery,Renovation,Company Owned
OUT12825,Taco Bell,Taco Bell - Itanagar 27,Itanagar,Arunachal Pradesh,462001.0,High Street,Fried Chicken,2024-04-05,167.0,27874.12,166.91,3.6,12.0,21.0,121854.82,Cash,Drive-thru,Closed,Franchise
OUT12826,Burger King,Burger King - Lucknow 20,Lucknow,Uttar Pradesh,201301.0,Food Court,Coffee & Snacks,2023-05-30,75.0,10597.59,141.3,3.5,27.0,14.0,78423.81,UPI,Drive-thru,Closed,Franchise
OUT12827,Starbucks,Starbucks - Bhubaneswar 33,Bhubaneswar,Odisha,797001.0,High Street,Tacos,2023-05-14,172.0,22939.9,133.37,4.0,19.0,3.0,46929.68,Cash,Delivery,Open,Franchise
OUT12828,Subway,Subway - Udaipur 18,Udaipur,Rajasthan,313001.0,Standalone,Tacos,2025-05-06,175.0,29841.94,170.53,4.4,21.0,31.0,67619.41,Card,Takeaway,Open,Company Owned
OUT12829,Mcdonald'S,McDonald's - Lucknow 6,Lucknow,Uttar Pradesh,226001.0,Standalone,Burger,2025-02-14,103.0,28130.61,273.11,4.2,21.0,24.0,104608.0,Cash,Delivery,Open,Company Owned
OUT12830,Wendy'S,Wendy's - Jammu 4,Jammu,Jammu And Kashmir,462001.0,Standalone,Tacos,2024-01-05,121.0,16342.99,135.07,3.1,28.0,34.0,133375.25,Cash,Drive-thru,Open,Company Owned
OUT12831,Domino'S,Domino's - Lucknow 15,Lucknow,Uttar Pradesh,221001.0,Drive-Thru,Fried Chicken,2024-06-24,143.0,10174.39,71.15,4.9,5.0,26.0,75304.0,Card,Dine-in,Open,Franchise
OUT12832,Dunkin,Dunkin' - Kavaratti 16,Kavaratti,Lakshadweep,462001.0,Drive-Thru,Coffee & Snacks,2025-08-21,172.0,21655.87,125.91,4.1,10.0,28.0,69287.4,Card,Drive-thru,Open,Company Owned
OUT12833,Domino'S,Domino's - Bengaluru 19,Bengaluru,Karnataka,570001.0,Drive-Thru,Pizza,2024-03-03,191.0,13274.36,69.5,3.6,13.0,20.0,84495.08,Wallet,Delivery,Open,Franchise
OUT12834,Pizza Hut,Pizza Hut - Ludhiana 21,Ludhiana,Punjab,141001.0,High Street,Coffee & Snacks,2024-06-22,108.0,23213.88,214.94,5.0,8.0,35.0,98819.19,Card,Takeaway,Renovation,Company Owned
OUT12835,Subway,Subway - Guwahati 33,Guwahati,Assam,793001.0,High Street,Donuts,2023-02-28,173.0,29100.49,168.21,4.2,27.0,27.0,153627.45,Card,Dine-in,Closed,Company Owned
OUT12836,Pizza Hut,Pizza Hut - Ahmedabad 28,Ahmedabad,Gujarat,395001.0,Food Court,Coffee & Snacks,2025-08-10,163.0,25355.4,155.55,3.4,26.0,27.0,79661.86,Card,Delivery,Open,Franchise
OUT12837,Dunkin',Dunkin' - Itanagar 36,Itanagar,Arunachal Pradesh,744101.0,High Street,Donuts,2023-08-02,137.0,18778.51,137.07,4.3,19.0,26.0,76981.14,UPI,Delivery,Closed,Company Owned
OUT12838,Kfc,KFC - Thiruvananthapuram 26,Thiruvananthapuram,Kerala,781001.0,Drive-Thru,Sandwich,2023-07-16,149.0,16472.56,110.55,3.4,26.0,4.0,146002.49,Cash,Delivery,Open,Franchise
OUT12839,Wendy'S,Wendy's - Thane 14,Thane,Maharashtra,411001.0,Drive-Thru,Pizza,2025-01-21,222.0,14494.19,65.29,4.7,28.0,13.0,94314.3,UPI,Takeaway,Open,Company Owned
OUT12840,Subway,Subway - Kochi 9,Kochi,Kerala,462001.0,Standalone,Fried Chicken,2025-02-21,174.0,16958.43,97.46,3.4,16.0,8.0,80115.17,UPI,Drive-thru,Open,Company Owned
OUT12841,Kfc,KFC - Srinagar 20,Srinagar,Jammu And Kashmir,796001.0,Mall,Sandwich,2024-09-29,130.0,27537.92,211.83,5.0,12.0,18.0,63519.12,Wallet,Delivery,Renovation,Franchise
OUT12842,Pizza Hut,Pizza Hut - Guwahati 32,Guwahati,Assam,800001.0,Mall,Burger,2023-07-23,213.0,20125.71,94.49,3.4,8.0,22.0,115002.21,Wallet,Takeaway,Renovation,Franchise
OUT12843,Dunkin',Dunkin' - Jaipur 13,Jaipur,Rajasthan,313001.0,High Street,Burger,2025-02-03,171.0,3370.13,19.71,4.2,20.0,33.0,75162.85,Wallet,Takeaway,Closed,Franchise
OUT12844,Taco Bell,Taco Bell - Coimbatore 16,Coimbatore,Tamil Nadu,600001.0,Mall,Pizza,2023-07-14,266.0,25909.62,97.4,3.1,8.0,8.0,124288.56,Cash,Delivery,Closed,Franchise
OUT12845,Subway,Subway - Guwahati 30,Guwahati,Assam,171001.0,Standalone,Tacos,2023-06-20,257.0,19632.82,76.39,3.8,22.0,10.0,131128.34,Card,Drive-thru,Open,Company Owned
OUT12846,Wendy'S,Wendy's - Mysuru 26,Mysuru,Karnataka,570001.0,Mall,Fried Chicken,2023-11-22,253.0,29400.11,116.21,3.8,12.0,6.0,82860.76,Cash,Delivery,Closed,Franchise
OUT12847,Dunkin',Dunkin' - Indore 28,Indore,Madhya Pradesh,682553.0,Food Court,Sandwich,2024-05-30,80.0,18451.24,230.64,3.9,23.0,17.0,102833.35,Card,Takeaway,Renovation,Company Owned
OUT12848,Taco Bell,Taco Bell - Panaji 2,Panaji,Goa,248001.0,Food Court,Tacos,2023-12-01,227.0,17884.74,78.79,4.8,11.0,21.0,104245.12,Wallet,Drive-thru,Open,Franchise
OUT12849,Kfc,KFC - Bhubaneswar 3,Bhubaneswar,Odisha,744101.0,Standalone,Sandwich,2023-11-21,137.0,28445.59,207.63,3.6,6.0,32.0,47139.21,UPI,Delivery,Open,Franchise
OUT12850,Dunkin',Dunkin' - Mysuru 36,Mysuru,Karnataka,560001.0,Food Court,Donuts,2025-09-21,159.0,11754.02,73.92,4.5,21.0,25.0,74390.87,Cash,Delivery,Open,Franchise
OUT12851,Mcdonald'S,McDonald's - Coimbatore 21,Coimbatore,Tamil Nadu,641001.0,Standalone,Pizza,2025-01-17,92.0,22081.65,240.02,3.8,21.0,14.0,88895.42,Wallet,Drive-thru,Open,Company Owned
OUT12852,Domino'S,Domino's - Jaipur 9,Jaipur,Rajasthan,302001.0,High Street,Donuts,2025-12-14,155.0,25092.16,161.88,2.8,8.0,27.0,109733.49,Cash,Drive-thru,Renovation,Franchise
OUT12853,Kfc,KFC - Aizawl 10,Aizawl,Mizoram,171001.0,Standalone,Pizza,2024-05-29,133.0,32979.38,247.97,4.8,26.0,34.0,128210.6,Card,Dine-in,Renovation,Franchise
OUT12854,Dunkin,Dunkin' - Coimbatore 33,Coimbatore,Tamil Nadu,600001.0,Drive-Thru,Donuts,2024-06-11,185.0,5821.06,31.47,3.9,7.0,8.0,124989.97,Wallet,Dine-in,Closed,Company Owned
OUT12855,Domino'S,Domino's - Udaipur 21,Udaipur,Rajasthan,313001.0,High Street,Sandwich,2024-12-20,197.0,27358.93,138.88,3.2,24.0,6.0,62121.19,Wallet,Takeaway,Closed,Franchise
OUT12856,Subway,Subway - Surat 19,Surat,Gujarat,395001.0,Mall,Donuts,2024-02-28,74.0,2488.11,33.62,4.5,15.0,31.0,100276.67,Wallet,Takeaway,Closed,Franchise
OUT12857,Starbucks,Starbucks - Gurugram 8,Gurugram,Haryana,492001.0,Drive-Thru,Tacos,2023-01-23,100.0,500.0,5.0,3.9,10.0,17.0,63713.37,UPI,Delivery,Open,Franchise
OUT12858,Domino'S,Domino's - Kavaratti 9,Kavaratti,Lakshadweep,781001.0,High Street,Donuts,2025-01-19,120.0,13038.25,108.65,3.5,13.0,26.0,97417.9,Wallet,Dine-in,Renovation,Franchise
OUT12859,Burger King,Burger King - Noida 40,Noida,Uttar Pradesh,226001.0,High Street,Burger,2023-06-11,163.0,16733.23,102.66,4.1,4.0,24.0,83714.08,Card,Takeaway,Renovation,Franchise
OUT12860,Pizza Hut,Pizza Hut - Kolkata 26,Kolkata,West Bengal,700001.0,Drive-Thru,Coffee & Snacks,2024-07-04,199.0,31365.26,157.61,4.6,13.0,24.0,94724.84,Card,Takeaway,Open,Franchise
OUT12861,Burger King,Burger King - Chennai 12,Chennai,Tamil Nadu,600001.0,Food Court,Donuts,2023-09-13,249.0,22228.47,89.27,3.9,19.0,18.0,105118.44,Wallet,Delivery,Closed,Franchise
OUT12862,Mcdonald'S,McDonald's - Ahmedabad 19,Ahmedabad,Gujarat,395001.0,High Street,Donuts,2024-07-18,164.0,10014.2,61.06,4.0,21.0,26.0,59534.07,Card,Delivery,Closed,Company Owned
OUT12863,Burger King,Burger King - Daman 36,Daman,Dadra And Nagar Haveli And Daman And Diu,492001.0,Food Court,Coffee & Snacks,2023-08-06,73.0,5787.68,79.28,3.8,25.0,16.0,61826.6,UPI,Dine-in,Renovation,Company Owned
OUT12864,Starbucks,Starbucks - Port Blair 15,Port Blair,Andaman And Nicobar Islands,396210.0,High Street,Tacos,2025-05-04,160.0,16021.04,100.13,4.6,23.0,25.0,104717.94,Cash,Dine-in,Closed,Company Owned
OUT12865,Mcdonald'S,McDonald's - Jaipur 36,Jaipur,Rajasthan,313001.0,Standalone,Pizza,2025-12-23,52.0,10212.52,196.39,3.5,30.0,30.0,137223.03,Cash,Takeaway,Closed,Company Owned
OUT12866,Wendy'S,Wendy's - Gangtok 7,Gangtok,Sikkim,248001.0,High Street,Pizza,2023-03-21,162.0,14161.85,87.42,4.3,17.0,8.0,136557.6,Cash,Dine-in,Closed,Company Owned
OUT12867,Burger King,Burger King - Thiruvananthapuram 11,Thiruvananthapuram,Kerala,834001.0,Drive-Thru,Burger,2025-10-09,223.0,8581.93,38.48,3.8,20.0,8.0,106675.01,Card,Delivery,Open,Company Owned
OUT12868,Subway,Subway - Visakhapatnam 5,Visakhapatnam,Andhra Pradesh,744101.0,High Street,Fried Chicken,2024-12-24,81.0,7292.07,90.03,4.2,9.0,15.0,83085.86,Card,Dine-in,Open,Franchise
OUT12869,Taco Bell,Taco Bell - Puducherry 29,Puducherry,Puducherry,744101.0,Drive-Thru,Donuts,2024-11-24,135.0,8722.37,64.61,3.7,12.0,17.0,58397.76,Wallet,Drive-thru,Renovation,Company Owned
OUT12870,Domino'S,Domino's - Lucknow 18,Lucknow,Uttar Pradesh,201301.0,Mall,Pizza,2024-03-14,146.0,18224.92,124.83,3.6,29.0,16.0,59112.54,Card,Drive-thru,Open,Franchise
OUT12871,Subway,Subway - Gangtok 16,Gangtok,Sikkim,795001.0,Standalone,Fried Chicken,2025-05-16,107.0,26188.3,244.75,4.2,10.0,6.0,46219.36,Cash,Delivery,Open,Company Owned
OUT12872,Subway,Subway - Varanasi 22,Varanasi,Uttar Pradesh,201301.0,Drive-Thru,Pizza,2023-07-19,96.0,27674.56,288.28,4.1,8.0,17.0,99999.39,Wallet,Takeaway,Open,Franchise
OUT12873,Taco Bell,Taco Bell - Kolkata 38,Kolkata,West Bengal,700091.0,High Street,Donuts,2025-04-26,117.0,30930.01,264.36,4.0,16.0,26.0,52312.1,Cash,Takeaway,Closed,Franchise
OUT12874,Mcdonald'S,McDonald's - Port Blair 25,Port Blair,Andaman And Nicobar Islands,793001.0,Mall,Burger,2025-03-25,137.0,16562.51,120.89,3.2,30.0,21.0,67226.67,Cash,Dine-in,Open,Franchise
OUT12875,Pizza Hut,Pizza Hut - Visakhapatnam 27,Visakhapatnam,Andhra Pradesh,781001.0,Standalone,Tacos,2024-09-21,156.0,28302.35,181.43,4.7,30.0,2.0,125344.93,UPI,Takeaway,Renovation,Franchise
OUT12876,Subway,Subway - Kolkata 25,Kolkata,West Bengal,700091.0,High Street,Donuts,2023-04-24,87.0,15131.25,173.92,4.7,5.0,7.0,70194.84,UPI,Takeaway,Renovation,Franchise
OUT12877,Wendy'S,Wendy's - Vijayawada 36,Vijayawada,Andhra Pradesh,737101.0,Drive-Thru,Fried Chicken,2024-08-19,126.0,20935.0,166.15,4.1,28.0,29.0,139511.39,Card,Dine-in,Open,Company Owned
OUT12878,Taco Bell,Taco Bell - Visakhapatnam 4,Visakhapatnam,Andhra Pradesh,682553.0,High Street,Pizza,2023-09-10,124.0,18201.41,146.79,4.2,20.0,25.0,54558.34,UPI,Drive-thru,Open,Franchise
OUT12879,Dunkin',Dunkin' - Coimbatore 34,Coimbatore,Tamil Nadu,641001.0,Drive-Thru,Fried Chicken,2025-10-23,88.0,24997.42,284.06,3.1,24.0,20.0,150521.39,Wallet,Drive-thru,Open,Company Owned
OUT12880,Pizza Hut,Pizza Hut - Panaji 24,Panaji,Goa,800001.0,Drive-Thru,Sandwich,2023-09-11,193.0,31339.66,162.38,4.4,21.0,20.0,112995.87,UPI,Takeaway,Open,Company Owned
OUT12881,Subway,Subway - Chennai 36,Chennai,Tamil Nadu,641001.0,Mall,Unknown,2025-11-23,183.0,27983.93,152.92,4.8,13.0,6.0,116754.04,Wallet,Dine-in,Open,Company Owned
OUT12882,Taco Bell,Taco Bell - Ahmedabad 35,Ahmedabad,Gujarat,395001.0,High Street,Tacos,2025-06-20,171.0,17898.09,104.67,3.6,9.0,18.0,76825.48,Card,Delivery,Renovation,Franchise
OUT12883,Dunkin',Dunkin' - Raipur 32,Raipur,Chhattisgarh,800001.0,Food Court,Fried Chicken,2025-10-23,109.0,19286.17,176.94,4.0,28.0,34.0,108708.81,Wallet,Delivery,Open,Franchise
OUT12884,Starbucks,Starbucks - Gurugram 26,Gurugram,Haryana,834001.0,Food Court,Pizza,2024-07-22,166.0,11108.15,66.92,4.1,18.0,32.0,70562.77,Cash,Takeaway,Open,Franchise
OUT12885,Kfc,KFC - Mumbai 12,Mumbai,Maharashtra,400601.0,Standalone,Donuts,2025-09-29,132.0,33157.82,251.2,4.3,24.0,7.0,46220.83,Wallet,Takeaway,Open,Franchise
OUT12886,Burger King,Burger King - Gangtok 24,Gangtok,Sikkim,682553.0,Mall,Coffee & Snacks,2025-08-07,131.0,20735.82,158.29,3.1,24.0,13.0,93621.83,Cash,Drive-thru,Open,Franchise
OUT12887,Wendy'S,Wendy's - Daman 30,Daman,Dadra And Nagar Haveli And Daman And Diu,751001.0,Drive-Thru,Tacos,2025-06-08,57.0,5723.37,100.41,3.3,21.0,29.0,61737.86,Card,Delivery,Open,Company Owned
OUT12888,Domino'S,Domino's - Leh 15,Leh,Ladakh,751001.0,Standalone,Coffee & Snacks,2024-01-27,177.0,500.0,2.82,4.0,19.0,2.0,61259.66,Card,Takeaway,Open,Company Owned
OUT12889,Pizza Hut,Pizza Hut - Vijayawada 31,Vijayawada,Andhra Pradesh,682001.0,Standalone,Coffee & Snacks,2023-03-16,600.0,750000.0,158.54,4.6,6.0,14.0,31118.05,UPI,Drive-thru,Open,Franchise
OUT12890,Domino'S,Domino's - Noida 4,Noida,Uttar Pradesh,221001.0,Mall,Donuts,2024-06-13,81.0,18480.04,228.15,3.8,30.0,13.0,122230.43,UPI,Delivery,Open,Franchise
OUT12891,Taco Bell,Taco Bell - Shimla 21,Shimla,Himachal Pradesh,248001.0,Food Court,Sandwich,2023-04-26,96.0,2963.86,30.87,4.2,8.0,22.0,21270.44,Cash,Takeaway,Open,Company Owned
OUT12892,Starbucks,Starbucks - Ludhiana 15,Ludhiana,Punjab,143001.0,Drive-Thru,Fried Chicken,2025-09-12,146.0,18973.24,129.95,5.0,23.0,10.0,79984.38,Wallet,Takeaway,Closed,Franchise
OUT12893,Subway,Subway - Srinagar 23,Srinagar,Jammu And Kashmir,492001.0,Mall,Coffee & Snacks,2024-07-06,198.0,12133.62,61.28,4.7,23.0,7.0,107978.83,Cash,Takeaway,Renovation,Company Owned
OUT12894,Pizza Hut,Pizza Hut - Bhopal 36,Bhopal,Madhya Pradesh,396210.0,Standalone,Tacos,2023-04-11,145.0,16767.63,115.64,2.9,13.0,23.0,90822.97,Wallet,Dine-in,Closed,Company Owned
OUT12895,Mcdonald'S,McDonald's - Varanasi 8,Varanasi,Uttar Pradesh,221001.0,Standalone,Fried Chicken,2023-08-05,168.0,9588.63,57.08,4.0,20.0,11.0,80327.98,Cash,Drive-thru,Open,Franchise
OUT12896,Dunkin',Dunkin' - Puducherry 39,Puducherry,Puducherry,793001.0,Drive-Thru,Tacos,2023-10-01,160.0,18027.93,112.67,4.4,7.0,13.0,117998.22,Wallet,Dine-in,Open,Franchise
OUT12897,Kfc,KFC - Surat 22,Surat,Gujarat,380001.0,High Street,Pizza,2024-02-22,157.0,15759.57,100.38,4.8,30.0,17.0,73708.36,Wallet,Drive-thru,Renovation,Franchise
OUT12898,Taco Bell,Taco Bell - Gurugram 37,Gurugram,Haryana,781001.0,Drive-Thru,Coffee & Snacks,2025-05-21,177.0,22796.63,128.79,4.1,25.0,30.0,64417.63,UPI,Delivery,Open,Company Owned
OUT12899,Domino'S,Domino's - Guwahati 7,Guwahati,Assam,793001.0,Mall,Sandwich,2024-06-20,128.0,7683.24,60.03,4.2,14.0,32.0,101975.97,UPI,Drive-thru,Open,Company Owned
OUT12900,Starbucks,Starbucks - Imphal 32,Imphal,Manipur,171001.0,Mall,Sandwich,2025-08-11,122.0,25113.68,205.85,2.7,8.0,18.0,93021.34,Cash,Takeaway,Open,Company Owned
OUT12901,Kfc,KFC - Guwahati 1,Guwahati,Assam,492001.0,Drive-Thru,Coffee & Snacks,2025-09-22,150.0,25473.48,169.82,4.8,25.0,3.0,105635.08,Card,Delivery,Open,Franchise
OUT12902,Subway,Subway - Itanagar 21,Itanagar,Arunachal Pradesh,171001.0,Standalone,Donuts,2025-04-09,176.0,14926.79,84.81,4.0,25.0,19.0,58955.07,Wallet,Dine-in,Open,Franchise
OUT12903,Subway,Subway - Puducherry 8,Puducherry,Puducherry,796001.0,Standalone,Fried Chicken,2024-11-26,88.0,13846.79,157.35,4.0,21.0,12.0,107099.45,Card,Dine-in,Closed,Company Owned
OUT12904,Dunkin',Dunkin' - Daman 26,Daman,Dadra And Nagar Haveli And Daman And Diu,781001.0,Mall,Donuts,2023-08-01,86.0,10980.26,127.68,4.1,28.0,6.0,78498.11,Wallet,Dine-in,Open,Franchise
OUT12905,Domino'S,Domino's - Kochi 39,Kochi,Kerala,800001.0,Drive-Thru,Sandwich,2024-07-22,120.0,22015.8,183.47,4.2,26.0,25.0,63892.02,Card,Takeaway,Open,Franchise
OUT12906,Starbucks,Starbucks - Nashik 32,Nashik,Maharashtra,400601.0,High Street,Sandwich,2023-07-14,119.0,12219.27,102.68,4.7,22.0,30.0,90728.34,Cash,Dine-in,Open,Company Owned
OUT12907,Kfc,KFC - Gurugram 29,Gurugram,Haryana,795001.0,High Street,Burger,2025-11-30,134.0,15156.98,113.11,4.1,15.0,2.0,117497.59,UPI,Drive-thru,Renovation,Company Owned
OUT12908,Domino'S,Domino's - Shillong 1,Shillong,Meghalaya,796001.0,Mall,Coffee & Snacks,2025-04-04,17.0,25871.95,1521.88,3.4,27.0,32.0,131340.93,Wallet,Dine-in,Open,Company Owned
OUT12909,Domino'S,Domino's - Puducherry 33,Puducherry,Puducherry,796001.0,Standalone,Sandwich,2024-07-16,185.0,32368.36,174.96,5.0,15.0,28.0,90498.25,UPI,Drive-thru,Renovation,Franchise
OUT12910,Domino'S,Domino's - Surat 6,Surat,Gujarat,395001.0,Food Court,Pizza,2023-06-15,145.0,7523.41,51.89,4.0,29.0,29.0,82989.26,UPI,Dine-in,Open,Company Owned
OUT12911,Subway,Subway - Coimbatore 27,Coimbatore,Tamil Nadu,600001.0,Drive-Thru,Donuts,2025-01-13,148.0,12930.02,87.37,3.4,5.0,8.0,145872.78,UPI,Dine-in,Renovation,Company Owned
OUT12912,Kfc,KFC - Mysuru 7,Mysuru,Karnataka,560001.0,Mall,Fried Chicken,2023-06-27,129.0,14606.78,113.23,4.0,18.0,27.0,89428.18,Wallet,Drive-thru,Renovation,Franchise
OUT12913,Wendy'S,Wendy's - Srinagar 23,Srinagar,Jammu And Kashmir,795001.0,Food Court,Fried Chicken,2025-10-28,120.0,20617.35,171.81,3.9,10.0,21.0,134005.01,Wallet,Dine-in,Open,Company Owned
OUT12914,Pizza Hut,Pizza Hut - Kavaratti 3,Kavaratti,Lakshadweep,793001.0,Mall,Donuts,2025-10-18,169.0,10124.89,59.91,4.8,20.0,21.0,41258.25,UPI,Dine-in,Closed,Company Owned
OUT12915,Dunkin',Dunkin' - Itanagar 24,Itanagar,Arunachal Pradesh,737101.0,High Street,Burger,2025-10-19,130.0,28589.5,219.92,3.7,16.0,14.0,109107.86,Card,Drive-thru,Open,Company Owned
OUT12916,Dunkin',Dunkin' - Lucknow 21,Lucknow,Uttar Pradesh,226001.0,High Street,Donuts,2025-09-24,191.0,18088.67,94.71,3.5,5.0,24.0,123280.99,Card,Drive-thru,Open,Company Owned
OUT12917,Kfc,KFC - New Delhi 32,New Delhi,Delhi,110025.0,Food Court,Sandwich,2024-01-04,172.0,30793.03,179.03,3.7,5.0,23.0,156592.74,UPI,Takeaway,Closed,Company Owned
OUT12918,Starbucks,Starbucks - Vijayawada 2,Vijayawada,Andhra Pradesh,744101.0,Drive-Thru,Coffee & Snacks,2025-10-22,108.0,18762.8,173.73,4.5,15.0,19.0,165260.32,Wallet,Drive-thru,Open,Franchise
OUT12919,Subway,Subway - Guwahati 19,Guwahati,Assam,834001.0,High Street,Coffee & Snacks,2023-01-29,248.0,27311.16,110.13,3.8,17.0,7.0,96745.18,Cash,Drive-thru,Open,Franchise
OUT12920,Kfc,KFC - Itanagar 31,Itanagar,Arunachal Pradesh,797001.0,Drive-Thru,Donuts,2025-03-28,80.0,11052.82,138.16,4.1,17.0,34.0,93412.07,Card,Takeaway,Open,Franchise
OUT12921,Kfc,KFC - Imphal 4,Imphal,Manipur,795001.0,Food Court,Coffee & Snacks,2023-09-28,153.0,21749.55,142.15,4.3,13.0,23.0,93860.21,UPI,Delivery,Open,Franchise
OUT12922,Burger King,Burger King - New Delhi 31,New Delhi,Delhi,110025.0,Standalone,Coffee & Snacks,2024-01-06,178.0,18864.19,105.98,3.3,15.0,15.0,74025.22,UPI,Delivery,Open,Company Owned
OUT12923,Dunkin',Dunkin' - Mysuru 36,Mysuru,Karnataka,560001.0,Food Court,Coffee & Snacks,2025-06-01,155.0,7596.75,49.01,4.3,16.0,19.0,58857.09,UPI,Dine-in,Closed,Company Owned
OUT12924,Starbucks,Starbucks - Leh 34,Leh,Ladakh,403001.0,Standalone,Burger,2023-07-31,170.0,20231.89,119.01,3.1,30.0,35.0,107853.5,Wallet,Dine-in,Open,Company Owned
OUT12925,Mcdonald'S,McDonald's - Aizawl 35,Aizawl,Mizoram,799001.0,Food Court,Sandwich,2024-07-11,154.0,16812.18,109.17,3.2,5.0,23.0,53902.23,UPI,Delivery,Closed,Franchise
OUT12926,Taco Bell,Taco Bell - Agartala 6,Agartala,Tripura,797001.0,Food Court,Tacos,2023-12-26,93.0,17309.3,186.12,3.3,17.0,31.0,94579.58,Card,Takeaway,Open,Company Owned
OUT12927,Domino'S,Domino's - Chandigarh 8,Chandigarh,Chandigarh,396210.0,Drive-Thru,Fried Chicken,2023-10-30,71.0,19580.11,275.78,4.2,17.0,5.0,81932.09,Card,Dine-in,Renovation,Franchise
OUT12928,Burger King,Burger King - Kolkata 22,Kolkata,West Bengal,700001.0,Drive-Thru,Pizza,2023-01-16,146.0,7360.42,50.41,3.7,22.0,18.0,116046.25,Card,Delivery,Open,Company Owned
OUT12929,Kfc,KFC - Agartala 32,Agartala,Tripura,751001.0,High Street,Coffee & Snacks,2024-05-10,193.0,3161.27,16.38,3.5,13.0,18.0,86363.51,Wallet,Dine-in,Renovation,Company Owned
OUT12930,Mcdonald'S,McDonald's - Kolkata 35,Kolkata,West Bengal,700091.0,Standalone,Pizza,2024-04-22,290.0,12668.14,43.68,3.5,4.0,5.0,36209.05,Cash,Dine-in,Closed,Franchise
OUT12931,Domino'S,Domino's - Chennai 23,Chennai,Tamil Nadu,641001.0,Standalone,Donuts,2025-09-16,105.0,11860.83,112.96,4.7,29.0,26.0,76476.96,Wallet,Drive-thru,Open,Franchise
OUT12932,Kfc,KFC - Imphal 9,Imphal,Manipur,492001.0,Drive-Thru,Coffee & Snacks,2025-02-25,134.0,27180.54,202.84,4.1,11.0,21.0,101829.2,Wallet,Delivery,Renovation,Franchise
OUT12933,Taco Bell,Taco Bell - Shimla 37,Shimla,Himachal Pradesh,751001.0,Mall,Sandwich,2023-05-13,133.0,8100.67,60.91,4.6,28.0,17.0,90698.26,UPI,Delivery,Renovation,Franchise
OUT12934,Mcdonald'S,McDonald's - Lucknow 35,Lucknow,Uttar Pradesh,226001.0,Food Court,Tacos,2024-07-17,228.0,27185.91,119.24,4.8,22.0,5.0,157876.04,UPI,Drive-thru,Renovation,Franchise
OUT12935,Taco Bell,Taco Bell - Itanagar 25,Itanagar,Arunachal Pradesh,800001.0,High Street,Fried Chicken,2023-01-02,143.0,26830.44,187.63,4.4,22.0,21.0,90498.25,Cash,Dine-in,Renovation,Company Owned
OUT12936,Burger King,Burger King - Itanagar 7,Itanagar,Arunachal Pradesh,682553.0,High Street,Burger,2023-05-15,254.0,29873.99,117.61,3.3,8.0,2.0,90453.51,Card,Dine-in,Open,Company Owned
OUT12937,Mcdonald'S,McDonald's - Kavaratti 28,Kavaratti,Lakshadweep,800001.0,Standalone,Burger,2023-10-15,135.0,28739.02,212.88,4.5,30.0,27.0,117244.4,Cash,Drive-thru,Closed,Company Owned
OUT12938,Taco Bell,Taco Bell - Chennai 36,Chennai,Tamil Nadu,641001.0,Food Court,Burger,2024-11-12,189.0,14098.33,74.59,4.9,26.0,25.0,73519.49,Cash,Delivery,Renovation,Company Owned
OUT12939,Starbucks,Starbucks - Kolkata 36,Kolkata,West Bengal,700001.0,Mall,Coffee & Snacks,2025-07-24,168.0,28854.82,171.75,4.5,4.0,4.0,42829.11,Cash,Dine-in,Closed,Company Owned
OUT12940,Mcdonald'S,McDonald's - Indore 3,Indore,Madhya Pradesh,800001.0,Drive-Thru,Pizza,2024-02-11,239.0,24938.01,104.34,4.2,25.0,10.0,113563.01,UPI,Delivery,Renovation,Company Owned
OUT12941,Taco Bell,Taco Bell - Dehradun 38,Dehradun,Uttarakhand,403001.0,High Street,Tacos,2023-12-12,154.0,30094.09,195.42,3.0,9.0,21.0,17101.85,Card,Drive-thru,Open,Franchise
OUT12942,Pizza Hut,Pizza Hut - Thane 16,Thane,Maharashtra,440001.0,Standalone,Fried Chicken,2023-11-02,158.0,9169.58,58.04,3.8,11.0,14.0,124335.18,Cash,Takeaway,Renovation,Franchise
OUT12943,Mcdonald'S,McDonald's - Kohima 21,Kohima,Nagaland,462001.0,Drive-Thru,Tacos,2024-06-11,243.0,24774.33,101.95,3.8,12.0,8.0,76726.88,Card,Takeaway,Renovation,Franchise
OUT12944,Domino'S,Domino's - Coimbatore 16,Coimbatore,Tamil Nadu,600001.0,Food Court,Donuts,2023-08-30,84.0,20303.99,241.71,3.9,19.0,33.0,87650.31,Card,Takeaway,Renovation,Franchise
OUT12945,Domino'S,Domino's - Port Blair 17,Port Blair,Andaman And Nicobar Islands,737101.0,Mall,Donuts,2024-12-28,196.0,27678.66,141.22,4.5,25.0,2.0,81404.94,Cash,Dine-in,Open,Company Owned
OUT12946,Domino'S,Domino's - Chandigarh 3,Chandigarh,Chandigarh,682001.0,High Street,Fried Chicken,2025-11-21,145.0,21142.38,145.81,4.1,9.0,32.0,107234.25,Card,Takeaway,Closed,Franchise
OUT12947,Starbucks,Starbucks - Noida 31,Noida,Uttar Pradesh,201301.0,Mall,Coffee & Snacks,2024-04-07,120.0,19174.59,159.79,4.0,17.0,32.0,25351.34,Cash,Takeaway,Renovation,Company Owned
OUT12948,Mcdonald'S,McDonald's - Bhopal 18,Bhopal,Madhya Pradesh,800001.0,High Street,Donuts,2025-10-30,118.0,10928.0,92.61,4.6,19.0,17.0,72386.25,UPI,Delivery,Open,Franchise
OUT12949,Mcdonald'S,McDonald's - Kochi 21,Kochi,Kerala,781001.0,Mall,Fried Chicken,2025-11-26,137.0,11879.09,86.71,4.1,19.0,20.0,102996.41,UPI,Dine-in,Open,Franchise
OUT12950,Mcdonald'S,McDonald's - Gurugram 28,Gurugram,Haryana,737101.0,Mall,Burger,2024-10-17,99.0,21177.99,213.92,4.4,17.0,17.0,62398.34,UPI,Drive-thru,Closed,Company Owned
OUT12951,Pizza Hut,Pizza Hut - Bhopal 39,Bhopal,Madhya Pradesh,751001.0,Mall,Fried Chicken,2025-09-23,78.0,19958.93,255.88,3.3,27.0,17.0,103856.34,UPI,Dine-in,Closed,Franchise
OUT12952,Taco Bell,Taco Bell - Aizawl 17,Aizawl,Mizoram,248001.0,Drive-Thru,Burger,2024-08-07,193.0,24308.06,125.95,3.5,10.0,35.0,76026.15,Wallet,Dine-in,Closed,Company Owned
OUT12953,Kfc,KFC - Faridabad 13,Faridabad,Haryana,737101.0,High Street,Fried Chicken,2025-06-24,166.0,12567.1,75.71,4.1,19.0,23.0,88666.78,Card,Dine-in,Open,Company Owned
OUT12954,Kfc,KFC - Dehradun 28,Dehradun,Uttarakhand,248001.0,Food Court,Tacos,2023-04-25,119.0,26807.52,225.27,3.8,30.0,29.0,89464.33,Card,Delivery,Closed,Company Owned
OUT12955,Mcdonald'S,McDonald's - Ludhiana 23,Ludhiana,Punjab,141001.0,Mall,Pizza,2025-12-14,173.0,28710.79,165.96,4.1,9.0,26.0,133531.39,Wallet,Takeaway,Renovation,Franchise
OUT12956,Pizza Hut,Pizza Hut - Ahmedabad 23,Ahmedabad,Gujarat,395001.0,Drive-Thru,Fried Chicken,2023-04-27,114.0,26263.18,230.38,3.8,16.0,17.0,72657.39,UPI,Delivery,Closed,Franchise
OUT12957,Dunkin',Dunkin' - Guwahati 40,Guwahati,Assam,682001.0,Mall,Tacos,2024-06-17,184.0,24471.27,133.0,3.8,23.0,6.0,46622.72,Cash,Drive-thru,Open,Franchise
OUT12958,Dunkin',Dunkin' - Kohima 8,Kohima,Nagaland,795001.0,Mall,Sandwich,2024-08-20,228.0,28883.88,126.68,4.0,25.0,12.0,98461.69,UPI,Dine-in,Open,Company Owned
OUT12959,Taco Bell,Taco Bell - Nagpur 38,Nagpur,Maharashtra,440001.0,High Street,Coffee & Snacks,2023-04-07,121.0,23297.74,192.54,3.9,14.0,34.0,148320.81,Cash,Takeaway,Open,Company Owned
OUT12960,Wendy'S,Wendy's - Chandigarh 40,Chandigarh,Chandigarh,834001.0,Food Court,Donuts,2025-08-08,234.0,24917.91,106.49,4.3,29.0,9.0,178141.37,Wallet,Delivery,Open,Company Owned
OUT12961,Burger King,Burger King - Kochi 6,Kochi,Kerala,737101.0,High Street,Fried Chicken,2024-07-27,86.0,20749.45,241.27,5.0,25.0,3.0,97285.38,Cash,Takeaway,Closed,Franchise
OUT12962,Subway,Subway - Coimbatore 15,Coimbatore,Tamil Nadu,600001.0,Standalone,Tacos,2023-03-16,202.0,22040.71,109.11,3.5,21.0,28.0,77567.4,Wallet,Takeaway,Renovation,Franchise
OUT12963,Pizza Hut,Pizza Hut - Kavaratti 4,Kavaratti,Lakshadweep,492001.0,Standalone,Burger,2024-02-03,222.0,25517.5,114.94,5.0,8.0,17.0,104705.54,Cash,Takeaway,Renovation,Franchise
OUT12964,Mcdonald'S,McDonald's - Amritsar 23,Amritsar,Punjab,143001.0,Standalone,Pizza,2024-08-12,128.0,27107.27,211.78,3.0,4.0,6.0,103689.25,Cash,Drive-thru,Open,Franchise
OUT12965,Starbucks,Starbucks - Udaipur 21,Udaipur,Rajasthan,302001.0,Food Court,Pizza,2023-03-07,198.0,20948.35,105.8,4.2,23.0,19.0,71302.1,Card,Delivery,Closed,Franchise
OUT12966,Pizza Hut,Pizza Hut - Bhubaneswar 39,Bhubaneswar,Odisha,799001.0,High Street,Sandwich,2023-11-08,282.0,23236.84,82.4,4.2,15.0,28.0,91095.89,Wallet,Takeaway,Open,Company Owned
OUT12967,Dunkin',Dunkin' - Chandigarh 20,Chandigarh,Chandigarh,171001.0,Standalone,Burger,2024-08-18,179.0,14987.17,83.73,3.2,30.0,26.0,163820.51,Wallet,Drive-thru,Open,Company Owned
OUT12968,Taco Bell,Taco Bell - Gangtok 7,Gangtok,Sikkim,403001.0,Mall,Sandwich,2025-02-15,105.0,22275.36,212.15,3.8,13.0,20.0,29596.14,Wallet,Dine-in,Open,Company Owned
OUT12969,Mcdonald'S,McDonald's - Udaipur 11,Udaipur,Rajasthan,313001.0,Standalone,Donuts,2024-09-10,180.0,15184.59,84.36,3.2,11.0,3.0,68829.62,Wallet,Dine-in,Open,Franchise
OUT12970,Taco Bell,Taco Bell - Nashik 29,Nashik,Maharashtra,411001.0,Drive-Thru,Fried Chicken,2023-03-02,105.0,17480.17,166.48,3.5,14.0,33.0,91658.81,Cash,Delivery,Open,Franchise
OUT12971,Burger King,Burger King - Ahmedabad 32,Ahmedabad,Gujarat,380001.0,Food Court,Burger,2023-09-16,175.0,15114.0,86.37,3.5,17.0,14.0,81277.99,Card,Drive-thru,Open,Company Owned
OUT12972,Mcdonald'S,McDonald's - Pune 27,Pune,Maharashtra,411001.0,Mall,Fried Chicken,2023-08-07,130.0,9844.91,75.73,4.2,28.0,31.0,73527.82,UPI,Takeaway,Open,Company Owned
OUT12973,Taco Bell,Taco Bell - Udaipur 36,Udaipur,Rajasthan,302001.0,Drive-Thru,Burger,2025-01-29,46.0,24350.47,529.36,3.5,6.0,15.0,43889.88,UPI,Delivery,Open,Franchise
OUT12974,Mcdonald'S,McDonald's - Lucknow 19,Lucknow,Uttar Pradesh,226001.0,Mall,Tacos,2025-10-07,118.0,23712.54,200.95,3.9,22.0,21.0,96912.18,UPI,Dine-in,Renovation,Franchise
OUT12975,Pizza Hut,Pizza Hut - Lucknow 22,Lucknow,Uttar Pradesh,221001.0,High Street,Donuts,2024-06-24,108.0,22320.23,206.67,5.0,12.0,28.0,78564.35,Wallet,Dine-in,Open,Company Owned
OUT12976,Wendy'S,Wendy's - Gurugram 19,Gurugram,Haryana,171001.0,High Street,Burger,2025-02-16,190.0,24090.14,126.79,3.5,28.0,13.0,103659.74,Cash,Dine-in,Closed,Company Owned
OUT12977,Starbucks,Starbucks - Panaji 29,Panaji,Goa,462001.0,Drive-Thru,Sandwich,2025-01-03,200.0,12357.26,61.79,4.7,19.0,24.0,12292.12,Cash,Delivery,Open,Franchise
OUT12978,Wendy'S,Wendy's - Port Blair 18,Port Blair,Andaman And Nicobar Islands,682001.0,Food Court,Pizza,2023-10-09,122.0,18172.73,148.96,3.0,25.0,33.0,14497.37,UPI,Takeaway,Closed,Franchise
OUT12979,Burger King,Burger King - Kochi 36,Kochi,Kerala,795001.0,Mall,Burger,2024-04-25,146.0,17019.93,116.57,3.9,25.0,11.0,76849.95,Wallet,Drive-thru,Renovation,Franchise
OUT12980,Kfc,KFC - Nagpur 5,Nagpur,Maharashtra,422001.0,Standalone,Sandwich,2024-12-14,197.0,14899.77,75.63,4.1,24.0,22.0,56019.86,Cash,Drive-thru,Renovation,Company Owned
OUT12981,Taco Bell,Taco Bell - Ranchi 2,Ranchi,Jharkhand,834001.0,Drive-Thru,Fried Chicken,2025-11-22,112.0,10381.81,92.69,4.8,8.0,32.0,108335.23,Wallet,Takeaway,Open,Company Owned
OUT12982,Pizza Hut,Pizza Hut - Lucknow 39,Lucknow,Uttar Pradesh,201301.0,High Street,Coffee & Snacks,2024-06-11,73.0,23975.15,328.43,4.0,28.0,3.0,138483.0,Card,Drive-thru,Open,Company Owned
OUT12983,Burger King,Burger King - Udaipur 13,Udaipur,Rajasthan,302001.0,Standalone,Donuts,2025-01-21,166.0,25265.67,152.2,3.5,27.0,13.0,71477.14,Cash,Takeaway,Renovation,Franchise
OUT12984,Subway,Subway - Bengaluru 12,Bengaluru,Karnataka,570001.0,Food Court,Coffee & Snacks,2025-01-25,146.0,24019.37,164.52,3.8,4.0,18.0,80020.87,Cash,Dine-in,Open,Company Owned
OUT12985,Domino'S,Domino's - Aizawl 12,Aizawl,Mizoram,781001.0,Drive-Thru,Sandwich,2023-01-02,166.0,12521.91,75.43,4.4,20.0,20.0,50386.11,Cash,Takeaway,Closed,Franchise
OUT12986,Pizza Hut,Pizza Hut - Jaipur 18,Jaipur,Rajasthan,313001.0,Mall,Sandwich,2023-02-11,134.0,21511.02,160.53,3.0,30.0,5.0,106726.11,UPI,Dine-in,Renovation,Company Owned
OUT12987,Domino'S,Domino's - Surat 23,Surat,Gujarat,395001.0,Standalone,Donuts,2023-07-30,168.0,28159.6,167.62,3.6,22.0,5.0,99008.85,Cash,Delivery,Renovation,Franchise
OUT12988,Starbucks,Starbucks - Nashik 18,Nashik,Maharashtra,411001.0,Food Court,Tacos,2023-11-06,199.0,13931.43,70.01,4.2,28.0,19.0,115891.0,Cash,Drive-thru,Closed,Company Owned
OUT12989,Kfc,KFC - Bhubaneswar 24,Bhubaneswar,Odisha,796001.0,Standalone,Sandwich,2024-07-02,185.0,6558.39,35.45,4.4,8.0,8.0,117818.13,UPI,Dine-in,Renovation,Franchise
OUT12990,Wendy'S,Wendy's - Lucknow 17,Lucknow,Uttar Pradesh,221001.0,Mall,Burger,2025-10-31,165.0,28497.82,172.71,4.5,25.0,4.0,81959.93,UPI,Delivery,Open,Company Owned
OUT12991,Domino'S,Domino's - Patna 8,Patna,Bihar,797001.0,Mall,Pizza,2023-01-19,174.0,18081.24,103.92,3.9,17.0,4.0,68055.27,Cash,Drive-thru,Open,Franchise
OUT12992,Domino'S,Domino's - Ranchi 26,Ranchi,Jharkhand,492001.0,Food Court,Pizza,2024-06-22,200.0,27745.84,138.73,4.4,7.0,20.0,127023.03,Card,Drive-thru,Renovation,Franchise
OUT12993,Wendy'S,Wendy's - Shillong 7,Shillong,Meghalaya,797001.0,Drive-Thru,Donuts,2023-01-29,205.0,19535.63,95.3,3.5,13.0,7.0,67464.12,Card,Drive-thru,Open,Franchise
OUT12994,Dunkin',Dunkin' - Guwahati 27,Guwahati,Assam,403001.0,Mall,Tacos,2025-04-28,112.0,25240.19,225.36,4.9,10.0,11.0,77083.93,Card,Delivery,Open,Company Owned
OUT12995,Kfc,KFC - Nashik 18,Nashik,Maharashtra,400001.0,Standalone,Tacos,2024-09-03,161.0,26252.37,163.06,3.7,25.0,32.0,144902.82,Card,Dine-in,Open,Company Owned
OUT12996,Starbucks,Starbucks - Bhubaneswar 8,Bhubaneswar,Odisha,462001.0,Food Court,Burger,2023-01-15,120.0,26712.03,222.6,4.2,4.0,35.0,56581.15,Wallet,Drive-thru,Open,Company Owned
OUT12997,Burger King,Burger King - Thiruvananthapuram 39,Thiruvananthapuram,Kerala,751001.0,Mall,Pizza,2025-05-10,125.0,17309.28,138.47,4.3,18.0,31.0,142001.32,Wallet,Dine-in,Renovation,Company Owned
OUT12998,Mcdonald'S,McDonald's - Port Blair 10,Port Blair,Andaman And Nicobar Islands,492001.0,Food Court,Fried Chicken,2023-03-18,114.0,14321.84,125.63,3.4,4.0,16.0,92251.65,Wallet,Drive-thru,Closed,Franchise
OUT12999,Burger King,Burger King - Chandigarh 27,Chandigarh,Chandigarh,744101.0,Food Court,Tacos,2023-02-21,138.0,20406.43,147.87,4.2,30.0,29.0,109936.9,Wallet,Drive-thru,Open,Franchise
OUT13000,Wendy'S,Wendy's - Hyderabad 32,Hyderabad,Telangana,500032.0,Mall,Sandwich,2025-10-31,105.0,19597.57,186.64,3.9,18.0,23.0,90985.95,Cash,Delivery,Renovation,Company Owned
